Data_Set	Person_DataEntry	Site_replicate	site_code	site_name	latitude	longitude	coord_precision	altitude	country	locality	site_comments	sampling_date	sampling_participants	sampling_methods	sampling_fixatives	sampling_target	habitat	access_points	sampling_comments	sampling_id	taxon_name	unclassified	taxon_rank	family	genus	specific_epithet	Subspecies	tax_id_confer	tax_id_addendum	identified_on_date	identified_by	verbatim_identification	specimen_quantity	content_description	type_status	occurrence_comments	occurrence_id	data_repository	collection	pub_DOI	pub_authors	pub_year	pub_title	pub_journal	pub_verbatim	gene	seq_specimen_identifier	accession_number	MOTU	sequence_id	seq_comments	
Groundwater Asellidae of Austria (C. Englisch,T. Gall-Andreici, C. Griebler, M. Hämmerle, C. Novotny, R. Veits)	Constanze Englisch			1_21B - 37 - A_37	48,2902278344767	16,4396121921584	<100m		AT		Precision Precise Province: Wien	01/11/2021					Aquatic, Freshwater, Subsurface, Aquifer	Well			Proasellus slavus 		Species	Asellidae	Proasellus	slavus							1				HBTC0337	Project: Heat below the city - University of Vienna														
Groundwater Asellidae of Austria (C. Englisch,T. Gall-Andreici, C. Griebler, M. Hämmerle, C. Novotny, R. Veits)	Constanze Englisch			100 - Harlacken 1 b. Straßwalchen	48,0015117202594	13,2840452836832	<1km		AT		Precision Set close to Haarlacken 1 Province: Salzburg	1952					Aquatic, Freshwater, Subsurface, Aquifer	Well			Proasellus cavaticus 		Species	Asellidae	Proasellus	cavaticus											STYA1293	Literature			Priesel-Dichtl G	1959	Die Grundwasserfauna im Salzburger Becken und im anschließenden Alpenvorland.	Archiv fur Hydrobiologie	Priesel-Dichtl G (1959) Die Grundwasserfauna im Salzburger Becken und im anschließenden Alpenvorland. Archiv fur Hydrobiologie 55: 281–370.							
Groundwater Asellidae of Austria (C. Englisch,T. Gall-Andreici, C. Griebler, M. Hämmerle, C. Novotny, R. Veits)	Constanze Englisch			11_13_21 - 29 - S_29	48,1789703137828	16,4170996370939	<100m		AT		Precision Precise Province: Wien	28/02/2022					Aquatic, Freshwater, Subsurface, Aquifer	Well			Proasellus slavus 		Species	Asellidae	Proasellus	slavus							1				HBTC0384	Project: Heat below the city - University of Vienna														
Groundwater Asellidae of Austria (C. Englisch,T. Gall-Andreici, C. Griebler, M. Hämmerle, C. Novotny, R. Veits)	Constanze Englisch			11_7 - 36 - A_36	48,1536551787215	16,4417296397047	<100m		AT		Precision Precise Province: Wien	09/11/2021					Aquatic, Freshwater, Subsurface, Aquifer	Well			Proasellus slavus 		Species	Asellidae	Proasellus	slavus							7				HBTC0336	Project: Heat below the city - University of Vienna														
Groundwater Asellidae of Austria (C. Englisch,T. Gall-Andreici, C. Griebler, M. Hämmerle, C. Novotny, R. Veits)	Constanze Englisch			11_7_20 - 32 - S_32	48,171289274111	16,4599765230223	<100m		AT		Precision Precise Province: Wien	11/04/2022					Aquatic, Freshwater, Subsurface, Aquifer	Well			Proasellus slavus 		Species	Asellidae	Proasellus	slavus							2				HBTC0385	Project: Heat below the city - University of Vienna														
Groundwater Asellidae of Austria (C. Englisch,T. Gall-Andreici, C. Griebler, M. Hämmerle, C. Novotny, R. Veits)	Constanze Englisch			110 - Lichteneck 1	48,0468368681212	13,2054772377212	<1km		AT		Precision Set close to Lichteneck 1 Province: Oberösterreich	1952					Aquatic, Freshwater, Subsurface, Aquifer	Well			Proasellus cavaticus 		Species	Asellidae	Proasellus	cavaticus											STYA1294	Literature			Priesel-Dichtl G	1959	Die Grundwasserfauna im Salzburger Becken und im anschließenden Alpenvorland.	Archiv fur Hydrobiologie	Priesel-Dichtl G (1959) Die Grundwasserfauna im Salzburger Becken und im anschließenden Alpenvorland. Archiv fur Hydrobiologie 55: 281–370.							
Groundwater Asellidae of Austria (C. Englisch,T. Gall-Andreici, C. Griebler, M. Hämmerle, C. Novotny, R. Veits)	Constanze Englisch			1131_1 - 33 - A_33	48,2000570035616	16,36912172498	<100m		AT		Precision Precise Province: Wien	12/10/2021					Aquatic, Freshwater, Subsurface, Aquifer	Well			Proasellus slavus 		Species	Asellidae	Proasellus	slavus							1				HBTC0335	Project: Heat below the city - University of Vienna														
Groundwater Asellidae of Austria (C. Englisch,T. Gall-Andreici, C. Griebler, M. Hämmerle, C. Novotny, R. Veits)	Constanze Englisch			119 - Aspach 18, Innkreis	48,1865958157155	13,2965655278038	<1km		AT		Precision Set close to Aspach 18 Province: Oberösterreich	1952					Aquatic, Freshwater, Subsurface, Aquifer	Well			Proasellus cavaticus 		Species	Asellidae	Proasellus	cavaticus											STYA1295	Literature			Priesel-Dichtl G	1959	Die Grundwasserfauna im Salzburger Becken und im anschließenden Alpenvorland.	Archiv fur Hydrobiologie	Priesel-Dichtl G (1959) Die Grundwasserfauna im Salzburger Becken und im anschließenden Alpenvorland. Archiv fur Hydrobiologie 55: 281–370.							
Groundwater Asellidae of Austria (C. Englisch,T. Gall-Andreici, C. Griebler, M. Hämmerle, C. Novotny, R. Veits)	Constanze Englisch			12_24 - 169 - S_169	48,1838469657397	16,345711965592	<100m		AT		Precision Precise Province: Wien	09/03/2022					Aquatic, Freshwater, Subsurface, Aquifer	Well			Proasellus slavus 		Species	Asellidae	Proasellus	slavus							4				HBTC0422	Project: Heat below the city - University of Vienna														
Groundwater Asellidae of Austria (C. Englisch,T. Gall-Andreici, C. Griebler, M. Hämmerle, C. Novotny, R. Veits)	Constanze Englisch			127 - Schalchen, Hauptstraße 17	48,1206059911365	13,1594756570592	<1km		AT		Precision Set close to Hauptstraße 17, Schalchen Province: Oberösterreich	1952					Aquatic, Freshwater, Subsurface, Aquifer	Well			Proasellus cavaticus 		Species	Asellidae	Proasellus	cavaticus											STYA1296	Literature			Priesel-Dichtl G	1959	Die Grundwasserfauna im Salzburger Becken und im anschließenden Alpenvorland.	Archiv fur Hydrobiologie	Priesel-Dichtl G (1959) Die Grundwasserfauna im Salzburger Becken und im anschließenden Alpenvorland. Archiv fur Hydrobiologie 55: 281–370.							
Groundwater Asellidae of Austria (C. Englisch,T. Gall-Andreici, C. Griebler, M. Hämmerle, C. Novotny, R. Veits)	Constanze Englisch			129 - Mattighofen, Neudorf 11	48,1148815774654	13,1536346665063	<1km		AT		Precision Set close to Neudorf 11, Mattighofen Province: Oberösterreich	1952					Aquatic, Freshwater, Subsurface, Aquifer	Well			Proasellus cavaticus 		Species	Asellidae	Proasellus	cavaticus											STYA1297	Literature			Priesel-Dichtl G	1959	Die Grundwasserfauna im Salzburger Becken und im anschließenden Alpenvorland.	Archiv fur Hydrobiologie	Priesel-Dichtl G (1959) Die Grundwasserfauna im Salzburger Becken und im anschließenden Alpenvorland. Archiv fur Hydrobiologie 55: 281–370.							
Groundwater Asellidae of Austria (C. Englisch,T. Gall-Andreici, C. Griebler, M. Hämmerle, C. Novotny, R. Veits)	Constanze Englisch			132 - Friedburg 47, Innkreis	48,0202082784252	13,2514815262049	<1km		AT		Precision Set close to Friedburg 47 Province: Oberösterreich	1952					Aquatic, Freshwater, Subsurface, Aquifer	Well			Proasellus cavaticus 		Species	Asellidae	Proasellus	cavaticus											STYA1298	Literature			Priesel-Dichtl G	1959	Die Grundwasserfauna im Salzburger Becken und im anschließenden Alpenvorland.	Archiv fur Hydrobiologie	Priesel-Dichtl G (1959) Die Grundwasserfauna im Salzburger Becken und im anschließenden Alpenvorland. Archiv fur Hydrobiologie 55: 281–370.							
Groundwater Asellidae of Austria (C. Englisch,T. Gall-Andreici, C. Griebler, M. Hämmerle, C. Novotny, R. Veits)	Constanze Englisch			133 - Friedburg Dr. Endstraßer	48,0190284471201	13,2468605962797	<10km		AT		Precision Set close to Friedburg center Province: Oberösterreich	1952					Aquatic, Freshwater, Subsurface, Aquifer	Well			Proasellus cavaticus 		Species	Asellidae	Proasellus	cavaticus											STYA1299	Literature			Priesel-Dichtl G	1959	Die Grundwasserfauna im Salzburger Becken und im anschließenden Alpenvorland.	Archiv fur Hydrobiologie	Priesel-Dichtl G (1959) Die Grundwasserfauna im Salzburger Becken und im anschließenden Alpenvorland. Archiv fur Hydrobiologie 55: 281–370.							
Groundwater Asellidae of Austria (C. Englisch,T. Gall-Andreici, C. Griebler, M. Hämmerle, C. Novotny, R. Veits)	Constanze Englisch			140 - Abern 6, bei Jeging	48,0571044394606	13,1524693438414	<1km		AT		Precision Set close to Abern 6 Province: Oberösterreich	1952					Aquatic, Freshwater, Subsurface, Aquifer	Well			Proasellus cavaticus 		Species	Asellidae	Proasellus	cavaticus											STYA1300	Literature			Priesel-Dichtl G	1959	Die Grundwasserfauna im Salzburger Becken und im anschließenden Alpenvorland.	Archiv fur Hydrobiologie	Priesel-Dichtl G (1959) Die Grundwasserfauna im Salzburger Becken und im anschließenden Alpenvorland. Archiv fur Hydrobiologie 55: 281–370.							
Groundwater Asellidae of Austria (C. Englisch,T. Gall-Andreici, C. Griebler, M. Hämmerle, C. Novotny, R. Veits)	Constanze Englisch			149 - Sollern 1	48,0893142373894	13,1320278581049	<1km		AT		Precision Set close to Sollern 1 Province: Oberösterreich	1952					Aquatic, Freshwater, Subsurface, Aquifer	Well			Proasellus cavaticus 		Species	Asellidae	Proasellus	cavaticus											STYA1301	Literature			Priesel-Dichtl G	1959	Die Grundwasserfauna im Salzburger Becken und im anschließenden Alpenvorland.	Archiv fur Hydrobiologie	Priesel-Dichtl G (1959) Die Grundwasserfauna im Salzburger Becken und im anschließenden Alpenvorland. Archiv fur Hydrobiologie 55: 281–370.							
Groundwater Asellidae of Austria (C. Englisch,T. Gall-Andreici, C. Griebler, M. Hämmerle, C. Novotny, R. Veits)	Constanze Englisch			15 - S. Peilsteiner Straße 15	47,8168193257426	13,0227474741151	<1km		AT		Precision Set close to Peilsteiner Straße 15, Salzburg Province: Salzburg	1948					Aquatic, Freshwater, Subsurface, Aquifer	Well			Proasellus cavaticus 		Species	Asellidae	Proasellus	cavaticus											STYA1277	Literature			Priesel-Dichtl G	1959	Die Grundwasserfauna im Salzburger Becken und im anschließenden Alpenvorland.	Archiv fur Hydrobiologie	Priesel-Dichtl G (1959) Die Grundwasserfauna im Salzburger Becken und im anschließenden Alpenvorland. Archiv fur Hydrobiologie 55: 281–370.							
Groundwater Asellidae of Austria (C. Englisch,T. Gall-Andreici, C. Griebler, M. Hämmerle, C. Novotny, R. Veits)	Constanze Englisch			152 - Pfaffstätt 8	48,0789221307563	13,1425732089406	<1km		AT		Precision Set close to Pfaffstätt 8 Province: Oberösterreich	1952					Aquatic, Freshwater, Subsurface, Aquifer	Well			Proasellus cavaticus 		Species	Asellidae	Proasellus	cavaticus											STYA1302	Literature			Priesel-Dichtl G	1959	Die Grundwasserfauna im Salzburger Becken und im anschließenden Alpenvorland.	Archiv fur Hydrobiologie	Priesel-Dichtl G (1959) Die Grundwasserfauna im Salzburger Becken und im anschließenden Alpenvorland. Archiv fur Hydrobiologie 55: 281–370.							
Groundwater Asellidae of Austria (C. Englisch,T. Gall-Andreici, C. Griebler, M. Hämmerle, C. Novotny, R. Veits)	Constanze Englisch	1		16 - Anif, 34 (Martinsklause)	47,749379	13,066945	<10km		AT		Precision Set close to Anif, Salzburg Province: Salzburg	1948					Aquatic, Freshwater, Subsurface, Aquifer	Well			Proasellus cavaticus 		Species	Asellidae	Proasellus	cavaticus											STYA1278	Literature			Priesel-Dichtl G	1959	Die Grundwasserfauna im Salzburger Becken und im anschließenden Alpenvorland.	Archiv fur Hydrobiologie	Priesel-Dichtl G (1959) Die Grundwasserfauna im Salzburger Becken und im anschließenden Alpenvorland. Archiv fur Hydrobiologie 55: 281–370.							
Groundwater Asellidae of Austria (C. Englisch,T. Gall-Andreici, C. Griebler, M. Hämmerle, C. Novotny, R. Veits)	Constanze Englisch	1		16 - Anif, 34 (Martinsklause)	47,749379	13,066945	<10km		AT		Precision Set close to Anif, Salzburg Province: Salzburg	1950					Aquatic, Freshwater, Subsurface, Aquifer	Well			Proasellus cavaticus 		Species	Asellidae	Proasellus	cavaticus											STYA1279	Literature			Priesel-Dichtl G	1959	Die Grundwasserfauna im Salzburger Becken und im anschließenden Alpenvorland.	Archiv fur Hydrobiologie	Priesel-Dichtl G (1959) Die Grundwasserfauna im Salzburger Becken und im anschließenden Alpenvorland. Archiv fur Hydrobiologie 55: 281–370.							
Groundwater Asellidae of Austria (C. Englisch,T. Gall-Andreici, C. Griebler, M. Hämmerle, C. Novotny, R. Veits)	Constanze Englisch			1651H - 45 - A_45	48,2482498663623	16,4400523386589	<100m		AT		Precision Precise Province: Wien	08/11/2021					Aquatic, Freshwater, Subsurface, Aquifer	Well			Proasellus slavus 		Species	Asellidae	Proasellus	slavus							1				HBTC0338	Project: Heat below the city - University of Vienna														
Groundwater Asellidae of Austria (C. Englisch,T. Gall-Andreici, C. Griebler, M. Hämmerle, C. Novotny, R. Veits)	Constanze Englisch			172 - Haiden 8, bei Braunau	48,2503906150162	13,0469231294746	<1km		AT		Precision Set close to Auf der Haiden 8, Braunau Province: Oberösterreich	1952					Aquatic, Freshwater, Subsurface, Aquifer	Well			Proasellus cavaticus 		Species	Asellidae	Proasellus	cavaticus											STYA1303	Literature			Priesel-Dichtl G	1959	Die Grundwasserfauna im Salzburger Becken und im anschließenden Alpenvorland.	Archiv fur Hydrobiologie	Priesel-Dichtl G (1959) Die Grundwasserfauna im Salzburger Becken und im anschließenden Alpenvorland. Archiv fur Hydrobiologie 55: 281–370.							
Groundwater Asellidae of Austria (C. Englisch,T. Gall-Andreici, C. Griebler, M. Hämmerle, C. Novotny, R. Veits)	Constanze Englisch	2		173 - Lach 8 bei Braunau am Inn	48,2361989044954	13,0544934386146	<1km		AT		Precision Set close to Lach 8 Province: Oberösterreich	1952					Aquatic, Freshwater, Subsurface, Aquifer	Well			Proasellus cavaticus 		Species	Asellidae	Proasellus	cavaticus											STYA1304	Literature			Priesel-Dichtl G	1959	Die Grundwasserfauna im Salzburger Becken und im anschließenden Alpenvorland.	Archiv fur Hydrobiologie	Priesel-Dichtl G (1959) Die Grundwasserfauna im Salzburger Becken und im anschließenden Alpenvorland. Archiv fur Hydrobiologie 55: 281–370.							
Groundwater Asellidae of Austria (C. Englisch,T. Gall-Andreici, C. Griebler, M. Hämmerle, C. Novotny, R. Veits)	Constanze Englisch	2		173 - Lach 8 bei Braunau am Inn	48,2361989044954	13,0544934386146	<1km		AT		Precision Set close to Lach 8 Province: Oberösterreich	10/06/1957					Aquatic, Freshwater, Subsurface, Aquifer	Well	Legator: G. Priesel-Dichtl.		Proasellus slavus salisburgensis		Subspecies	Asellidae	Proasellus	slavus	salisburgensis						7			4 males, 2 females, 1 juvenile.	STYA1327	Literature		http://www.jstor.org/stable/41768681.		1958			Strouhal H (1958) Asellus (Proasellus) im nördlichen Österreich (Isopoda, Asellota). Annalen des Naturhistorischen Museums in Wien: 263–282. Available from: http://www.jstor.org/stable/41768681.							
Groundwater Asellidae of Austria (C. Englisch,T. Gall-Andreici, C. Griebler, M. Hämmerle, C. Novotny, R. Veits)	Constanze Englisch			177 - Burgkirchen 10	48,0426527634146	13,0348924672269	<1km		AT		Precision Set close to Burgkirchen 10 Province: Oberösterreich	1952					Aquatic, Freshwater, Subsurface, Aquifer	Well			Proasellus cavaticus 		Species	Asellidae	Proasellus	cavaticus											STYA1305	Literature			Priesel-Dichtl G	1959	Die Grundwasserfauna im Salzburger Becken und im anschließenden Alpenvorland.	Archiv fur Hydrobiologie	Priesel-Dichtl G (1959) Die Grundwasserfauna im Salzburger Becken und im anschließenden Alpenvorland. Archiv fur Hydrobiologie 55: 281–370.							
Groundwater Asellidae of Austria (C. Englisch,T. Gall-Andreici, C. Griebler, M. Hämmerle, C. Novotny, R. Veits)	Constanze Englisch			179 - Mauerkirchen 29	48,1911642279306	13,1354832350119	<10km		AT		Precision Set close to Mauerkirchen center Province: Oberösterreich	1952					Aquatic, Freshwater, Subsurface, Aquifer	Well			Proasellus cavaticus 		Species	Asellidae	Proasellus	cavaticus											STYA1306	Literature			Priesel-Dichtl G	1959	Die Grundwasserfauna im Salzburger Becken und im anschließenden Alpenvorland.	Archiv fur Hydrobiologie	Priesel-Dichtl G (1959) Die Grundwasserfauna im Salzburger Becken und im anschließenden Alpenvorland. Archiv fur Hydrobiologie 55: 281–370.							
Groundwater Asellidae of Austria (C. Englisch,T. Gall-Andreici, C. Griebler, M. Hämmerle, C. Novotny, R. Veits)	Constanze Englisch			1853_2 - 47 - A_47	48,2741157828226	16,446390961326	<100m		AT		Precision Precise Province: Wien	02/11/2021					Aquatic, Freshwater, Subsurface, Aquifer	Well			Proasellus slavus 		Species	Asellidae	Proasellus	slavus							1				HBTC0339	Project: Heat below the city - University of Vienna														
Groundwater Asellidae of Austria (C. Englisch,T. Gall-Andreici, C. Griebler, M. Hämmerle, C. Novotny, R. Veits)	Constanze Englisch			186 - Pischelsdorf, Schule	48,129680155028	13,086754753836	<1km		AT		Precision Set close to Pischelsdorf, Volksschule Province: Oberösterreich	1952					Aquatic, Freshwater, Subsurface, Aquifer	Well			Proasellus cavaticus 		Species	Asellidae	Proasellus	cavaticus											STYA1307	Literature			Priesel-Dichtl G	1959	Die Grundwasserfauna im Salzburger Becken und im anschließenden Alpenvorland.	Archiv fur Hydrobiologie	Priesel-Dichtl G (1959) Die Grundwasserfauna im Salzburger Becken und im anschließenden Alpenvorland. Archiv fur Hydrobiologie 55: 281–370.							
Groundwater Asellidae of Austria (C. Englisch,T. Gall-Andreici, C. Griebler, M. Hämmerle, C. Novotny, R. Veits)	Constanze Englisch			187 - Pischelsdorf 19	48,130129456132	13,0854263618067	<1km		AT		Precision Set close to Pischelsdorf 19 Province: Oberösterreich	1952					Aquatic, Freshwater, Subsurface, Aquifer	Well			Proasellus cavaticus 		Species	Asellidae	Proasellus	cavaticus											STYA1308	Literature			Priesel-Dichtl G	1959	Die Grundwasserfauna im Salzburger Becken und im anschließenden Alpenvorland.	Archiv fur Hydrobiologie	Priesel-Dichtl G (1959) Die Grundwasserfauna im Salzburger Becken und im anschließenden Alpenvorland. Archiv fur Hydrobiologie 55: 281–370.							
Groundwater Asellidae of Austria (C. Englisch,T. Gall-Andreici, C. Griebler, M. Hämmerle, C. Novotny, R. Veits)	Christoph Novotny			1873.002 - Wolfsthal Marchfeld	48,14087	17,05415	<100m		AT		Precision Precise Province: Niederösterreich	26/08/2024					Aquatic, Freshwater, Subsurface, Aquifer	Well			Proasellus slavus 		Species	Asellidae	Proasellus	slavus							2			Sequence from Lyon	STYA1493	Project: Stygofauna Austriaca - University of Vienna														
Groundwater Asellidae of Austria (C. Englisch,T. Gall-Andreici, C. Griebler, M. Hämmerle, C. Novotny, R. Veits)	Constanze Englisch			1925_004 - 48 - S_48	48,2027027220419	16,4335164585211	<100m		AT		Precision Precise Province: Wien	29/03/2022					Aquatic, Freshwater, Subsurface, Aquifer	Well			Proasellus slavus 		Species	Asellidae	Proasellus	slavus							1				HBTC0386	Project: Heat below the city - University of Vienna														
Groundwater Asellidae of Austria (C. Englisch,T. Gall-Andreici, C. Griebler, M. Hämmerle, C. Novotny, R. Veits)	Constanze Englisch			1925_006 - 49 - S_49	48,1924612543305	16,4313315503006	<100m		AT		Precision Precise Province: Wien	11/04/2022					Aquatic, Freshwater, Subsurface, Aquifer	Well			Proasellus slavus 		Species	Asellidae	Proasellus	slavus							2				HBTC0387	Project: Heat below the city - University of Vienna														
Groundwater Asellidae of Austria (C. Englisch,T. Gall-Andreici, C. Griebler, M. Hämmerle, C. Novotny, R. Veits)	Constanze Englisch			1929_108 - 108 - A_108	48,2175172773396	16,4011315092573	<100m		AT		Precision Precise Province: Wien	17/11/2021					Aquatic, Freshwater, Subsurface, Aquifer	Well			Proasellus slavus 		Species	Asellidae	Proasellus	slavus							1				HBTC0362	Project: Heat below the city - University of Vienna														
Groundwater Asellidae of Austria (C. Englisch,T. Gall-Andreici, C. Griebler, M. Hämmerle, C. Novotny, R. Veits)	Constanze Englisch			1929_108 - 108 - S_108	48,2175172773396	16,4011315092573	<100m		AT		Precision Precise Province: Wien	15/03/2022					Aquatic, Freshwater, Subsurface, Aquifer	Well			Proasellus slavus 		Species	Asellidae	Proasellus	slavus							3				HBTC0407	Project: Heat below the city - University of Vienna														
Groundwater Asellidae of Austria (C. Englisch,T. Gall-Andreici, C. Griebler, M. Hämmerle, C. Novotny, R. Veits)	Constanze Englisch			1933_016 - 53 - A_53	48,2540010992817	16,3666182568225	<100m		AT		Precision Precise Province: Wien	01/12/2021					Aquatic, Freshwater, Subsurface, Aquifer	Well			Proasellus slavus 		Species	Asellidae	Proasellus	slavus							4				HBTC0340	Project: Heat below the city - University of Vienna														
Groundwater Asellidae of Austria (C. Englisch,T. Gall-Andreici, C. Griebler, M. Hämmerle, C. Novotny, R. Veits)	Constanze Englisch			1933_016 - 53 - S_53	48,2540010992817	16,3666182568225	<100m		AT		Precision Precise Province: Wien	29/03/2022					Aquatic, Freshwater, Subsurface, Aquifer	Well			Proasellus slavus 		Species	Asellidae	Proasellus	slavus							4				HBTC0388	Project: Heat below the city - University of Vienna														
Groundwater Asellidae of Austria (C. Englisch,T. Gall-Andreici, C. Griebler, M. Hämmerle, C. Novotny, R. Veits)	Constanze Englisch			2 - Salzburg, Straubinger Str. 4	47,7991237209588	13,0216873397363	<1km		AT		Precision Set close to Straubinger Straße 4, Salzburg Province: Salzburg	1948					Aquatic, Freshwater, Subsurface, Aquifer	Well			Proasellus cavaticus 		Species	Asellidae	Proasellus	cavaticus											STYA1276	Literature			Priesel-Dichtl G	1959	Die Grundwasserfauna im Salzburger Becken und im anschließenden Alpenvorland.	Archiv fur Hydrobiologie	Priesel-Dichtl G (1959) Die Grundwasserfauna im Salzburger Becken und im anschließenden Alpenvorland. Archiv fur Hydrobiologie 55: 281–370.							
Groundwater Asellidae of Austria (C. Englisch,T. Gall-Andreici, C. Griebler, M. Hämmerle, C. Novotny, R. Veits)	Constanze Englisch			21_101 - 60 - A_60	48,2638382240085	16,4312209072207	<100m		AT		Precision Precise Province: Wien	02/11/2021					Aquatic, Freshwater, Subsurface, Aquifer	Well			Proasellus slavus 		Species	Asellidae	Proasellus	slavus							1				HBTC0344	Project: Heat below the city - University of Vienna														
Groundwater Asellidae of Austria (C. Englisch,T. Gall-Andreici, C. Griebler, M. Hämmerle, C. Novotny, R. Veits)	Constanze Englisch			21_29_10 - 56 - A_56	48,2691898502184	16,3795702252509	<100m		AT		Precision Precise Province: Wien	18/10/2021					Aquatic, Freshwater, Subsurface, Aquifer	Well			Proasellus slavus 		Species	Asellidae	Proasellus	slavus							1				HBTC0341	Project: Heat below the city - University of Vienna														
Groundwater Asellidae of Austria (C. Englisch,T. Gall-Andreici, C. Griebler, M. Hämmerle, C. Novotny, R. Veits)	Constanze Englisch			21_34_EBVB09_1 - 5 - A_5	48,2573416459701	16,4233087912016	<100m		AT		Precision Precise Province: Wien	08/11/2021					Aquatic, Freshwater, Subsurface, Aquifer	Well			Proasellus slavus 		Species	Asellidae	Proasellus	slavus							4				HBTC0330	Project: Heat below the city - University of Vienna														
Groundwater Asellidae of Austria (C. Englisch,T. Gall-Andreici, C. Griebler, M. Hämmerle, C. Novotny, R. Veits)	Constanze Englisch			21_34_EBVB09_1 - 5 - S_5	48,2573416459701	16,4233087912016	<100m		AT		Precision Precise Province: Wien	05/04/2022					Aquatic, Freshwater, Subsurface, Aquifer	Well			Proasellus slavus 		Species	Asellidae	Proasellus	slavus							2				HBTC0381	Project: Heat below the city - University of Vienna														
Groundwater Asellidae of Austria (C. Englisch,T. Gall-Andreici, C. Griebler, M. Hämmerle, C. Novotny, R. Veits)	Constanze Englisch			21_34_WS40_1 - 57 - A_57	48,2630158467826	16,4128642143656	<100m		AT		Precision Precise Province: Wien	02/11/2021					Aquatic, Freshwater, Subsurface, Aquifer	Well			Proasellus slavus 		Species	Asellidae	Proasellus	slavus							4				HBTC0342	Project: Heat below the city - University of Vienna														
Groundwater Asellidae of Austria (C. Englisch,T. Gall-Andreici, C. Griebler, M. Hämmerle, C. Novotny, R. Veits)	Constanze Englisch			21_5_5_1 - 59 - A_59	48,3049437284829	16,4344105444552	<100m		AT		Precision Precise Province: Wien	02/11/2021					Aquatic, Freshwater, Subsurface, Aquifer	Well			Proasellus slavus 		Species	Asellidae	Proasellus	slavus							4				HBTC0343	Project: Heat below the city - University of Vienna														
Groundwater Asellidae of Austria (C. Englisch,T. Gall-Andreici, C. Griebler, M. Hämmerle, C. Novotny, R. Veits)	Constanze Englisch			21_5_5_1 - 59 - S_59	48,3049437284829	16,4344105444552	<100m		AT		Precision Precise Province: Wien	05/04/2022					Aquatic, Freshwater, Subsurface, Aquifer	Well			Proasellus slavus 		Species	Asellidae	Proasellus	slavus							2				HBTC0389	Project: Heat below the city - University of Vienna														
Groundwater Asellidae of Austria (C. Englisch,T. Gall-Andreici, C. Griebler, M. Hämmerle, C. Novotny, R. Veits)	Constanze Englisch			21_72 - 62 - A_62	48,284922625503	16,4019939372181	<100m		AT		Precision Precise Province: Wien	18/10/2021					Aquatic, Freshwater, Subsurface, Aquifer	Well			Proasellus slavus 		Species	Asellidae	Proasellus	slavus							3				HBTC0345	Project: Heat below the city - University of Vienna														
Groundwater Asellidae of Austria (C. Englisch,T. Gall-Andreici, C. Griebler, M. Hämmerle, C. Novotny, R. Veits)	Constanze Englisch			21_72 - 62 - S_62	48,284922625503	16,4019939372181	<100m		AT		Precision Precise Province: Wien	05/04/2022					Aquatic, Freshwater, Subsurface, Aquifer	Well			Proasellus slavus 		Species	Asellidae	Proasellus	slavus							7				HBTC0390	Project: Heat below the city - University of Vienna														
Groundwater Asellidae of Austria (C. Englisch,T. Gall-Andreici, C. Griebler, M. Hämmerle, C. Novotny, R. Veits)	Constanze Englisch			216 - Kuchl, Garnai 19	47,6522836316483	13,1291793386727	<1km		AT		Precision Set close to Garnei 19, Kuchl Province: Salzburg	1952					Aquatic, Freshwater, Subsurface, Aquifer	Well			Proasellus cavaticus 		Species	Asellidae	Proasellus	cavaticus											STYA1309	Literature			Priesel-Dichtl G	1959	Die Grundwasserfauna im Salzburger Becken und im anschließenden Alpenvorland.	Archiv fur Hydrobiologie	Priesel-Dichtl G (1959) Die Grundwasserfauna im Salzburger Becken und im anschließenden Alpenvorland. Archiv fur Hydrobiologie 55: 281–370.							
Groundwater Asellidae of Austria (C. Englisch,T. Gall-Andreici, C. Griebler, M. Hämmerle, C. Novotny, R. Veits)	Constanze Englisch			217 - Kuchl 45	47,6271905876858	13,1456636162465	<10km		AT		Precision Set close to Kuchl Gemeindezentrum Province: Salzburg	1952					Aquatic, Freshwater, Subsurface, Aquifer	Well			Proasellus cavaticus 		Species	Asellidae	Proasellus	cavaticus											STYA1310	Literature			Priesel-Dichtl G	1959	Die Grundwasserfauna im Salzburger Becken und im anschließenden Alpenvorland.	Archiv fur Hydrobiologie	Priesel-Dichtl G (1959) Die Grundwasserfauna im Salzburger Becken und im anschließenden Alpenvorland. Archiv fur Hydrobiologie 55: 281–370.							
Groundwater Asellidae of Austria (C. Englisch,T. Gall-Andreici, C. Griebler, M. Hämmerle, C. Novotny, R. Veits)	Constanze Englisch			22_100E - 77 - S_77	48,2202267507361	16,4627523895752	<100m		AT		Precision Precise Province: Wien	12/04/2022					Aquatic, Freshwater, Subsurface, Aquifer	Well			Proasellus slavus 		Species	Asellidae	Proasellus	slavus							3				HBTC0395	Project: Heat below the city - University of Vienna														
Groundwater Asellidae of Austria (C. Englisch,T. Gall-Andreici, C. Griebler, M. Hämmerle, C. Novotny, R. Veits)	Constanze Englisch			22_120 - 78 - S_78	48,24004169146	16,470071455629	<100m		AT		Precision Precise Province: Wien	12/04/2022					Aquatic, Freshwater, Subsurface, Aquifer	Well			Proasellus slavus 		Species	Asellidae	Proasellus	slavus							4				HBTC0396	Project: Heat below the city - University of Vienna														
Groundwater Asellidae of Austria (C. Englisch,T. Gall-Andreici, C. Griebler, M. Hämmerle, C. Novotny, R. Veits)	Constanze Englisch			22_154 - 79 - A_79	48,1957627965725	16,474576487546	<100m		AT		Precision Precise Province: Wien	16/11/2021					Aquatic, Freshwater, Subsurface, Aquifer	Well			Proasellus slavus 		Species	Asellidae	Proasellus	slavus							2				HBTC0351	Project: Heat below the city - University of Vienna														
Groundwater Asellidae of Austria (C. Englisch,T. Gall-Andreici, C. Griebler, M. Hämmerle, C. Novotny, R. Veits)	Constanze Englisch			22_154 - 79 - S_79	48,1957627965725	16,474576487546	<100m		AT		Precision Precise Province: Wien	23/03/2022					Aquatic, Freshwater, Subsurface, Aquifer	Well			Proasellus slavus 		Species	Asellidae	Proasellus	slavus							9				HBTC0397	Project: Heat below the city - University of Vienna														
Groundwater Asellidae of Austria (C. Englisch,T. Gall-Andreici, C. Griebler, M. Hämmerle, C. Novotny, R. Veits)	Constanze Englisch			22_17_4 - 68 - A_68	48,273916053078	16,4779716570534	<100m		AT		Precision Precise Province: Wien	02/11/2021					Aquatic, Freshwater, Subsurface, Aquifer	Well			Proasellus slavus 		Species	Asellidae	Proasellus	slavus							29				HBTC0346	Project: Heat below the city - University of Vienna														
Groundwater Asellidae of Austria (C. Englisch,T. Gall-Andreici, C. Griebler, M. Hämmerle, C. Novotny, R. Veits)	Constanze Englisch			22_17_4 - 68 - S_68	48,273916053078	16,4779716570534	<100m		AT		Precision Precise Province: Wien	06/04/2022					Aquatic, Freshwater, Subsurface, Aquifer	Well			Proasellus slavus 		Species	Asellidae	Proasellus	slavus							9				HBTC0391	Project: Heat below the city - University of Vienna														
Groundwater Asellidae of Austria (C. Englisch,T. Gall-Andreici, C. Griebler, M. Hämmerle, C. Novotny, R. Veits)	Constanze Englisch			22_211 - 82 - A_82	48,2027452484967	16,4536400874302	<100m		AT		Precision Precise Province: Wien	30/11/2021					Aquatic, Freshwater, Subsurface, Aquifer	Well			Proasellus slavus 		Species	Asellidae	Proasellus	slavus							1				HBTC0352	Project: Heat below the city - University of Vienna														
Groundwater Asellidae of Austria (C. Englisch,T. Gall-Andreici, C. Griebler, M. Hämmerle, C. Novotny, R. Veits)	Constanze Englisch			22_221 - 85 - A_85	48,2149385379424	16,4477628653681	<100m		AT		Precision Precise Province: Wien	16/11/2021					Aquatic, Freshwater, Subsurface, Aquifer	Well			Proasellus slavus 		Species	Asellidae	Proasellus	slavus							6				HBTC0353	Project: Heat below the city - University of Vienna														
Groundwater Asellidae of Austria (C. Englisch,T. Gall-Andreici, C. Griebler, M. Hämmerle, C. Novotny, R. Veits)	Constanze Englisch			22_240 - 87 - A_87	48,2507804739254	16,5149399654096	<100m		AT		Precision Precise Province: Wien	03/11/2021					Aquatic, Freshwater, Subsurface, Aquifer	Well			Proasellus slavus 		Species	Asellidae	Proasellus	slavus							1				HBTC0354	Project: Heat below the city - University of Vienna														
Groundwater Asellidae of Austria (C. Englisch,T. Gall-Andreici, C. Griebler, M. Hämmerle, C. Novotny, R. Veits)	Constanze Englisch			22_240 - 87 - S_87	48,2507804739254	16,5149399654096	<100m		AT		Precision Precise Province: Wien	04/04/2022					Aquatic, Freshwater, Subsurface, Aquifer	Well			Proasellus slavus 		Species	Asellidae	Proasellus	slavus							2				HBTC0398	Project: Heat below the city - University of Vienna														
Groundwater Asellidae of Austria (C. Englisch,T. Gall-Andreici, C. Griebler, M. Hämmerle, C. Novotny, R. Veits)	Constanze Englisch			22_246 - 88 - A_88	48,2407465854143	16,5475535165874	<100m		AT		Precision Precise Province: Wien	03/11/2021					Aquatic, Freshwater, Subsurface, Aquifer	Well			Proasellus slavus 		Species	Asellidae	Proasellus	slavus							8				HBTC0355	Project: Heat below the city - University of Vienna														
Groundwater Asellidae of Austria (C. Englisch,T. Gall-Andreici, C. Griebler, M. Hämmerle, C. Novotny, R. Veits)	Constanze Englisch			22_246 - 88 - S_88	48,2407465854143	16,5475535165874	<100m		AT		Precision Precise Province: Wien	23/03/2022					Aquatic, Freshwater, Subsurface, Aquifer	Well			Proasellus slavus 		Species	Asellidae	Proasellus	slavus							6				HBTC0399	Project: Heat below the city - University of Vienna														
Groundwater Asellidae of Austria (C. Englisch,T. Gall-Andreici, C. Griebler, M. Hämmerle, C. Novotny, R. Veits)	Constanze Englisch			22_249 - 89 - A_89	48,251848957164	16,4628037788627	<100m		AT		Precision Precise Province: Wien	08/11/2021					Aquatic, Freshwater, Subsurface, Aquifer	Well			Proasellus slavus 		Species	Asellidae	Proasellus	slavus							7				HBTC0356	Project: Heat below the city - University of Vienna														
Groundwater Asellidae of Austria (C. Englisch,T. Gall-Andreici, C. Griebler, M. Hämmerle, C. Novotny, R. Veits)	Constanze Englisch			22_249 - 89 - S_89	48,251848957164	16,4628037788627	<100m		AT		Precision Precise Province: Wien	12/04/2022					Aquatic, Freshwater, Subsurface, Aquifer	Well			Proasellus slavus 		Species	Asellidae	Proasellus	slavus							3				HBTC0400	Project: Heat below the city - University of Vienna														
Groundwater Asellidae of Austria (C. Englisch,T. Gall-Andreici, C. Griebler, M. Hämmerle, C. Novotny, R. Veits)	Constanze Englisch			22_251 - 90 - S_90	48,2233029740296	16,4361960657415	<100m		AT		Precision Precise Province: Wien	13/04/2022					Aquatic, Freshwater, Subsurface, Aquifer	Well			Proasellus slavus 		Species	Asellidae	Proasellus	slavus							1				HBTC0401	Project: Heat below the city - University of Vienna														
Groundwater Asellidae of Austria (C. Englisch,T. Gall-Andreici, C. Griebler, M. Hämmerle, C. Novotny, R. Veits)	Constanze Englisch			22_257 - 91 - A_91	48,2425172750806	16,4315321051436	<100m		AT		Precision Precise Province: Wien	15/11/2021					Aquatic, Freshwater, Subsurface, Aquifer	Well			Proasellus slavus 		Species	Asellidae	Proasellus	slavus							1				HBTC0357	Project: Heat below the city - University of Vienna														
Groundwater Asellidae of Austria (C. Englisch,T. Gall-Andreici, C. Griebler, M. Hämmerle, C. Novotny, R. Veits)	Constanze Englisch			22_257 - 91 - S_91	48,2425172750806	16,4315321051436	<100m		AT		Precision Precise Province: Wien	13/04/2022					Aquatic, Freshwater, Subsurface, Aquifer	Well			Proasellus slavus 		Species	Asellidae	Proasellus	slavus							1				HBTC0402	Project: Heat below the city - University of Vienna														
Groundwater Asellidae of Austria (C. Englisch,T. Gall-Andreici, C. Griebler, M. Hämmerle, C. Novotny, R. Veits)	Constanze Englisch			22_264 - 93 - A_93	48,259571891247	16,4750483559107	<100m		AT		Precision Precise Province: Wien	02/11/2021					Aquatic, Freshwater, Subsurface, Aquifer	Well			Proasellus slavus 		Species	Asellidae	Proasellus	slavus							6				HBTC0358	Project: Heat below the city - University of Vienna														
Groundwater Asellidae of Austria (C. Englisch,T. Gall-Andreici, C. Griebler, M. Hämmerle, C. Novotny, R. Veits)	Constanze Englisch			22_264 - 93 - S_93	48,259571891247	16,4750483559107	<100m		AT		Precision Precise Province: Wien	06/04/2022					Aquatic, Freshwater, Subsurface, Aquifer	Well			Proasellus slavus 		Species	Asellidae	Proasellus	slavus							1				HBTC0403	Project: Heat below the city - University of Vienna														
Groundwater Asellidae of Austria (C. Englisch,T. Gall-Andreici, C. Griebler, M. Hämmerle, C. Novotny, R. Veits)	Constanze Englisch			22_32 - 94 - A_94	48,2325708620272	16,496246726279	<100m		AT		Precision Precise Province: Wien	13/10/2021					Aquatic, Freshwater, Subsurface, Aquifer	Well			Proasellus slavus 		Species	Asellidae	Proasellus	slavus							9				HBTC0359	Project: Heat below the city - University of Vienna														
Groundwater Asellidae of Austria (C. Englisch,T. Gall-Andreici, C. Griebler, M. Hämmerle, C. Novotny, R. Veits)	Constanze Englisch			22_32 - 94 - S_94	48,2325708620272	16,496246726279	<100m		AT		Precision Precise Province: Wien	08/03/2022					Aquatic, Freshwater, Subsurface, Aquifer	Well			Proasellus slavus 		Species	Asellidae	Proasellus	slavus							2				HBTC0404	Project: Heat below the city - University of Vienna														
Groundwater Asellidae of Austria (C. Englisch,T. Gall-Andreici, C. Griebler, M. Hämmerle, C. Novotny, R. Veits)	Constanze Englisch			22_44_11 - 69 - A_69	48,2215516592606	16,4445069649343	<100m		AT		Precision Precise Province: Wien	11/10/2021					Aquatic, Freshwater, Subsurface, Aquifer	Well			Proasellus slavus 		Species	Asellidae	Proasellus	slavus							8				HBTC0347	Project: Heat below the city - University of Vienna														
Groundwater Asellidae of Austria (C. Englisch,T. Gall-Andreici, C. Griebler, M. Hämmerle, C. Novotny, R. Veits)	Constanze Englisch			22_52 - 95 - A_95	48,2641239266876	16,5386652026237	<100m		AT		Precision Precise Province: Wien	03/11/2021					Aquatic, Freshwater, Subsurface, Aquifer	Well			Proasellus slavus 		Species	Asellidae	Proasellus	slavus							3				HBTC0360	Project: Heat below the city - University of Vienna														
Groundwater Asellidae of Austria (C. Englisch,T. Gall-Andreici, C. Griebler, M. Hämmerle, C. Novotny, R. Veits)	Constanze Englisch			22_52 - 95 - S_95	48,2641239266876	16,5386652026237	<100m		AT		Precision Precise Province: Wien	04/04/2022					Aquatic, Freshwater, Subsurface, Aquifer	Well			Proasellus slavus 		Species	Asellidae	Proasellus	slavus							3				HBTC0405	Project: Heat below the city - University of Vienna														
Groundwater Asellidae of Austria (C. Englisch,T. Gall-Andreici, C. Griebler, M. Hämmerle, C. Novotny, R. Veits)	Constanze Englisch			22_53_21 - 71 - A_71	48,2291863077698	16,4134829894463	<100m		AT		Precision Precise Province: Wien	08/11/2021					Aquatic, Freshwater, Subsurface, Aquifer	Well			Proasellus slavus 		Species	Asellidae	Proasellus	slavus							1				HBTC0348	Project: Heat below the city - University of Vienna														
Groundwater Asellidae of Austria (C. Englisch,T. Gall-Andreici, C. Griebler, M. Hämmerle, C. Novotny, R. Veits)	Constanze Englisch			22_53_21 - 71 - S_71	48,2291863077698	16,4134829894463	<100m		AT		Precision Precise Province: Wien	13/04/2022					Aquatic, Freshwater, Subsurface, Aquifer	Well			Proasellus slavus 		Species	Asellidae	Proasellus	slavus							1				HBTC0392	Project: Heat below the city - University of Vienna														
Groundwater Asellidae of Austria (C. Englisch,T. Gall-Andreici, C. Griebler, M. Hämmerle, C. Novotny, R. Veits)	Constanze Englisch			22_57 - 96 - A_96	48,2247481066005	16,5330455419272	<100m		AT		Precision Precise Province: Wien	15/11/2021					Aquatic, Freshwater, Subsurface, Aquifer	Well			Proasellus slavus 		Species	Asellidae	Proasellus	slavus							3				HBTC0361	Project: Heat below the city - University of Vienna														
Groundwater Asellidae of Austria (C. Englisch,T. Gall-Andreici, C. Griebler, M. Hämmerle, C. Novotny, R. Veits)	Constanze Englisch			22_58_24 - 73 - A_73	48,1874345143649	16,5130004540354	<100m		AT		Precision Precise Province: Wien	22/11/2021					Aquatic, Freshwater, Subsurface, Aquifer	Well			Proasellus slavus 		Species	Asellidae	Proasellus	slavus							4				HBTC0349	Project: Heat below the city - University of Vienna														
Groundwater Asellidae of Austria (C. Englisch,T. Gall-Andreici, C. Griebler, M. Hämmerle, C. Novotny, R. Veits)	Constanze Englisch			22_58_24 - 73 - S_73	48,1874345143649	16,5130004540354	<100m		AT		Precision Precise Province: Wien	21/03/2022					Aquatic, Freshwater, Subsurface, Aquifer	Well			Proasellus slavus 		Species	Asellidae	Proasellus	slavus							20				HBTC0393	Project: Heat below the city - University of Vienna														
Groundwater Asellidae of Austria (C. Englisch,T. Gall-Andreici, C. Griebler, M. Hämmerle, C. Novotny, R. Veits)	Constanze Englisch			22_7_2 - 75 - A_75	48,2590625875601	16,5011296226432	<100m		AT		Precision Precise Province: Wien	03/11/2021					Aquatic, Freshwater, Subsurface, Aquifer	Well			Proasellus slavus 		Species	Asellidae	Proasellus	slavus							4				HBTC0350	Project: Heat below the city - University of Vienna														
Groundwater Asellidae of Austria (C. Englisch,T. Gall-Andreici, C. Griebler, M. Hämmerle, C. Novotny, R. Veits)	Constanze Englisch			22_7_2 - 75 - S_75	48,2590625875601	16,5011296226432	<100m		AT		Precision Precise Province: Wien	04/04/2022					Aquatic, Freshwater, Subsurface, Aquifer	Well			Proasellus slavus 		Species	Asellidae	Proasellus	slavus							3				HBTC0394	Project: Heat below the city - University of Vienna														
Groundwater Asellidae of Austria (C. Englisch,T. Gall-Andreici, C. Griebler, M. Hämmerle, C. Novotny, R. Veits)	Constanze Englisch			22_98 - 101 - S_101	48,2397485103458	16,4545010677099	<100m		AT		Precision Precise Province: Wien	06/04/2022					Aquatic, Freshwater, Subsurface, Aquifer	Well			Proasellus slavus 		Species	Asellidae	Proasellus	slavus							2				HBTC0406	Project: Heat below the city - University of Vienna														
Groundwater Asellidae of Austria (C. Englisch,T. Gall-Andreici, C. Griebler, M. Hämmerle, C. Novotny, R. Veits)	Christoph Novotny			22-154 - Obere Lobau	48,1957628	16,4745765	<100m		AT		Precision Precise Province: Niederösterreich	2024					Aquatic, Freshwater, Subsurface, Aquifer	Well			Proasellus sp. 		Genus	Asellidae	Proasellus	sp.							2				STYA1463	Project: Stygofauna Austriaca - University of Vienna														
Groundwater Asellidae of Austria (C. Englisch,T. Gall-Andreici, C. Griebler, M. Hämmerle, C. Novotny, R. Veits)	Constanze Englisch			224 - Thalgau, Bahnhof	47,84163	13,252546	<10km		AT		Precision Set close to Thalgau center Province: Salzburg	1953					Aquatic, Freshwater, Subsurface, Aquifer	Well			Proasellus cavaticus 		Species	Asellidae	Proasellus	cavaticus											STYA1311	Literature			Priesel-Dichtl G	1959	Die Grundwasserfauna im Salzburger Becken und im anschließenden Alpenvorland.	Archiv fur Hydrobiologie	Priesel-Dichtl G (1959) Die Grundwasserfauna im Salzburger Becken und im anschließenden Alpenvorland. Archiv fur Hydrobiologie 55: 281–370.							
Groundwater Asellidae of Austria (C. Englisch,T. Gall-Andreici, C. Griebler, M. Hämmerle, C. Novotny, R. Veits)	Constanze Englisch			2580 - 13 - A_13	48,2241398185784	16,4762127154088	<100m		AT		Precision Precise Province: Wien	15/11/2021					Aquatic, Freshwater, Subsurface, Aquifer	Well			Proasellus slavus 		Species	Asellidae	Proasellus	slavus							1				HBTC0333	Project: Heat below the city - University of Vienna														
Groundwater Asellidae of Austria (C. Englisch,T. Gall-Andreici, C. Griebler, M. Hämmerle, C. Novotny, R. Veits)	Constanze Englisch			2580 - 13 - S_13	48,2241398185784	16,4762127154088	<100m		AT		Precision Precise Province: Wien	12/04/2022					Aquatic, Freshwater, Subsurface, Aquifer	Well			Proasellus slavus 		Species	Asellidae	Proasellus	slavus							1				HBTC0383	Project: Heat below the city - University of Vienna														
Groundwater Asellidae of Austria (C. Englisch,T. Gall-Andreici, C. Griebler, M. Hämmerle, C. Novotny, R. Veits)	Constanze Englisch			34 - Niederalm 55	47,729025889379	13,0613766689941	<10km		AT		Precision Set close to Gemeindezentrum Niederalm, Salzburg Province: Salzburg	1950					Aquatic, Freshwater, Subsurface, Aquifer	Well			Proasellus cavaticus 		Species	Asellidae	Proasellus	cavaticus											STYA1280	Literature			Priesel-Dichtl G	1959	Die Grundwasserfauna im Salzburger Becken und im anschließenden Alpenvorland.	Archiv fur Hydrobiologie	Priesel-Dichtl G (1959) Die Grundwasserfauna im Salzburger Becken und im anschließenden Alpenvorland. Archiv fur Hydrobiologie 55: 281–370.							
Groundwater Asellidae of Austria (C. Englisch,T. Gall-Andreici, C. Griebler, M. Hämmerle, C. Novotny, R. Veits)	Constanze Englisch			3509_2 - 111 - A_111	48,2092489388957	16,3695733828001	<100m		AT		Precision Precise Province: Wien	20/10/2021					Aquatic, Freshwater, Subsurface, Aquifer	Well			Proasellus slavus 		Species	Asellidae	Proasellus	slavus							1				HBTC0363	Project: Heat below the city - University of Vienna														
Groundwater Asellidae of Austria (C. Englisch,T. Gall-Andreici, C. Griebler, M. Hämmerle, C. Novotny, R. Veits)	Constanze Englisch			3509_2 - 111 - S_111	48,2092489388957	16,3695733828001	<100m		AT		Precision Precise Province: Wien	15/03/2022					Aquatic, Freshwater, Subsurface, Aquifer	Well			Proasellus slavus 		Species	Asellidae	Proasellus	slavus							1				HBTC0408	Project: Heat below the city - University of Vienna														
Groundwater Asellidae of Austria (C. Englisch,T. Gall-Andreici, C. Griebler, M. Hämmerle, C. Novotny, R. Veits)	Constanze Englisch			3522_1_B1 - 112 - A_112	48,2073136110166	16,3752331132934	<100m		AT		Precision Precise Province: Wien	24/11/2021					Aquatic, Freshwater, Subsurface, Aquifer	Well			Proasellus slavus 		Species	Asellidae	Proasellus	slavus							3				HBTC0364	Project: Heat below the city - University of Vienna														
Groundwater Asellidae of Austria (C. Englisch,T. Gall-Andreici, C. Griebler, M. Hämmerle, C. Novotny, R. Veits)	Constanze Englisch			3544_1 - 113 - A_113	48,2047623462261	16,3892959004569	<100m		AT		Precision Precise Province: Wien	12/10/2021					Aquatic, Freshwater, Subsurface, Aquifer	Well			Proasellus slavus 		Species	Asellidae	Proasellus	slavus							11				HBTC0365	Project: Heat below the city - University of Vienna														
Groundwater Asellidae of Austria (C. Englisch,T. Gall-Andreici, C. Griebler, M. Hämmerle, C. Novotny, R. Veits)	Constanze Englisch			3556_1 - 114 - A_114	48,1991624826631	16,3963270179644	<100m		AT		Precision Precise Province: Wien	24/11/2021					Aquatic, Freshwater, Subsurface, Aquifer	Well			Proasellus slavus 		Species	Asellidae	Proasellus	slavus							4				HBTC0366	Project: Heat below the city - University of Vienna														
Groundwater Asellidae of Austria (C. Englisch,T. Gall-Andreici, C. Griebler, M. Hämmerle, C. Novotny, R. Veits)	Constanze Englisch			3556_1 - 114 - S_114	48,1991624826631	16,3963270179644	<100m		AT		Precision Precise Province: Wien	16/03/2022					Aquatic, Freshwater, Subsurface, Aquifer	Well			Proasellus slavus 		Species	Asellidae	Proasellus	slavus							1				HBTC0409	Project: Heat below the city - University of Vienna														
Groundwater Asellidae of Austria (C. Englisch,T. Gall-Andreici, C. Griebler, M. Hämmerle, C. Novotny, R. Veits)	Constanze Englisch			3577_1 - 115 - A_115	48,1936382445515	16,408146200585	<100m		AT		Precision Precise Province: Wien	20/10/2021					Aquatic, Freshwater, Subsurface, Aquifer	Well			Proasellus slavus 		Species	Asellidae	Proasellus	slavus							1				HBTC0367	Project: Heat below the city - University of Vienna														
Groundwater Asellidae of Austria (C. Englisch,T. Gall-Andreici, C. Griebler, M. Hämmerle, C. Novotny, R. Veits)	Constanze Englisch			3609_1A - 116 - A_116	48,1836035559544	16,4111292986705	<100m		AT		Precision Precise Province: Wien	27/10/2021					Aquatic, Freshwater, Subsurface, Aquifer	Well			Proasellus slavus 		Species	Asellidae	Proasellus	slavus							1				HBTC0368	Project: Heat below the city - University of Vienna														
Groundwater Asellidae of Austria (C. Englisch,T. Gall-Andreici, C. Griebler, M. Hämmerle, C. Novotny, R. Veits)	Constanze Englisch			367_1C - 117 - A_117	48,2205441254885	16,3956400361147	<100m		AT		Precision Precise Province: Wien	17/11/2021					Aquatic, Freshwater, Subsurface, Aquifer	Well			Proasellus slavus 		Species	Asellidae	Proasellus	slavus							2				HBTC0369	Project: Heat below the city - University of Vienna														
Groundwater Asellidae of Austria (C. Englisch,T. Gall-Andreici, C. Griebler, M. Hämmerle, C. Novotny, R. Veits)	Constanze Englisch			367_1C - 117 - S_117	48,2205441254885	16,3956400361147	<100m		AT		Precision Precise Province: Wien	16/03/2022					Aquatic, Freshwater, Subsurface, Aquifer	Well			Proasellus slavus 		Species	Asellidae	Proasellus	slavus							1				HBTC0410	Project: Heat below the city - University of Vienna														
Groundwater Asellidae of Austria (C. Englisch,T. Gall-Andreici, C. Griebler, M. Hämmerle, C. Novotny, R. Veits)	Constanze Englisch			37A - 119 - A_119	48,2589853567871	16,3773334734854	<100m		AT		Precision Precise Province: Wien	06/10/2021					Aquatic, Freshwater, Subsurface, Aquifer	Well			Proasellus slavus 		Species	Asellidae	Proasellus	slavus							5				HBTC0370	Project: Heat below the city - University of Vienna														
Groundwater Asellidae of Austria (C. Englisch,T. Gall-Andreici, C. Griebler, M. Hämmerle, C. Novotny, R. Veits)	Constanze Englisch			37A - 119 - S_119	48,2589853567871	16,3773334734854	<100m		AT		Precision Precise Province: Wien	07/03/2022					Aquatic, Freshwater, Subsurface, Aquifer	Well			Proasellus slavus 		Species	Asellidae	Proasellus	slavus							1				HBTC0411	Project: Heat below the city - University of Vienna														
Groundwater Asellidae of Austria (C. Englisch,T. Gall-Andreici, C. Griebler, M. Hämmerle, C. Novotny, R. Veits)	Constanze Englisch			39 - Gnigl, Glockenmühlstr. 9	47,814573141568	13,082736574534	<1km		AT		Precision Set close to Glockenmühlstraße 9, Salzburg Province: Salzburg	24/10/1951					Aquatic, Freshwater, Subsurface, Aquifer	Well	Legator: G. Priesel-Dichtl.		Proasellus strouhali 		Species	Asellidae	Proasellus	strouhali							1			1 female.	STYA1312	Literature		http://www.jstor.org/stable/41768681.		1958			Strouhal H (1958) Asellus (Proasellus) im nördlichen Österreich (Isopoda, Asellota). Annalen des Naturhistorischen Museums in Wien: 263–282. Available from: http://www.jstor.org/stable/41768681.							
Groundwater Asellidae of Austria (C. Englisch,T. Gall-Andreici, C. Griebler, M. Hämmerle, C. Novotny, R. Veits)	Constanze Englisch			40 - S. Grazer Bundesstr. 9	47,8148235333848	13,0715417812975	<1km		AT		Precision Set close to Grazer Bundesstraße 9, Salzburg Province: Salzburg	24/10/1951					Aquatic, Freshwater, Subsurface, Aquifer	Well	Legator: G. Priesel-Dichtl.		Proasellus slavus salisburgensis		Subspecies	Asellidae	Proasellus	slavus	salisburgensis						2			2 females.	STYA1318	Literature		http://www.jstor.org/stable/41768681.		1958			Strouhal H (1958) Asellus (Proasellus) im nördlichen Österreich (Isopoda, Asellota). Annalen des Naturhistorischen Museums in Wien: 263–282. Available from: http://www.jstor.org/stable/41768681.							
Groundwater Asellidae of Austria (C. Englisch,T. Gall-Andreici, C. Griebler, M. Hämmerle, C. Novotny, R. Veits)	Constanze Englisch			42 - Lehen bei Anthering 5	47,872046	13,017773	<1km		AT		Precision Set close to Brunnengasse in Lehen bei Anthering Province: Salzburg	28/10/1951					Aquatic, Freshwater, Subsurface, Aquifer	Well	Legator: G. Priesel-Dichtl.		Proasellus slavus salisburgensis		Subspecies	Asellidae	Proasellus	slavus	salisburgensis						1			1 male.	STYA1319	Literature		http://www.jstor.org/stable/41768681.		1958			Strouhal H (1958) Asellus (Proasellus) im nördlichen Österreich (Isopoda, Asellota). Annalen des Naturhistorischen Museums in Wien: 263–282. Available from: http://www.jstor.org/stable/41768681.							
Groundwater Asellidae of Austria (C. Englisch,T. Gall-Andreici, C. Griebler, M. Hämmerle, C. Novotny, R. Veits)	Constanze Englisch			43 - Lehen bei Anthering 24	47,8737473106678	13,0153396982888	<10km		AT		Precision Set close to Lehen bei Anthering center Province: Salzburg	28/10/1951					Aquatic, Freshwater, Subsurface, Aquifer	Well	Legator: G. Priesel-Dichtl.		Proasellus strouhali 		Species	Asellidae	Proasellus	strouhali							1			1 male. 	STYA1313	Literature		http://www.jstor.org/stable/41768681.		1958			Strouhal H (1958) Asellus (Proasellus) im nördlichen Österreich (Isopoda, Asellota). Annalen des Naturhistorischen Museums in Wien: 263–282. Available from: http://www.jstor.org/stable/41768681.							
Groundwater Asellidae of Austria (C. Englisch,T. Gall-Andreici, C. Griebler, M. Hämmerle, C. Novotny, R. Veits)	Constanze Englisch			44 - Anthering 66	47,8804877038043	13,0123925758038	<10km		AT		Precision Set close to Anthering, Salzburg Province: Salzburg	1951					Aquatic, Freshwater, Subsurface, Aquifer	Well			Proasellus cavaticus 		Species	Asellidae	Proasellus	cavaticus											STYA1281	Literature			Priesel-Dichtl G	1959	Die Grundwasserfauna im Salzburger Becken und im anschließenden Alpenvorland.	Archiv fur Hydrobiologie	Priesel-Dichtl G (1959) Die Grundwasserfauna im Salzburger Becken und im anschließenden Alpenvorland. Archiv fur Hydrobiologie 55: 281–370.							
Groundwater Asellidae of Austria (C. Englisch,T. Gall-Andreici, C. Griebler, M. Hämmerle, C. Novotny, R. Veits)	Constanze Englisch	3		53 - S. Aigner Straße 83	47,7854250386221	13,0807078802473	<1km		AT		Precision Set close to Aigner Straße 83, Salzburg Province: Salzburg	1951					Aquatic, Freshwater, Subsurface, Aquifer	Well			Proasellus cavaticus 		Species	Asellidae	Proasellus	cavaticus											STYA1282	Literature			Priesel-Dichtl G	1959	Die Grundwasserfauna im Salzburger Becken und im anschließenden Alpenvorland.	Archiv fur Hydrobiologie	Priesel-Dichtl G (1959) Die Grundwasserfauna im Salzburger Becken und im anschließenden Alpenvorland. Archiv fur Hydrobiologie 55: 281–370.							
Groundwater Asellidae of Austria (C. Englisch,T. Gall-Andreici, C. Griebler, M. Hämmerle, C. Novotny, R. Veits)	Constanze Englisch	3		53 - S. Aigner Straße 83	47,7854250386221	13,0807078802473	<1km		AT		Precision Set close to Aigner Straße 83, Salzburg Province: Salzburg	1952					Aquatic, Freshwater, Subsurface, Aquifer	Well			Proasellus cavaticus 		Species	Asellidae	Proasellus	cavaticus											STYA1283	Literature			Priesel-Dichtl G	1959	Die Grundwasserfauna im Salzburger Becken und im anschließenden Alpenvorland.	Archiv fur Hydrobiologie	Priesel-Dichtl G (1959) Die Grundwasserfauna im Salzburger Becken und im anschließenden Alpenvorland. Archiv fur Hydrobiologie 55: 281–370.							
Groundwater Asellidae of Austria (C. Englisch,T. Gall-Andreici, C. Griebler, M. Hämmerle, C. Novotny, R. Veits)	Constanze Englisch	3		53 - S. Aigner Straße 83	47,7854250386221	13,0807078802473	<1km		AT		Precision Set close to Aigner Straße 83, Salzburg Province: Salzburg	1951					Aquatic, Freshwater, Subsurface, Aquifer	Well			Proasellus strouhali 		Species	Asellidae	Proasellus	strouhali											STYA1314	Literature			Priesel-Dichtl G	1959	Die Grundwasserfauna im Salzburger Becken und im anschließenden Alpenvorland.	Archiv fur Hydrobiologie	Priesel-Dichtl G (1959) Die Grundwasserfauna im Salzburger Becken und im anschließenden Alpenvorland. Archiv fur Hydrobiologie 55: 281–370.							
Groundwater Asellidae of Austria (C. Englisch,T. Gall-Andreici, C. Griebler, M. Hämmerle, C. Novotny, R. Veits)	Constanze Englisch	3		53 - S. Aigner Straße 83	47,7854250386221	13,0807078802473	<1km		AT		Precision Set close to Aigner Straße 83, Salzburg Province: Salzburg	1952					Aquatic, Freshwater, Subsurface, Aquifer	Well			Proasellus strouhali 		Species	Asellidae	Proasellus	strouhali											STYA1315	Literature			Priesel-Dichtl G	1959	Die Grundwasserfauna im Salzburger Becken und im anschließenden Alpenvorland.	Archiv fur Hydrobiologie	Priesel-Dichtl G (1959) Die Grundwasserfauna im Salzburger Becken und im anschließenden Alpenvorland. Archiv fur Hydrobiologie 55: 281–370.							
Groundwater Asellidae of Austria (C. Englisch,T. Gall-Andreici, C. Griebler, M. Hämmerle, C. Novotny, R. Veits)	Constanze Englisch	3		53 - S. Aigner Straße 83	47,7854250386221	13,0807078802473	<1km		AT		Precision Set close to Aigner Straße 83, Salzburg Province: Salzburg	1951					Aquatic, Freshwater, Subsurface, Aquifer	Well			Proasellus slavus salisburgensis		Subspecies	Asellidae	Proasellus	slavus	salisburgensis										STYA1320	Literature			Priesel-Dichtl G	1959	Die Grundwasserfauna im Salzburger Becken und im anschließenden Alpenvorland.	Archiv fur Hydrobiologie	Priesel-Dichtl G (1959) Die Grundwasserfauna im Salzburger Becken und im anschließenden Alpenvorland. Archiv fur Hydrobiologie 55: 281–370.							
Groundwater Asellidae of Austria (C. Englisch,T. Gall-Andreici, C. Griebler, M. Hämmerle, C. Novotny, R. Veits)	Constanze Englisch	3		53 - S. Aigner Straße 83	47,7854250386221	13,0807078802473	<1km		AT		Precision Set close to Aigner Straße 83, Salzburg Province: Salzburg	1952					Aquatic, Freshwater, Subsurface, Aquifer	Well			Proasellus slavus salisburgensis		Subspecies	Asellidae	Proasellus	slavus	salisburgensis										STYA1321	Literature			Priesel-Dichtl G	1959	Die Grundwasserfauna im Salzburger Becken und im anschließenden Alpenvorland.	Archiv fur Hydrobiologie	Priesel-Dichtl G (1959) Die Grundwasserfauna im Salzburger Becken und im anschließenden Alpenvorland. Archiv fur Hydrobiologie 55: 281–370.							
Groundwater Asellidae of Austria (C. Englisch,T. Gall-Andreici, C. Griebler, M. Hämmerle, C. Novotny, R. Veits)	Constanze Englisch			58 - S. Mayburgerkai 90	47,8188750421015	13,0366188532653	<1km		AT		Precision Set close to Mayburgerkai 90, Salzburg Province: Salzburg	1951					Aquatic, Freshwater, Subsurface, Aquifer	Well			Proasellus cavaticus 		Species	Asellidae	Proasellus	cavaticus											STYA1284	Literature			Priesel-Dichtl G	1959	Die Grundwasserfauna im Salzburger Becken und im anschließenden Alpenvorland.	Archiv fur Hydrobiologie	Priesel-Dichtl G (1959) Die Grundwasserfauna im Salzburger Becken und im anschließenden Alpenvorland. Archiv fur Hydrobiologie 55: 281–370.							
Groundwater Asellidae of Austria (C. Englisch,T. Gall-Andreici, C. Griebler, M. Hämmerle, C. Novotny, R. Veits)	Constanze Englisch			60 - Mattigh., Braunauer Str. 4	48,1071622168853	13,1502906244519	<1km		AT		Precision Set close to Braunauer Straße 4, Mattighofen Province: Oberösterreich	1951					Aquatic, Freshwater, Subsurface, Aquifer	Well			Proasellus cavaticus 		Species	Asellidae	Proasellus	cavaticus											STYA1285	Literature			Priesel-Dichtl G	1959	Die Grundwasserfauna im Salzburger Becken und im anschließenden Alpenvorland.	Archiv fur Hydrobiologie	Priesel-Dichtl G (1959) Die Grundwasserfauna im Salzburger Becken und im anschließenden Alpenvorland. Archiv fur Hydrobiologie 55: 281–370.							
Groundwater Asellidae of Austria (C. Englisch,T. Gall-Andreici, C. Griebler, M. Hämmerle, C. Novotny, R. Veits)	Constanze Englisch			64 - S. Müllner-Brauerei	47,805636891374	13,0331985090848	<10km		AT		Precision Set close to Müllner-Brauerei, Salzburg Province: Salzburg	1951					Aquatic, Freshwater, Subsurface, Aquifer	Well			Proasellus cavaticus 		Species	Asellidae	Proasellus	cavaticus											STYA1286	Literature			Priesel-Dichtl G	1959	Die Grundwasserfauna im Salzburger Becken und im anschließenden Alpenvorland.	Archiv fur Hydrobiologie	Priesel-Dichtl G (1959) Die Grundwasserfauna im Salzburger Becken und im anschließenden Alpenvorland. Archiv fur Hydrobiologie 55: 281–370.							
Groundwater Asellidae of Austria (C. Englisch,T. Gall-Andreici, C. Griebler, M. Hämmerle, C. Novotny, R. Veits)	Constanze Englisch			6520_1n - 123 - S_123	48,2353381241361	16,3739033266721	<100m		AT		Precision Precise Province: Wien	29/03/2022					Aquatic, Freshwater, Subsurface, Aquifer	Well			Proasellus slavus 		Species	Asellidae	Proasellus	slavus							1				HBTC0412	Project: Heat below the city - University of Vienna														
Groundwater Asellidae of Austria (C. Englisch,T. Gall-Andreici, C. Griebler, M. Hämmerle, C. Novotny, R. Veits)	Constanze Englisch			6524_2 - 125 - A_125	48,2358755248475	16,3773966268825	<100m		AT		Precision Precise Province: Wien	01/12/2021					Aquatic, Freshwater, Subsurface, Aquifer	Well			Proasellus slavus 		Species	Asellidae	Proasellus	slavus							1				HBTC0371	Project: Heat below the city - University of Vienna														
Groundwater Asellidae of Austria (C. Englisch,T. Gall-Andreici, C. Griebler, M. Hämmerle, C. Novotny, R. Veits)	Constanze Englisch			6525_5 - 130 - A_130	48,2366265980261	16,3774992719762	<100m		AT		Precision Precise Province: Wien	01/12/2021					Aquatic, Freshwater, Subsurface, Aquifer	Well			Proasellus slavus 		Species	Asellidae	Proasellus	slavus							2				HBTC0372	Project: Heat below the city - University of Vienna														
Groundwater Asellidae of Austria (C. Englisch,T. Gall-Andreici, C. Griebler, M. Hämmerle, C. Novotny, R. Veits)	Constanze Englisch			69 - S. Arenbergstraße 11	47,8004692538045	13,0553453862039	<1km		AT		Precision Set close to Arenbergstraße 11, Salzburg Province: Salzburg	28/11/1951					Aquatic, Freshwater, Subsurface, Aquifer	Well	Legator: G. Priesel-Dichtl.		Proasellus strouhali 		Species	Asellidae	Proasellus	strouhali							3			2 males, 1 female. 	STYA1316	Literature		http://www.jstor.org/stable/41768681.		1958			Strouhal H (1958) Asellus (Proasellus) im nördlichen Österreich (Isopoda, Asellota). Annalen des Naturhistorischen Museums in Wien: 263–282. Available from: http://www.jstor.org/stable/41768681.							
Groundwater Asellidae of Austria (C. Englisch,T. Gall-Andreici, C. Griebler, M. Hämmerle, C. Novotny, R. Veits)	Constanze Englisch			704 - 10 - A_10	48,1956010840228	16,4560188602106	<100m		AT		Precision Precise Province: Wien	06/10/2021					Aquatic, Freshwater, Subsurface, Aquifer	Well			Proasellus slavus 		Species	Asellidae	Proasellus	slavus							1				HBTC0331	Project: Heat below the city - University of Vienna														
Groundwater Asellidae of Austria (C. Englisch,T. Gall-Andreici, C. Griebler, M. Hämmerle, C. Novotny, R. Veits)	Constanze Englisch			74 - S. Stift St. Peter	47,7976444977757	13,0444090052049	<10km		AT		Precision Set close to Stift St. Peter, Salzburg Province: Salzburg	1951					Aquatic, Freshwater, Subsurface, Aquifer	Spring			Proasellus cavaticus 		Species	Asellidae	Proasellus	cavaticus											STYA1287	Literature			Priesel-Dichtl G	1959	Die Grundwasserfauna im Salzburger Becken und im anschließenden Alpenvorland.	Archiv fur Hydrobiologie	Priesel-Dichtl G (1959) Die Grundwasserfauna im Salzburger Becken und im anschließenden Alpenvorland. Archiv fur Hydrobiologie 55: 281–370.							
Groundwater Asellidae of Austria (C. Englisch,T. Gall-Andreici, C. Griebler, M. Hämmerle, C. Novotny, R. Veits)	Constanze Englisch			75 - S. Maxglan, Villagasse 10	47,8031186047287	13,0215420955922	<1km		AT		Precision Set close to Villagasse 10, Salzburg Province: Salzburg	1951					Aquatic, Freshwater, Subsurface, Aquifer	Well			Proasellus cavaticus 		Species	Asellidae	Proasellus	cavaticus											STYA1288	Literature			Priesel-Dichtl G	1959	Die Grundwasserfauna im Salzburger Becken und im anschließenden Alpenvorland.	Archiv fur Hydrobiologie	Priesel-Dichtl G (1959) Die Grundwasserfauna im Salzburger Becken und im anschließenden Alpenvorland. Archiv fur Hydrobiologie 55: 281–370.							
Groundwater Asellidae of Austria (C. Englisch,T. Gall-Andreici, C. Griebler, M. Hämmerle, C. Novotny, R. Veits)	Constanze Englisch	4		76 - S. Zehentmaiergasse 1	47,799531232347	13,0195869109356	<1km		AT		Precision Set close to Zehentmaiergasse 1, Salzburg Province: Salzburg	01/12/1951					Aquatic, Freshwater, Subsurface, Aquifer	Well	Legator: G. Priesel-Dichtl.		Proasellus strouhali 		Species	Asellidae	Proasellus	strouhali							1			1 female.	STYA1317	Literature		http://www.jstor.org/stable/41768681.		1958			Strouhal H (1958) Asellus (Proasellus) im nördlichen Österreich (Isopoda, Asellota). Annalen des Naturhistorischen Museums in Wien: 263–282. Available from: http://www.jstor.org/stable/41768681.							
Groundwater Asellidae of Austria (C. Englisch,T. Gall-Andreici, C. Griebler, M. Hämmerle, C. Novotny, R. Veits)	Constanze Englisch	4		76 - S. Zehentmaiergasse 1	47,799531232347	13,0195869109356	<1km		AT		Precision Set close to Zehentmaiergasse 1, Salzburg Province: Salzburg	01/12/1951					Aquatic, Freshwater, Subsurface, Aquifer	Well	Legator: G. Priesel-Dichtl.		Proasellus slavus salisburgensis		Subspecies	Asellidae	Proasellus	slavus	salisburgensis						1			1 female.	STYA1322	Literature		http://www.jstor.org/stable/41768681.		1958			Strouhal H (1958) Asellus (Proasellus) im nördlichen Österreich (Isopoda, Asellota). Annalen des Naturhistorischen Museums in Wien: 263–282. Available from: http://www.jstor.org/stable/41768681.							
Groundwater Asellidae of Austria (C. Englisch,T. Gall-Andreici, C. Griebler, M. Hämmerle, C. Novotny, R. Veits)	Constanze Englisch			762 - 11 - A_11	48,2198178540577	16,4208450542233	<100m		AT		Precision Precise Province: Wien	06/10/2021					Aquatic, Freshwater, Subsurface, Aquifer	Well			Proasellus slavus 		Species	Asellidae	Proasellus	slavus							2				HBTC0332	Project: Heat below the city - University of Vienna														
Groundwater Asellidae of Austria (C. Englisch,T. Gall-Andreici, C. Griebler, M. Hämmerle, C. Novotny, R. Veits)	Constanze Englisch			762 - 11 - S_11	48,2198178540577	16,4208450542233	<100m		AT		Precision Precise Province: Wien	07/03/2022					Aquatic, Freshwater, Subsurface, Aquifer	Well			Proasellus slavus 		Species	Asellidae	Proasellus	slavus							1				HBTC0382	Project: Heat below the city - University of Vienna														
Groundwater Asellidae of Austria (C. Englisch,T. Gall-Andreici, C. Griebler, M. Hämmerle, C. Novotny, R. Veits)	Constanze Englisch			8_5 - 131 - A_131	48,2094528733423	16,3391306337276	<100m		AT		Precision Precise Province: Wien	29/09/2021					Aquatic, Freshwater, Subsurface, Aquifer	Well			Proasellus slavus 		Species	Asellidae	Proasellus	slavus							1				HBTC0373	Project: Heat below the city - University of Vienna														
Groundwater Asellidae of Austria (C. Englisch,T. Gall-Andreici, C. Griebler, M. Hämmerle, C. Novotny, R. Veits)	Constanze Englisch			8_5 - 131 - S_131	48,2094528733423	16,3391306337276	<100m		AT		Precision Precise Province: Wien	01/03/2022					Aquatic, Freshwater, Subsurface, Aquifer	Well			Proasellus slavus 		Species	Asellidae	Proasellus	slavus							1				HBTC0413	Project: Heat below the city - University of Vienna														
Groundwater Asellidae of Austria (C. Englisch,T. Gall-Andreici, C. Griebler, M. Hämmerle, C. Novotny, R. Veits)	Constanze Englisch			80 - S. Zehentmaiergasse 5	47,7997634076693	13,0199660802484	<1km		AT		Precision Set close to Zehentmaiergasse 5, Salzburg Province: Salzburg	02/12/1951					Aquatic, Freshwater, Subsurface, Aquifer	Well	Legator: G. Priesel-Dichtl.		Proasellus slavus salisburgensis		Subspecies	Asellidae	Proasellus	slavus	salisburgensis						3			2 females, 1 juvenile.	STYA1323	Literature		http://www.jstor.org/stable/41768681.		1958			Strouhal H (1958) Asellus (Proasellus) im nördlichen Österreich (Isopoda, Asellota). Annalen des Naturhistorischen Museums in Wien: 263–282. Available from: http://www.jstor.org/stable/41768681.							
Groundwater Asellidae of Austria (C. Englisch,T. Gall-Andreici, C. Griebler, M. Hämmerle, C. Novotny, R. Veits)	Constanze Englisch			81 - Aigen, Salzachstraße 17	47,7861000362504	13,079193096495	<1km		AT		Precision Set close to Salzachstraße 17, Salzburg Province: Salzburg	1951					Aquatic, Freshwater, Subsurface, Aquifer	Well			Proasellus cavaticus 		Species	Asellidae	Proasellus	cavaticus											STYA1289	Literature			Priesel-Dichtl G	1959	Die Grundwasserfauna im Salzburger Becken und im anschließenden Alpenvorland.	Archiv fur Hydrobiologie	Priesel-Dichtl G (1959) Die Grundwasserfauna im Salzburger Becken und im anschließenden Alpenvorland. Archiv fur Hydrobiologie 55: 281–370.							
Groundwater Asellidae of Austria (C. Englisch,T. Gall-Andreici, C. Griebler, M. Hämmerle, C. Novotny, R. Veits)	Constanze Englisch			84 - S. Peilsteiner Straße 23	47,8172918502344	13,0238196955934	<1km		AT		Precision Set close to Peilsteiner Straße 23, Salzburg Province: Salzburg	1951					Aquatic, Freshwater, Subsurface, Aquifer	Well			Proasellus cavaticus 		Species	Asellidae	Proasellus	cavaticus											STYA1290	Literature			Priesel-Dichtl G	1959	Die Grundwasserfauna im Salzburger Becken und im anschließenden Alpenvorland.	Archiv fur Hydrobiologie	Priesel-Dichtl G (1959) Die Grundwasserfauna im Salzburger Becken und im anschließenden Alpenvorland. Archiv fur Hydrobiologie 55: 281–370.							
Groundwater Asellidae of Austria (C. Englisch,T. Gall-Andreici, C. Griebler, M. Hämmerle, C. Novotny, R. Veits)	Constanze Englisch			85 - S. Dornburggasse 5	47,8176112450826	13,0231923090857	<1km		AT		Precision Set close to Dornberggasse 5, Salzburg Province: Salzburg	1951					Aquatic, Freshwater, Subsurface, Aquifer	Well			Proasellus cavaticus 		Species	Asellidae	Proasellus	cavaticus											STYA1291	Literature			Priesel-Dichtl G	1959	Die Grundwasserfauna im Salzburger Becken und im anschließenden Alpenvorland.	Archiv fur Hydrobiologie	Priesel-Dichtl G (1959) Die Grundwasserfauna im Salzburger Becken und im anschließenden Alpenvorland. Archiv fur Hydrobiologie 55: 281–370.							
Groundwater Asellidae of Austria (C. Englisch,T. Gall-Andreici, C. Griebler, M. Hämmerle, C. Novotny, R. Veits)	Constanze Englisch			99 - Nößltal 5 bei Straßwalchen	47,997487901869	13,3228481388829	<1km		AT		Precision Set close to Nößlthal 5 Province: Oberösterreich	1952					Aquatic, Freshwater, Subsurface, Aquifer	Well			Proasellus cavaticus 		Species	Asellidae	Proasellus	cavaticus											STYA1292	Literature			Priesel-Dichtl G	1959	Die Grundwasserfauna im Salzburger Becken und im anschließenden Alpenvorland.	Archiv fur Hydrobiologie	Priesel-Dichtl G (1959) Die Grundwasserfauna im Salzburger Becken und im anschließenden Alpenvorland. Archiv fur Hydrobiologie 55: 281–370.							
Groundwater Asellidae of Austria (C. Englisch,T. Gall-Andreici, C. Griebler, M. Hämmerle, C. Novotny, R. Veits)	Raphael Veits	5		A90	48,1606931147455	16,5387306889079	<100m		AT		Precision Precise Province: Wien Geodata from Lobau Messstellen Database.	13/01/1988					Aquatic, Freshwater, Subsurface, Aquifer	Well			Proasellus slavus vindobonensis		Subspecies	Asellidae	Proasellus	slavus	vindobonensis						15				STYA1378	Literature			Pospisil P	1989	Acanthocyclops gmeineri n. sp. (Crustacea, Copepoda) aus dem Grundwasser von Wien (Österreich): Bemerkungen zur Zoogeographie und zur Sauerstoffsituation des Grundwassers am Fundort.	Zoologischer Anzeiger	Pospisil P (1989) Acanthocyclops gmeineri n. sp. (Crustacea, Copepoda) aus dem Grundwasser von Wien (Österreich): Bemerkungen zur Zoogeographie und zur Sauerstoffsituation des Grundwassers am Fundort. Zoologischer Anzeiger 223(3–4), 220–230							
Groundwater Asellidae of Austria (C. Englisch,T. Gall-Andreici, C. Griebler, M. Hämmerle, C. Novotny, R. Veits)	Raphael Veits	5		A90	48,1606931147455	16,5387306889079	<100m		AT		Precision Precise Province: Wien Geodata from Lobau Messstellen Database.	19/07/1988					Aquatic, Freshwater, Subsurface, Aquifer	Well			Proasellus slavus vindobonensis		Subspecies	Asellidae	Proasellus	slavus	vindobonensis						18				STYA1379	Literature			Pospisil P	1989	Acanthocyclops gmeineri n. sp. (Crustacea, Copepoda) aus dem Grundwasser von Wien (Österreich): Bemerkungen zur Zoogeographie und zur Sauerstoffsituation des Grundwassers am Fundort.	Zoologischer Anzeiger	Pospisil P (1989) Acanthocyclops gmeineri n. sp. (Crustacea, Copepoda) aus dem Grundwasser von Wien (Österreich): Bemerkungen zur Zoogeographie und zur Sauerstoffsituation des Grundwassers am Fundort. Zoologischer Anzeiger 223(3–4), 220–230							
Groundwater Asellidae of Austria (C. Englisch,T. Gall-Andreici, C. Griebler, M. Hämmerle, C. Novotny, R. Veits)	Constanze Englisch	6		Aignerstraße 86, Salzburg-Stadt	47,7809427206552	13,0809090347516	<1km		AT		Precision Set close to Aignerstraße 86, Salzburg Province: Salzburg. Original description of species, location is locus typicus.	26/04/1956					Aquatic, Freshwater, Subsurface, Aquifer	Well	Legator: G. Priesel-Dichtl.		Proasellus slavus salisburgensis		Subspecies	Asellidae	Proasellus	slavus	salisburgensis						12		Holotype	1 male, 3.6 mm lg., 1 female, 3.7 mm lg. (Holotype), and 10 juveniles.	STYA1326	Literature		http://www.jstor.org/stable/41768681		1958			Strouhal H (1958) Asellus (Proasellus) im nördlichen Österreich (Isopoda, Asellota). Annalen des Naturhistorischen Museums in Wien: 263–282. Available from: http://www.jstor.org/stable/41768681.							
Groundwater Asellidae of Austria (C. Englisch,T. Gall-Andreici, C. Griebler, M. Hämmerle, C. Novotny, R. Veits)	Constanze Englisch	6		Aignerstraße 86, Salzburg-Stadt	47,7809427206552	13,0809090347516	<1km		AT		Precision Set close to Aignerstraße 86, Salzburg Province: Salzburg	10/11/1951					Aquatic, Freshwater, Subsurface, Aquifer	Well	Legator: G. Priesel-Dichtl.		Proasellus strouhali 		Species	Asellidae	Proasellus	strouhali							1			1 female.	STYA1328	Literature		http://www.jstor.org/stable/41768681.		1958			Strouhal H (1958) Asellus (Proasellus) im nördlichen Österreich (Isopoda, Asellota). Annalen des Naturhistorischen Museums in Wien: 263–282. Available from: http://www.jstor.org/stable/41768681.							
Groundwater Asellidae of Austria (C. Englisch,T. Gall-Andreici, C. Griebler, M. Hämmerle, C. Novotny, R. Veits)	Christoph Novotny	7		BASCHGGR - Baschghöhle bei Übersaxen (1112/1)	47,25	9,67	<100m		AT		Precision Precise Province: Vorarlberg	06/06/2015					Aquatic, Freshwater, Subsurface, Aquifer, Karst	Cave	Collectors: Breuss W. & Stoch F.		Proasellus cavaticus 		Species	Asellidae	Proasellus	cavaticus							1				STYA1438	OnlineDatabase_WorldAsellidaeDatabase	PROASELLUS_CAVATICUS|BASCHGGR_201506												GenBank_Accession_OR254984(16S)_OR291751(CO1)	1
Groundwater Asellidae of Austria (C. Englisch,T. Gall-Andreici, C. Griebler, M. Hämmerle, C. Novotny, R. Veits)	Christoph Novotny	7		BASCHGGR - Baschghöhle bei Übersaxen (1112/1)	47,25	9,67	<100m		AT		Precision Precise Province: Vorarlberg	06/06/2015					Aquatic, Freshwater, Subsurface, Aquifer, Karst	Cave	Collectors: Breuss W. & Stoch F.		Proasellus cavaticus 		Species	Asellidae	Proasellus	cavaticus							1				STYA1439	OnlineDatabase_WorldAsellidaeDatabase	PROASELLUS_CAVATICUS|BASCHGGR_201506												GenBank_Accession_OR254985(16S)	1
Groundwater Asellidae of Austria (C. Englisch,T. Gall-Andreici, C. Griebler, M. Hämmerle, C. Novotny, R. Veits)	Christoph Novotny	7		BASCHGGR - Baschghöhle bei Übersaxen (1112/1)	47,25	9,67	<100m		AT		Precision Precise Province: Vorarlberg	06/06/2015					Aquatic, Freshwater, Subsurface, Aquifer, Karst	Cave	Collectors: Breuss W. & Stoch F.		Proasellus cavaticus 		Species	Asellidae	Proasellus	cavaticus							1				STYA1440	OnlineDatabase_WorldAsellidaeDatabase	PROASELLUS_CAVATICUS|BASCHGGR_201506												GenBank_Accession_OR254986(16S)_OR291752(CO1)	1
Groundwater Asellidae of Austria (C. Englisch,T. Gall-Andreici, C. Griebler, M. Hämmerle, C. Novotny, R. Veits)	Constanze Englisch	8		Baschghöhle bei Übersaxen (1112/1)	47,2504596	9,6676694	<100m		AT		Precision Set close to cave entrance Province: Vorarlberg	30/09/1990					Aquatic, Freshwater, Subsurface, Aquifer, Karst	Cave	Caught by hand.		Proasellus cavaticus 		Species	Asellidae	Proasellus	cavaticus							4			1 female on the first date, 1 male and 2 females on the second date.	STYA1339	Literature			Breuss W	1995	Zum Vorkommen von Arthropoden in einigen Höhlen Vorarlbergs (Österreich).	Berichte des naturwissenschaftlichen-medizinischen Verein Innsbruck.	Breuss W (1995) Zum Vorkommen von Arthropoden in einigen Höhlen Vorarlbergs (Österreich). Berichte des naturwissenschaftlichen-medizinischen Verein Innsbruck 82: 227–240.							
Groundwater Asellidae of Austria (C. Englisch,T. Gall-Andreici, C. Griebler, M. Hämmerle, C. Novotny, R. Veits)	Constanze Englisch	8		Baschghöhle bei Übersaxen (1112/1)	47,2504596	9,6676694	<100m		AT		Precision Set close to cave entrance Province: Vorarlberg	27/04/1991					Aquatic, Freshwater, Subsurface, Aquifer, Karst	Cave	Caught by hand.		Proasellus cavaticus 		Species	Asellidae	Proasellus	cavaticus							3			2 female on the first date, 1 female and on the second date.	STYA1340	Literature			Breuss W	1995	Breuss W (1995) Zum Vorkommen von Arthropoden in einigen Höhlen Vorarlbergs (Österreich). Berichte des naturwissenschaftlichen-medizinischen Verein Innsbruck 82: 227–240.	Berichte des naturwissenschaftlichen-medizinischen Verein Innsbruck.	Breuss W (1995) Zum Vorkommen von Arthropoden in einigen Höhlen Vorarlbergs (Österreich). Berichte des naturwissenschaftlichen-medizinischen Verein Innsbruck 82: 227–240.							
Groundwater Asellidae of Austria (C. Englisch,T. Gall-Andreici, C. Griebler, M. Hämmerle, C. Novotny, R. Veits)	Constanze Englisch	8		Baschghöhle bei Übersaxen (1112/1)	47,2504596	9,6676694	<100m		AT		Precision Set close to cave entrance Province: Vorarlberg	26/04/1992					Aquatic, Freshwater, Subsurface, Aquifer, Karst	Cave	Caught by hand.		Proasellus cavaticus 		Species	Asellidae	Proasellus	cavaticus							1			1 female. 	STYA1341	Literature			Breuss W	1995	Breuss W (1995) Zum Vorkommen von Arthropoden in einigen Höhlen Vorarlbergs (Österreich). Berichte des naturwissenschaftlichen-medizinischen Verein Innsbruck 82: 227–240.	Berichte des naturwissenschaftlichen-medizinischen Verein Innsbruck.	Breuss W (1995) Zum Vorkommen von Arthropoden in einigen Höhlen Vorarlbergs (Österreich). Berichte des naturwissenschaftlichen-medizinischen Verein Innsbruck 82: 227–240.							
Groundwater Asellidae of Austria (C. Englisch,T. Gall-Andreici, C. Griebler, M. Hämmerle, C. Novotny, R. Veits)	Max Hämmerle	8		Baschghöhle bei Übersaxen (1112/1)	47,2504596	9,6676694	<10km		AT		Precision Set close to coordinates taken from Atlas der Spinnentiere Europas (https://atlas.arages.de/location/14873) Province: Vorarlberg						Aquatic, Freshwater, Subsurface, Aquifer, Karst	Cave			Proasellus cavaticus 		Species	Asellidae	Proasellus	cavaticus											STYA1364	Literature			Breuss W	2004	Bemerkungen zur Wirbellosenfauna von Höhlen Vorarlbergs und angrenzender Gebiete.	Vorarlberger Naturschau	Breuss W (2004) Bemerkungen zur Wirbellosenfauna von Höhlen Vorarlbergs und angrenzender Gebiete. Vorarlberger Naturschau 15: 127–138.  							
Groundwater Asellidae of Austria (C. Englisch,T. Gall-Andreici, C. Griebler, M. Hämmerle, C. Novotny, R. Veits)	Constanze Englisch			Bou-Rouch Eberschüttwasser	48,16325	16,545202	<10km		AT		Precision Set close to Eberschüttwasser near Kreuzgrundtraverse Province: Wien. Depth: 0.5 - 0.7 m below the bottom of the lake.	05/1975					Aquatic, Freshwater, Subsurface, Aquifer, Saturated, Hyporheic Zone	Hyporheic zone	Sample taken after a period of high water level. Sediment consisted mainly of fine sand. At later visits, no isopods could be found anymore.		Proasellus slavus 		Species	Asellidae	Proasellus	slavus											STYA1324	Literature		10.5038/1827-806x.8.4.2		1976			Danielopol DL (1976) Sur la distribution géographique de la faune interstitielle du Danube et de certains de ses affluents en Basse-Autriche. International Journal of Speleology 8: 323–329. https://doi.org/10.5038/1827-806x.8.4.2							
Groundwater Asellidae of Austria (C. Englisch,T. Gall-Andreici, C. Griebler, M. Hämmerle, C. Novotny, R. Veits)	Constanze Englisch			Bou-Rouch March a - 003	48,174175	16,974347	<1km		AT		Precision Set close to the left side Danube river bank at Danube km 1880, 50 m upstream of the March and 1.5 m from the left Danube river bank Province: Niederösterreich. Depth: 1.35 m. 	28/09/1973					Aquatic, Freshwater, Subsurface, Aquifer, Saturated, Hyporheic Zone	Hyporheic zone			Proasellus slavus 		Species	Asellidae	Proasellus	slavus							2				STYA1346	Literature	WorldAsellidaeDatabase_PROASELLUS_SLAVUS_SLAVUS|DANUBJAG_197300	10.5038/1827-806x.8.1.3		1976			Danielopol DL (1976) The distribution of the fauna in the interstitial habitats of riverine sediments of the Danube and the Piesting (Austria). International Journal of Speleology 8: 23–51. https://doi.org/10.5038/1827-806x.8.1.3							
Groundwater Asellidae of Austria (C. Englisch,T. Gall-Andreici, C. Griebler, M. Hämmerle, C. Novotny, R. Veits)	Constanze Englisch			Bou-Rouch Piesting 	48,0200277039303	16,4844722412438	<10km		AT		Precision Set close to Point on Map Province: Niederösterreich						Aquatic, Freshwater, Subsurface, Aquifer, Saturated, Hyporheic Zone	Hyporheic zone			Proasellus slavus 		Species	Asellidae	Proasellus	slavus										This entry is uncertain.	STYA1272	Literature		10.5038/1827-806x.8.4.2		1976			Danielopol DL (1976) Sur la distribution géographique de la faune interstitielle du Danube et de certains de ses affluents en Basse-Autriche. International Journal of Speleology 8: 323–329. https://doi.org/10.5038/1827-806x.8.4.2							
Groundwater Asellidae of Austria (C. Englisch,T. Gall-Andreici, C. Griebler, M. Hämmerle, C. Novotny, R. Veits)	Constanze Englisch			Bou-Rouch Seebach	47,85493	15,062654	<1km		AT		Precision Set close to Seebach in Lunz am See, opposite of the biological station (and Point on Map) Province: Niederösterreich						Aquatic, Freshwater, Subsurface, Aquifer, Saturated, Hyporheic Zone	Hyporheic zone	Drilling with the Bou-Rouch pump in the sediments of the Seebach (tributary of the Ybbs). Isopods were regularly found at depth of 0.50 m to 1.40 m.		Proasellus slavus 		Species	Asellidae	Proasellus	slavus											STYA1274	Literature		10.5038/1827-806x.8.4.2		1976			Danielopol DL (1976) Sur la distribution géographique de la faune interstitielle du Danube et de certains de ses affluents en Basse-Autriche. International Journal of Speleology 8: 323–329. https://doi.org/10.5038/1827-806x.8.4.2							
Groundwater Asellidae of Austria (C. Englisch,T. Gall-Andreici, C. Griebler, M. Hämmerle, C. Novotny, R. Veits)	Christoph Novotny			Brandgrabenhöhle bei Hallstatt (1546/5)	47,54972	13,63167	<100m		AT		Precision Set close to cave entrance Province: Oberösterreich						Aquatic, Freshwater, Subsurface, Aquifer, Karst	Cave			Proasellus cavaticus 		Species	Asellidae	Proasellus	cavaticus											STYA1371	Literature			Strouhal H | Vornatscher J	1975	Katalog der rezenten Höhlentiere Österreichs.	Ann. Naturhistor. Mus. Wien	Strouhal H, Vornatscher J (1975) Katalog der rezenten Höhlentiere Österreichs. Ann. Naturhistor. Mus. Wien 79: 137 - 151.							
Groundwater Asellidae of Austria (C. Englisch,T. Gall-Andreici, C. Griebler, M. Hämmerle, C. Novotny, R. Veits)	Constanze Englisch			Brunnen 22. Bezirk Siedlung Neu-Straßäcker	48,223083	16,466383	<1km		AT		Precision Set close to Siedlung Neu-Straßäcker (according to: https://www.geschichtewiki.wien.gv.at/Siedlungsanlage_Neustra%C3%9F%C3%A4cker) Province: Wien	1972					Aquatic, Freshwater, Subsurface, Aquifer	Well			Proasellus slavus vindobonensis		Species	Asellidae	Proasellus	slavus	vindobonensis										STYA1260	Literature			Vornatscher J	1972	Die Tierwelt des Grundwassers – Leben im Dunkeln.	Die Naturgeschichte Wiens. Band II (Naturnahe Landschaften, Pflanzen- und Tierwelt). Arbeitsgemeinschaft im Institut für Wissenschaft und Kunst, Wien-München.	Vornatscher J (1972) Die Tierwelt des Grundwassers – Leben im Dunkeln. In: Ehrendorfer F, Kaltenbach A, Niklfeld H, Starmühler F (Eds), Die Naturgeschichte Wiens. Band II (Naturnahe Landschaften, Pflanzen- und Tierwelt). Arbeitsgemeinschaft im Institut für Wissenschaft und Kunst, Wien-München, 659–674.							
Groundwater Asellidae of Austria (C. Englisch,T. Gall-Andreici, C. Griebler, M. Hämmerle, C. Novotny, R. Veits)	Constanze Englisch			Brunnen in Lauterach Nr. 306 bei Bregenz	47,474845	9,725717	<10km		AT		Precision Set close to Lauterach center Province: Vorarlberg	02/01/1934					Aquatic, Freshwater, Subsurface, Aquifer	Well			Proasellus cavaticus 		Species	Asellidae	Proasellus	cavaticus							1			Legator: Ing. Soschka. 1 female.	STYA1337	Literature		http://www.jstor.org/stable/41768681.		1958			Strouhal H (1958) Asellus (Proasellus) im nördlichen Österreich (Isopoda, Asellota). Annalen des Naturhistorischen Museums in Wien: 263–282. Available from: http://www.jstor.org/stable/41768681.							
Groundwater Asellidae of Austria (C. Englisch,T. Gall-Andreici, C. Griebler, M. Hämmerle, C. Novotny, R. Veits)	Constanze Englisch			Brunnen Langenzersdorf	48,3106725747553	16,3575676274467	<1km		AT		Precision Set close to Gemeindeamt Langenzersdorf, Hauptplatz 10, 2103 Langenzersdorf Province: Wien. Schacht- und Schlagbrunnen. 	1972					Aquatic, Freshwater, Subsurface, Aquifer	Well			Proasellus strouhali 		Species	Asellidae	Proasellus	strouhali											STYA1259	Literature			Vornatscher J	1972	Die Tierwelt des Grundwassers – Leben im Dunkeln.	Die Naturgeschichte Wiens. Band II (Naturnahe Landschaften, Pflanzen- und Tierwelt). Arbeitsgemeinschaft im Institut für Wissenschaft und Kunst, Wien-München.	Vornatscher J (1972) Die Tierwelt des Grundwassers – Leben im Dunkeln. In: Ehrendorfer F, Kaltenbach A, Niklfeld H, Starmühler F (Eds), Die Naturgeschichte Wiens. Band II (Naturnahe Landschaften, Pflanzen- und Tierwelt). Arbeitsgemeinschaft im Institut für Wissenschaft und Kunst, Wien-München, 659–674.							
Groundwater Asellidae of Austria (C. Englisch,T. Gall-Andreici, C. Griebler, M. Hämmerle, C. Novotny, R. Veits)	Constanze Englisch			Buchenbrünnl am Anninger	48,0512212156746	16,240998986647	<10km		AT		Precision Set close to Buchbrunnen beim Anninger Province: Niederösterreich								Legator: J. Vornatscher. 		Proasellus strouhali 		Species	Asellidae	Proasellus	strouhali										According to Strouhal H (1958) Asellus (Proasellus) im nördlichen Österreich (Isopoda, Asellota). Annalen des Naturhistorischen Museums in Wien: 263–282. Available from: http://www.jstor.org/stable/41768681. the probability of the specimen being P. strouhali is very high, however he did not get to see the animals himself. Can also be found in, where Danielopol DL (1976) Sur la distribution géographique de la faune interstitielle du Danube et de certains de ses affluents en Basse-Autriche. International Journal of Speleology 8: 323–329. https://doi.org/10.5038/1827-806x.8.4.2. states that the distribution of P. strouhali in this area (lower Austria) is much more limited than that of P. slavus. AND IN Vornatscher J (1972) Die Tierwelt des Grundwassers – Leben im Dunkeln. In: Ehrendorfer F, Kaltenbach A, Niklfeld H, Starmühler F (Eds), Die Naturgeschichte Wiens. Band II (Naturnahe Landschaften, Pflanzen- und Tierwelt). Arbeitsgemeinschaft im Institut für Wissenschaft und Kunst, Wien-München, 659–674. 	STYA1334	Literature		http://www.jstor.org/stable/41768681.		1958			Strouhal H (1958) Asellus (Proasellus) im nördlichen Österreich (Isopoda, Asellota). Annalen des Naturhistorischen Museums in Wien: 263–282. Available from: http://www.jstor.org/stable/41768681.							
Groundwater Asellidae of Austria (C. Englisch,T. Gall-Andreici, C. Griebler, M. Hämmerle, C. Novotny, R. Veits)	Raphael Veits			D03	48,1641429855371	16,5455906906218	<100m		AT		Precision Precise Province: Wien Grundwaserkurs: Geodata from Lobau Messstellen Database	14/02/2022					Aquatic, Freshwater, Subsurface, Aquifer	Well			Proasellus slavus 		Species	Asellidae	Proasellus	slavus							2				STYA1386	Andreas Fuchs Personal Data														
Groundwater Asellidae of Austria (C. Englisch,T. Gall-Andreici, C. Griebler, M. Hämmerle, C. Novotny, R. Veits)	Raphael Veits	9		D05	48,1642250401823	16,5454867069324	<100m		AT		Precision Precise Province: Wien Grundwaserkurs: Geodata from Lobau Messstellen Database	10/02/2020					Aquatic, Freshwater, Subsurface, Aquifer	Well			Proasellus slavus 		Species	Asellidae	Proasellus	slavus							25				STYA1387	Andreas Fuchs Personal Data														
Groundwater Asellidae of Austria (C. Englisch,T. Gall-Andreici, C. Griebler, M. Hämmerle, C. Novotny, R. Veits)	Raphael Veits	9		D05	48,1642250401823	16,5454867069324	<100m		AT		Precision Precise Province: Wien Grundwaserkurs: Geodata from Lobau Messstellen Database	10/02/2020					Aquatic, Freshwater, Subsurface, Aquifer	Well			Proasellus cavaticus 		Species	Asellidae	Proasellus	cavaticus							8				STYA1394	Andreas Fuchs Personal Data														
Groundwater Asellidae of Austria (C. Englisch,T. Gall-Andreici, C. Griebler, M. Hämmerle, C. Novotny, R. Veits)	Raphael Veits	9		D05	48,1642250401823	16,5454867069324	<100m		AT		Precision Precise Province: Wien Geodata from Lobau Messstellen Database	04/03/2021					Aquatic, Freshwater, Subsurface, Aquifer	Well			Proasellus cavaticus 		Species	Asellidae	Proasellus	cavaticus							4				STYA1400	Santiago Gaviria Personal Data														
Groundwater Asellidae of Austria (C. Englisch,T. Gall-Andreici, C. Griebler, M. Hämmerle, C. Novotny, R. Veits)	Raphael Veits	9		D05	48,1642250401823	16,5454867069324	<100m		AT		Precision Precise Province: Wien Geodata from Lobau Messstellen Database	09/12/2020					Aquatic, Freshwater, Subsurface, Aquifer	Well			Proasellus slavus 		Species	Asellidae	Proasellus	slavus							1				STYA1408	Santiago Gaviria Personal Data														
Groundwater Asellidae of Austria (C. Englisch,T. Gall-Andreici, C. Griebler, M. Hämmerle, C. Novotny, R. Veits)	Raphael Veits	9		D05	48,1642250401823	16,5454867069324	<100m		AT		Precision Precise Province: Wien Geodata from Lobau Messstellen Database	12/01/2021					Aquatic, Freshwater, Subsurface, Aquifer	Well			Proasellus sp. 		Genus	Asellidae	Proasellus	sp.							3			only females	STYA1411	Santiago Gaviria Personal Data														
Groundwater Asellidae of Austria (C. Englisch,T. Gall-Andreici, C. Griebler, M. Hämmerle, C. Novotny, R. Veits)	Raphael Veits	9		D05	48,1642250401823	16,5454867069324	<100m		AT		Precision Precise Province: Wien Geodata from Lobau Messstellen Database	02/02/2021					Aquatic, Freshwater, Subsurface, Aquifer	Well			Proasellus sp. 		Genus	Asellidae	Proasellus	sp.							1			only females	STYA1412	Santiago Gaviria Personal Data														
Groundwater Asellidae of Austria (C. Englisch,T. Gall-Andreici, C. Griebler, M. Hämmerle, C. Novotny, R. Veits)	Raphael Veits	9		D05	48,1642250401823	16,5454867069324	<100m		AT		Precision Precise Province: Wien Geodata from Lobau Messstellen Database	04/05/2021					Aquatic, Freshwater, Subsurface, Aquifer	Well			Proasellus sp. 		Genus	Asellidae	Proasellus	sp.							9			only females	STYA1413	Santiago Gaviria Personal Data														
Groundwater Asellidae of Austria (C. Englisch,T. Gall-Andreici, C. Griebler, M. Hämmerle, C. Novotny, R. Veits)	Raphael Veits	9		D05	48,1642250401823	16,5454867069324	<100m		AT		Precision Precise Province: Wien Geodata from Lobau Messstellen Database	12/01/2021					Aquatic, Freshwater, Subsurface, Aquifer	Well			Proasellus sp. 		Genus	Asellidae	Proasellus	sp.							1			juvenile	STYA1414	Santiago Gaviria Personal Data														
Groundwater Asellidae of Austria (C. Englisch,T. Gall-Andreici, C. Griebler, M. Hämmerle, C. Novotny, R. Veits)	Raphael Veits	10		D10	48,1642111912756	16,5456275915374	<100m		AT		Precision Precise Province: Wien Geodata from Lobau Messstellen Database	02/02/2021					Aquatic, Freshwater, Subsurface, Aquifer	Well			Proasellus cavaticus 		Species	Asellidae	Proasellus	cavaticus							2				STYA1401	Santiago Gaviria Personal Data														
Groundwater Asellidae of Austria (C. Englisch,T. Gall-Andreici, C. Griebler, M. Hämmerle, C. Novotny, R. Veits)	Raphael Veits	10		D10	48,1642111912756	16,5456275915374	<100m		AT		Precision Precise Province: Wien Geodata from Lobau Messstellen Database	06/04/2021					Aquatic, Freshwater, Subsurface, Aquifer	Well			Proasellus cavaticus 		Species	Asellidae	Proasellus	cavaticus							1				STYA1402	Santiago Gaviria Personal Data														
Groundwater Asellidae of Austria (C. Englisch,T. Gall-Andreici, C. Griebler, M. Hämmerle, C. Novotny, R. Veits)	Raphael Veits	10		D10	48,1642111912756	16,5456275915374	<100m		AT		Precision Precise Province: Wien Geodata from Lobau Messstellen Database	08/06/2021					Aquatic, Freshwater, Subsurface, Aquifer	Well			Proasellus cavaticus 		Species	Asellidae	Proasellus	cavaticus							8				STYA1403	Santiago Gaviria Personal Data														
Groundwater Asellidae of Austria (C. Englisch,T. Gall-Andreici, C. Griebler, M. Hämmerle, C. Novotny, R. Veits)	Raphael Veits	10		D10	48,1642111912756	16,5456275915374	<100m		AT		Precision Precise Province: Wien Geodata from Lobau Messstellen Database	29/07/2020					Aquatic, Freshwater, Subsurface, Aquifer	Well			Proasellus sp. 		Genus	Asellidae	Proasellus	sp.							1			only females	STYA1415	Santiago Gaviria Personal Data														
Groundwater Asellidae of Austria (C. Englisch,T. Gall-Andreici, C. Griebler, M. Hämmerle, C. Novotny, R. Veits)	Raphael Veits	10		D10	48,1642111912756	16,5456275915374	<100m		AT		Precision Precise Province: Wien Geodata from Lobau Messstellen Database	02/09/2020					Aquatic, Freshwater, Subsurface, Aquifer	Well			Proasellus sp. 		Genus	Asellidae	Proasellus	sp.							3			only females	STYA1416	Santiago Gaviria Personal Data														
Groundwater Asellidae of Austria (C. Englisch,T. Gall-Andreici, C. Griebler, M. Hämmerle, C. Novotny, R. Veits)	Raphael Veits	10		D10	48,1642111912756	16,5456275915374	<100m		AT		Precision Precise Province: Wien Geodata from Lobau Messstellen Database	12/01/2021					Aquatic, Freshwater, Subsurface, Aquifer	Well			Proasellus sp. 		Genus	Asellidae	Proasellus	sp.							4			only females	STYA1417	Santiago Gaviria Personal Data														
Groundwater Asellidae of Austria (C. Englisch,T. Gall-Andreici, C. Griebler, M. Hämmerle, C. Novotny, R. Veits)	Raphael Veits	10		D10	48,1642111912756	16,5456275915374	<100m		AT		Precision Precise Province: Wien Geodata from Lobau Messstellen Database	04/05/2021					Aquatic, Freshwater, Subsurface, Aquifer	Well			Proasellus sp. 		Genus	Asellidae	Proasellus	sp.							9			only females	STYA1418	Santiago Gaviria Personal Data														
Groundwater Asellidae of Austria (C. Englisch,T. Gall-Andreici, C. Griebler, M. Hämmerle, C. Novotny, R. Veits)	Raphael Veits	10		D10	48,1642111912756	16,5456275915374	<100m		AT		Precision Precise Province: Wien Geodata from Lobau Messstellen Database	09/12/2020					Aquatic, Freshwater, Subsurface, Aquifer	Well			Proasellus sp. 		Genus	Asellidae	Proasellus	sp.							1			juvenile	STYA1419	Santiago Gaviria Personal Data														
Groundwater Asellidae of Austria (C. Englisch,T. Gall-Andreici, C. Griebler, M. Hämmerle, C. Novotny, R. Veits)	Raphael Veits	11		D11	48,1642371109462	16,5455684692332	<100m		AT		Precision Precise Province: Wien Grundwaserkurs: Geodata from Lobau Messstellen Database	14/02/2022					Aquatic, Freshwater, Subsurface, Aquifer	Well			Proasellus slavus 		Species	Asellidae	Proasellus	slavus							1				STYA1388	Andreas Fuchs Personal Data														
Groundwater Asellidae of Austria (C. Englisch,T. Gall-Andreici, C. Griebler, M. Hämmerle, C. Novotny, R. Veits)	Raphael Veits	11		D11	48,1642371109462	16,5455684692332	<100m		AT		Precision Precise Province: Wien Grundwaserkurs: Geodata from Lobau Messstellen Database	10/02/2020					Aquatic, Freshwater, Subsurface, Aquifer	Well			Proasellus cavaticus 		Species	Asellidae	Proasellus	cavaticus							58				STYA1395	Andreas Fuchs Personal Data														
Groundwater Asellidae of Austria (C. Englisch,T. Gall-Andreici, C. Griebler, M. Hämmerle, C. Novotny, R. Veits)	Christoph Novotny	11		D11	48,1642371109462	16,5455684692332	<100m		AT		Precision Precise Province: Wien	12/01/2023					Aquatic, Freshwater, Subsurface, Aquifer	Well			Proasellus sp. 		Genus	Asellidae	Proasellus	sp.							2				STYA1468	Project: Stygofauna Austriaca - University of Vienna														
Groundwater Asellidae of Austria (C. Englisch,T. Gall-Andreici, C. Griebler, M. Hämmerle, C. Novotny, R. Veits)	Christoph Novotny	11		D11	48,1642371109462	16,5455684692332	<100m		AT		Precision Precise Province: Wien	12/02/2023					Aquatic, Freshwater, Subsurface, Aquifer	Well			Proasellus sp. 		Genus	Asellidae	Proasellus	sp.							1				STYA1469	Project: Stygofauna Austriaca - University of Vienna														
Groundwater Asellidae of Austria (C. Englisch,T. Gall-Andreici, C. Griebler, M. Hämmerle, C. Novotny, R. Veits)	Christoph Novotny	11		D11	48,1642371109462	16,5455684692332	<100m		AT		Precision Precise Province: Wien	01/12/2022					Aquatic, Freshwater, Subsurface, Aquifer	Well			Proasellus sp. 		Genus	Asellidae	Proasellus	sp.							1				STYA1471	Project: Stygofauna Austriaca - University of Vienna														
Groundwater Asellidae of Austria (C. Englisch,T. Gall-Andreici, C. Griebler, M. Hämmerle, C. Novotny, R. Veits)	Christoph Novotny	11		D11	48,1642371109462	16,5455684692332	<100m		AT		Precision Precise Province: Wien	10/04/2024					Aquatic, Freshwater, Subsurface, Aquifer	Well			Proasellus slavus 		Species	Asellidae	Proasellus	slavus							12				STYA1496	Project: Stygofauna Austriaca - University of Vienna														
Groundwater Asellidae of Austria (C. Englisch,T. Gall-Andreici, C. Griebler, M. Hämmerle, C. Novotny, R. Veits)	Christoph Novotny	11		D11	48,1642371109462	16,5455684692332	<100m		AT		Precision Precise Province: Wien	10/04/2024					Aquatic, Freshwater, Subsurface, Aquifer	Well			Proasellus sp. 		Genus	Asellidae	Proasellus	sp.							1				STYA1498	Project: Stygofauna Austriaca - University of Vienna														2
Groundwater Asellidae of Austria (C. Englisch,T. Gall-Andreici, C. Griebler, M. Hämmerle, C. Novotny, R. Veits)	Christoph Novotny	11		D11	48,1642371109462	16,5455684692332	<100m		AT		Precision Precise Province: Wien	10/04/2024					Aquatic, Freshwater, Subsurface, Aquifer	Well			Proasellus sp. 		Genus	Asellidae	Proasellus	sp.							2				STYA1499	Project: Stygofauna Austriaca - University of Vienna														2
Groundwater Asellidae of Austria (C. Englisch,T. Gall-Andreici, C. Griebler, M. Hämmerle, C. Novotny, R. Veits)	Christoph Novotny			D11 - Untere Lobau	48,1643970773309	16,5456309778307	<100m		AT		Precision Precise Province: Wien	10/04/2024					Aquatic, Freshwater, Subsurface, Aquifer	Well			Proasellus strouhali 		Species	Asellidae	Proasellus	strouhali							17			Sequence coming from Lyon	STYA1459	Project: Stygofauna Austriaca - University of Vienna														
Groundwater Asellidae of Austria (C. Englisch,T. Gall-Andreici, C. Griebler, M. Hämmerle, C. Novotny, R. Veits)	Raphael Veits	12		D15	48,164175548212	16,5457220778847	<100m		AT		Precision Precise Province: Wien Geodata from Lobau Messstellen Database	02/09/2020					Aquatic, Freshwater, Subsurface, Aquifer	Well			Proasellus cavaticus 		Species	Asellidae	Proasellus	cavaticus							3				STYA1404	Santiago Gaviria Personal Data														
Groundwater Asellidae of Austria (C. Englisch,T. Gall-Andreici, C. Griebler, M. Hämmerle, C. Novotny, R. Veits)	Raphael Veits	12		D15	48,164175548212	16,5457220778847	<100m		AT		Precision Precise Province: Wien Geodata from Lobau Messstellen Database	12/01/2021					Aquatic, Freshwater, Subsurface, Aquifer	Well			Proasellus cavaticus 		Species	Asellidae	Proasellus	cavaticus							8				STYA1405	Santiago Gaviria Personal Data														
Groundwater Asellidae of Austria (C. Englisch,T. Gall-Andreici, C. Griebler, M. Hämmerle, C. Novotny, R. Veits)	Raphael Veits	12		D15	48,164175548212	16,5457220778847	<100m		AT		Precision Precise Province: Wien Geodata from Lobau Messstellen Database	06/04/2021					Aquatic, Freshwater, Subsurface, Aquifer	Well			Proasellus cavaticus 		Species	Asellidae	Proasellus	cavaticus							9				STYA1406	Santiago Gaviria Personal Data														
Groundwater Asellidae of Austria (C. Englisch,T. Gall-Andreici, C. Griebler, M. Hämmerle, C. Novotny, R. Veits)	Raphael Veits	12		D15	48,164175548212	16,5457220778847	<100m		AT		Precision Precise Province: Wien Geodata from Lobau Messstellen Database	08/06/2021					Aquatic, Freshwater, Subsurface, Aquifer	Well			Proasellus cavaticus 		Species	Asellidae	Proasellus	cavaticus							171				STYA1407	Santiago Gaviria Personal Data														
Groundwater Asellidae of Austria (C. Englisch,T. Gall-Andreici, C. Griebler, M. Hämmerle, C. Novotny, R. Veits)	Raphael Veits	12		D15	48,164175548212	16,5457220778847	<100m		AT		Precision Precise Province: Wien Geodata from Lobau Messstellen Database	03/11/2020					Aquatic, Freshwater, Subsurface, Aquifer	Well			Proasellus slavus 		Species	Asellidae	Proasellus	slavus							9				STYA1409	Santiago Gaviria Personal Data														
Groundwater Asellidae of Austria (C. Englisch,T. Gall-Andreici, C. Griebler, M. Hämmerle, C. Novotny, R. Veits)	Raphael Veits	12		D15	48,164175548212	16,5457220778847	<100m		AT		Precision Precise Province: Wien Geodata from Lobau Messstellen Database	09/12/2020					Aquatic, Freshwater, Subsurface, Aquifer	Well			Proasellus slavus 		Species	Asellidae	Proasellus	slavus							8				STYA1410	Santiago Gaviria Personal Data														
Groundwater Asellidae of Austria (C. Englisch,T. Gall-Andreici, C. Griebler, M. Hämmerle, C. Novotny, R. Veits)	Raphael Veits	12		D15	48,164175548212	16,5457220778847	<100m		AT		Precision Precise Province: Wien Geodata from Lobau Messstellen Database	29/07/2020					Aquatic, Freshwater, Subsurface, Aquifer	Well			Proasellus sp. 		Genus	Asellidae	Proasellus	sp.							2			only females	STYA1420	Santiago Gaviria Personal Data														
Groundwater Asellidae of Austria (C. Englisch,T. Gall-Andreici, C. Griebler, M. Hämmerle, C. Novotny, R. Veits)	Raphael Veits	12		D15	48,164175548212	16,5457220778847	<100m		AT		Precision Precise Province: Wien Geodata from Lobau Messstellen Database	06/10/2020					Aquatic, Freshwater, Subsurface, Aquifer	Well			Proasellus sp. 		Genus	Asellidae	Proasellus	sp.							11			only females	STYA1421	Santiago Gaviria Personal Data														
Groundwater Asellidae of Austria (C. Englisch,T. Gall-Andreici, C. Griebler, M. Hämmerle, C. Novotny, R. Veits)	Raphael Veits	12		D15	48,164175548212	16,5457220778847	<100m		AT		Precision Precise Province: Wien Geodata from Lobau Messstellen Database	04/05/2021					Aquatic, Freshwater, Subsurface, Aquifer	Well			Proasellus sp. 		Genus	Asellidae	Proasellus	sp.							19			only females	STYA1422	Santiago Gaviria Personal Data														
Groundwater Asellidae of Austria (C. Englisch,T. Gall-Andreici, C. Griebler, M. Hämmerle, C. Novotny, R. Veits)	Raphael Veits	12		D15	48,164175548212	16,5457220778847	<100m		AT		Precision Precise Province: Wien Geodata from Lobau Messstellen Database	03/11/2020					Aquatic, Freshwater, Subsurface, Aquifer	Well			Proasellus sp. 		Genus	Asellidae	Proasellus	sp.							1			juvenile	STYA1423	Santiago Gaviria Personal Data														
Groundwater Asellidae of Austria (C. Englisch,T. Gall-Andreici, C. Griebler, M. Hämmerle, C. Novotny, R. Veits)	Raphael Veits	12		D15	48,164175548212	16,5457220778847	<100m		AT		Precision Precise Province: Wien Geodata from Lobau Messstellen Database	09/12/2020					Aquatic, Freshwater, Subsurface, Aquifer	Well			Proasellus sp. 		Genus	Asellidae	Proasellus	sp.							1			juvenile	STYA1424	Santiago Gaviria Personal Data														
Groundwater Asellidae of Austria (C. Englisch,T. Gall-Andreici, C. Griebler, M. Hämmerle, C. Novotny, R. Veits)	Raphael Veits	12		D15	48,164175548212	16,5457220778847	<100m		AT		Precision Precise Province: Wien Geodata from Lobau Messstellen Database	04/05/2021					Aquatic, Freshwater, Subsurface, Aquifer	Well			Proasellus sp. 		Genus	Asellidae	Proasellus	sp.							30			juvenile	STYA1425	Santiago Gaviria Personal Data														
Groundwater Asellidae of Austria (C. Englisch,T. Gall-Andreici, C. Griebler, M. Hämmerle, C. Novotny, R. Veits)	Christoph Novotny	12		D15	48,164175548212	16,5457220778847	<100m		AT		Precision Precise Province: Wien	01/12/2022					Aquatic, Freshwater, Subsurface, Aquifer	Well			Proasellus strouhali 		Species	Asellidae	Proasellus	strouhali							2			Sequence from Lyon	STYA1467	Project: Stygofauna Austriaca - University of Vienna														
Groundwater Asellidae of Austria (C. Englisch,T. Gall-Andreici, C. Griebler, M. Hämmerle, C. Novotny, R. Veits)	Christoph Novotny	12		D15	48,164175548212	16,5457220778847	<100m		AT		Precision Precise Province: Wien	01/12/2022					Aquatic, Freshwater, Subsurface, Aquifer	Well			Proasellus sp. 		Genus	Asellidae	Proasellus	sp.							1				STYA1472	Project: Stygofauna Austriaca - University of Vienna														3
Groundwater Asellidae of Austria (C. Englisch,T. Gall-Andreici, C. Griebler, M. Hämmerle, C. Novotny, R. Veits)	Christoph Novotny	12		D15	48,164175548212	16,5457220778847	<100m		AT		Precision Precise Province: Wien	01/12/2022					Aquatic, Freshwater, Subsurface, Aquifer	Well			Proasellus sp. 		Genus	Asellidae	Proasellus	sp.							1				STYA1473	Project: Stygofauna Austriaca - University of Vienna														3
Groundwater Asellidae of Austria (C. Englisch,T. Gall-Andreici, C. Griebler, M. Hämmerle, C. Novotny, R. Veits)	Christoph Novotny	12		D15	48,164175548212	16,5457220778847	<100m		AT		Precision Precise Province: Wien	2021					Aquatic, Freshwater, Subsurface, Aquifer	Well			Proasellus sp. 		Genus	Asellidae	Proasellus	sp.							1				STYA1478	Project: Stygofauna Austriaca - University of Vienna														
Groundwater Asellidae of Austria (C. Englisch,T. Gall-Andreici, C. Griebler, M. Hämmerle, C. Novotny, R. Veits)	Raphael Veits	13		D17	48,1642556243551	16,5456441466789	<100m		AT		Precision Precise Province: Wien Grundwaserkurs: Geodata from Lobau Messstellen Database	14/02/2022					Aquatic, Freshwater, Subsurface, Aquifer	Well			Proasellus cavaticus 		Species	Asellidae	Proasellus	cavaticus							33				STYA1384	Andreas Fuchs Personal Data														
Groundwater Asellidae of Austria (C. Englisch,T. Gall-Andreici, C. Griebler, M. Hämmerle, C. Novotny, R. Veits)	Raphael Veits	13		D17	48,1642556243551	16,5456441466789	<100m		AT		Precision Precise Province: Wien Grundwaserkurs: Geodata from Lobau Messstellen Database	14/02/2022					Aquatic, Freshwater, Subsurface, Aquifer	Well			Proasellus slavus 		Species	Asellidae	Proasellus	slavus							4				STYA1389	Andreas Fuchs Personal Data														
Groundwater Asellidae of Austria (C. Englisch,T. Gall-Andreici, C. Griebler, M. Hämmerle, C. Novotny, R. Veits)	Raphael Veits	13		D17	48,1642556243551	16,5456441466789	<100m		AT		Precision Precise Province: Wien Grundwaserkurs: Geodata from Lobau Messstellen Database	10/02/2020					Aquatic, Freshwater, Subsurface, Aquifer	Well			Proasellus cavaticus 		Species	Asellidae	Proasellus	cavaticus							1				STYA1396	Andreas Fuchs Personal Data														
Groundwater Asellidae of Austria (C. Englisch,T. Gall-Andreici, C. Griebler, M. Hämmerle, C. Novotny, R. Veits)	Christoph Novotny	13		D17	48,1642556243551	16,5456441466789	<100m		AT		Precision Precise Province: Wien	10/04/2024					Aquatic, Freshwater, Subsurface, Aquifer	Well			Proasellus slavus 		Species	Asellidae	Proasellus	slavus							8				STYA1497	Project: Stygofauna Austriaca - University of Vienna														
Groundwater Asellidae of Austria (C. Englisch,T. Gall-Andreici, C. Griebler, M. Hämmerle, C. Novotny, R. Veits)	Christoph Novotny			D17 - Untere Lobau	48,1644845686625	16,5455827603161	<100m		AT		Precision Precise Province: Wien	2024					Aquatic, Freshwater, Subsurface, Aquifer	Well			Proasellus sp. 		Genus	Asellidae	Proasellus	sp.							8				STYA1458	Project: Stygofauna Austriaca - University of Vienna														
Groundwater Asellidae of Austria (C. Englisch,T. Gall-Andreici, C. Griebler, M. Hämmerle, C. Novotny, R. Veits)	Max Hämmerle			Dambach Ursprung, Bosruck / Hallermauern - DAMU - Probenstelle: 36-06-4-AA	47,6862286464156	14,4389484710754	<10km		AT		Precision Set close to Lhidnerhutte close to Dambach origin Province: Oberösterreich	10/05/1995					Aquatic, Freshwater, Subsurface, Aquifer	Spring			Proasellus cavaticus 		Species	Asellidae	Proasellus	cavaticus											STYA1367	Literature			Weigand E | Tockner K	1996	Weigand E, Tockner K (1996) Limnologische Charakterisierung ausgewählter Karstquellen im Nationalpark Nördliche Kalkalpen.	Projekt Nationalpark Kalkalpen – Final Report, 1–56pp.  	Weigand E, Tockner K (1996) Limnologische Charakterisierung ausgewählter Karstquellen im Nationalpark Nördliche Kalkalpen. Molln. Projekt Nationalpark Kalkalpen – Final Report, 1–56pp.  							
Groundwater Asellidae of Austria (C. Englisch,T. Gall-Andreici, C. Griebler, M. Hämmerle, C. Novotny, R. Veits)	Christoph Novotny			Eckartsau Marchfeld - 1895.003	48,145	16,79466	<100m		AT		Precision Precise Province: Niederösterreich	16/10/2023					Aquatic, Freshwater, Subsurface, Aquifer	Well			Proasellus slavus 		Species	Asellidae	Proasellus	slavus							3			Sequence from Lyon	STYA1491	Project: Stygofauna Austriaca - University of Vienna														
Groundwater Asellidae of Austria (C. Englisch,T. Gall-Andreici, C. Griebler, M. Hämmerle, C. Novotny, R. Veits)	Christoph Novotny			EM30 - Marchfeld	48,25937	16,78562	<100m		AT		Precision Precise Province: Niederösterreich	22/04/2024					Aquatic, Freshwater, Subsurface, Aquifer	Well			Proasellus slavus 		Species	Asellidae	Proasellus	slavus							2				STYA1501	Project: Stygofauna Austriaca - University of Vienna														
Groundwater Asellidae of Austria (C. Englisch,T. Gall-Andreici, C. Griebler, M. Hämmerle, C. Novotny, R. Veits)	Christoph Novotny			EM58 - Süssenbrunn	48,30108	16,52335	<100m		AT		Precision Precise Province: Niederösterreich	21/04/2024					Aquatic, Freshwater, Subsurface, Aquifer	Well			Proasellus sp. 		Genus	Asellidae	Proasellus	sp.							1				STYA1500	Project: Stygofauna Austriaca - University of Vienna														
Groundwater Asellidae of Austria (C. Englisch,T. Gall-Andreici, C. Griebler, M. Hämmerle, C. Novotny, R. Veits)	Constanze Englisch			EM62 - 178 - S_178	48,282075753031	16,5283945950954	<100m		AT		Precision Precise Province: Niederösterreich	04/04/2022					Aquatic, Freshwater, Subsurface, Aquifer	Well			Proasellus slavus 		Species	Asellidae	Proasellus	slavus							1				HBTC0424	Project: Heat below the city - University of Vienna														
Groundwater Asellidae of Austria (C. Englisch,T. Gall-Andreici, C. Griebler, M. Hämmerle, C. Novotny, R. Veits)	Christoph Novotny			EM81 - Marchfeld	48,32273	16,52932	<100m		AT		Precision Precise Province: Niederösterreich	22/04/2024					Aquatic, Freshwater, Subsurface, Aquifer	Well			Proasellus slavus 		Species	Asellidae	Proasellus	slavus							4			Slide available	STYA1494	Project: Stygofauna Austriaca - University of Vienna														
Groundwater Asellidae of Austria (C. Englisch,T. Gall-Andreici, C. Griebler, M. Hämmerle, C. Novotny, R. Veits)	Constanze Englisch			Friedburg 59, Innkreis	48,0182040300547	13,2517085802655	<1km		AT		Precision Set close to Friedburg 59 Province: Oberösterreich	10/06/1957					Aquatic, Freshwater, Subsurface, Aquifer	Well	Legator: G. Priesel-Dichtl.		Proasellus strouhali 		Species	Asellidae	Proasellus	strouhali							9			6 males, 3 females.	STYA1329	Literature		http://www.jstor.org/stable/41768681.		1958			Strouhal H (1958) Asellus (Proasellus) im nördlichen Österreich (Isopoda, Asellota). Annalen des Naturhistorischen Museums in Wien: 263–282. Available from: http://www.jstor.org/stable/41768681.							
Groundwater Asellidae of Austria (C. Englisch,T. Gall-Andreici, C. Griebler, M. Hämmerle, C. Novotny, R. Veits)	Christoph Novotny			GAISBER  - Untergaisberg	47,8483	13,33237	<100m		AT		Precision Precise Province: Oberösterreich	09/09/2010					Aquatic, Freshwater, Subsurface, Aquifer	Well	Collectors: Douady C, Malard F, Morvan C. & Niederreiter R. One individual from this sampling event was sequenced, these are the rest.		Proasellus strouhali 		Species	Asellidae	Proasellus	strouhali							61				STYA1441	OnlineDatabase_WorldAsellidaeDatabase	PROASELLUS_STROUHALI|GAISBER_201009													
Groundwater Asellidae of Austria (C. Englisch,T. Gall-Andreici, C. Griebler, M. Hämmerle, C. Novotny, R. Veits)	Tobias Gall-Andreici			GAISBER - Gaisberg (Austria: Mondsee)	47,8483	13,33237	<100m		AT		Precision Precise Province: Oberösterreich	09/09/2010					Aquatic, Freshwater, Subsurface, Aquifer	Well	Collectors: by Douady C, Malard F, Morvan C. & Niederreiter R.		Proasellus strouhali 		Species	Asellidae	Proasellus	strouhali							1				STYA1359	Literature	WorldAsellidaeDatabase_PROASELLUS_STROUHALI|GAISBER_201009	10.1093/sysbio/syt015		2013			Morvan C, Malard F, Paradis E, Lefébure T, Konecny-Dupré L, Douady CJ (2013) Timetree of Aselloidea Reveals Species Diversification Dynamics in Groundwater. Systematic Biology 62: 512–522. https://doi.org/10.1093/sysbio/syt015 						GenBank_Accession_JQ921428(CO1)_KC610220(16S)_KC610403(28S)	
Groundwater Asellidae of Austria (C. Englisch,T. Gall-Andreici, C. Griebler, M. Hämmerle, C. Novotny, R. Veits)	Constanze Englisch			Gebiet von Neukirchen bei Altmünster	47,8781715368547	13,7129018021782	<10km		AT		Precision Set close to Neukirchen Province: Oberösterreich	1946							Legator: J. Vornatscher. 		Proasellus strouhali 		Species	Asellidae	Proasellus	strouhali							3			3 females.	STYA1330	Literature		http://www.jstor.org/stable/41768681.		1958			Strouhal H (1958) Asellus (Proasellus) im nördlichen Österreich (Isopoda, Asellota). Annalen des Naturhistorischen Museums in Wien: 263–282. Available from: http://www.jstor.org/stable/41768681.							
Groundwater Asellidae of Austria (C. Englisch,T. Gall-Andreici, C. Griebler, M. Hämmerle, C. Novotny, R. Veits)	Tobias Gall-Andreici	14		GLANBACH - Salzburg	47,8101	13,02193	<100m		AT		Precision Precise Province: Salzburg	09/09/2010					Aquatic, Freshwater, Subsurface, Aquifer, Saturated, Hyporheic Zone	Hyporheic zone	Collectors: Douady C, Malard F, Morvan C. & Niederreiter R.		Proasellus slavus 		Species	Asellidae	Proasellus	slavus							1				STYA1351	Literature	WorldAsellidaeDatabase_PROASELLUS_SLAVUS|GLANBACH_201009	10.1093/sysbio/syt015		2013			Morvan C, Malard F, Paradis E, Lefébure T, Konecny-Dupré L, Douady CJ (2013) Timetree of Aselloidea Reveals Species Diversification Dynamics in Groundwater. Systematic Biology 62: 512–522. https://doi.org/10.1093/sysbio/syt015 						GenBank_Accession_JQ921400(CO1)_JQ921807(16S)_JQ921987(28S)_OR341632(AM4)	
Groundwater Asellidae of Austria (C. Englisch,T. Gall-Andreici, C. Griebler, M. Hämmerle, C. Novotny, R. Veits)	Tobias Gall-Andreici	14		GLANBACH - Salzburg	47,8101	13,02193	<100m		AT		Precision Precise Province: Salzburg	09/09/2010					Aquatic, Freshwater, Subsurface, Aquifer, Saturated, Hyporheic Zone	Hyporheic zone	Collectors: Douady C, Malard F, Morvan C. & Niederreiter R.		Proasellus slavus 		Species	Asellidae	Proasellus	slavus							1				STYA1352	Literature	WorldAsellidaeDatabase_PROASELLUS_SLAVUS|GLANBACH_201009	10.1093/sysbio/syt015		2013			Morvan C, Malard F, Paradis E, Lefébure T, Konecny-Dupré L, Douady CJ (2013) Timetree of Aselloidea Reveals Species Diversification Dynamics in Groundwater. Systematic Biology 62: 512–522. https://doi.org/10.1093/sysbio/syt015 						GenBank_Accession_JQ921401(CO1)_KC610196(16S)	
Groundwater Asellidae of Austria (C. Englisch,T. Gall-Andreici, C. Griebler, M. Hämmerle, C. Novotny, R. Veits)	Tobias Gall-Andreici	14		GLANBACH - Salzburg	47,8101	13,02193	<100m		AT		Precision Precise Province: Salzburg	09/09/2010					Aquatic, Freshwater, Subsurface, Aquifer, Saturated, Hyporheic Zone	Hyporheic zone	Collectors: Douady C, Malard F, Morvan C. & Niederreiter R.		Proasellus slavus 		Species	Asellidae	Proasellus	slavus							1				STYA1353	Literature	WorldAsellidaeDatabase_PROASELLUS_SLAVUS|GLANBACH_201009	10.1093/sysbio/syt015		2013			Morvan C, Malard F, Paradis E, Lefébure T, Konecny-Dupré L, Douady CJ (2013) Timetree of Aselloidea Reveals Species Diversification Dynamics in Groundwater. Systematic Biology 62: 512–522. https://doi.org/10.1093/sysbio/syt015 						GenBank_Accession_JQ921402(CO1)_KC610197(16S)	
Groundwater Asellidae of Austria (C. Englisch,T. Gall-Andreici, C. Griebler, M. Hämmerle, C. Novotny, R. Veits)	Tobias Gall-Andreici	14		GLANBACH - Salzburg	47,8101	13,02193	<100m		AT		Precision Precise Province: Salzburg	09/09/2010					Aquatic, Freshwater, Subsurface, Aquifer, Saturated, Hyporheic Zone	Hyporheic zone	Collectors: Douady C, Malard F, Morvan C. & Niederreiter R.		Proasellus strouhali 		Species	Asellidae	Proasellus	strouhali							1				STYA1360	Literature	WorldAsellidaeDatabase_PROASELLUS_SLAVUS|GLANBACH_201009	10.1093/sysbio/syt015		2013			Morvan C, Malard F, Paradis E, Lefébure T, Konecny-Dupré L, Douady CJ (2013) Timetree of Aselloidea Reveals Species Diversification Dynamics in Groundwater. Systematic Biology 62: 512–522. https://doi.org/10.1093/sysbio/syt015 						GenBank_Accession_JQ921435(CO1)_KC610221(16S)_KC610404(28S)	
Groundwater Asellidae of Austria (C. Englisch,T. Gall-Andreici, C. Griebler, M. Hämmerle, C. Novotny, R. Veits)	Christoph Novotny	14		GLANBACH - Salzburg	47,8101	13,02193	<100m		AT		Precision Precise Province: Salzburg	09/09/2010					Aquatic, Freshwater, Subsurface, Aquifer, Saturated, Hyporheic Zone	Hyporheic zone	Collectors: Douady C, Malard F, Morvan C. & Niederreiter R.		Proasellus strouhali 		Species	Asellidae	Proasellus	strouhali							63				STYA1442	OnlineDatabase_WorldAsellidaeDatabase	PROASELLUS_STROUHALI|GLANBACH_201009													
Groundwater Asellidae of Austria (C. Englisch,T. Gall-Andreici, C. Griebler, M. Hämmerle, C. Novotny, R. Veits)	Christoph Novotny	14		GLANBACH - Salzburg	47,8101	13,02193	<100m		AT		Precision Precise Province: Salzburg	09/09/2010					Aquatic, Freshwater, Subsurface, Aquifer, Saturated, Hyporheic Zone	Hyporheic zone	Collectors: Douady C, Malard F, Morvan C. & Niederreiter R. Three individuals from this sampling event were sequenced, these are the rest.		Proasellus slavus 		Species	Asellidae	Proasellus	slavus							5				STYA1443	OnlineDatabase_WorldAsellidaeDatabase	PROASELLUS_SLAVUS|GLANBACH_201009													
Groundwater Asellidae of Austria (C. Englisch,T. Gall-Andreici, C. Griebler, M. Hämmerle, C. Novotny, R. Veits)	Christoph Novotny	14		GLANBACH - Salzburg	47,8101	13,02193	<100m		AT		Precision Precise Province: Salzburg	09/09/2010					Aquatic, Freshwater, Subsurface, Aquifer, Saturated, Hyporheic Zone	Hyporheic zone	Collectors: Douady C, Malard F, Morvan C. & Niederreiter R. One individual from this sampling event was sequenced, these are the rest.		Proasellus strouhali 		Species	Asellidae	Proasellus	strouhali							62				STYA1444	OnlineDatabase_WorldAsellidaeDatabase	PROASELLUS_SLAVUS|GLANBACH_201009													
Groundwater Asellidae of Austria (C. Englisch,T. Gall-Andreici, C. Griebler, M. Hämmerle, C. Novotny, R. Veits)	Tobias Gall-Andreici	15		GOLLING - Salzach (Austria: Salzburg)	47,58191	13,17079	<100m		AT		Precision Precise Province: Salzburg	 08/09/2010					Aquatic, Freshwater, Subsurface, Aquifer	Spring	Collectors: Douady C, Malard F. & Morvan C.		Proasellus slavus 		Species	Asellidae	Proasellus	slavus							1				STYA1354	Literature	WorldAsellidaeDatabase_PROASELLUS_SLAVUS|GOLLING_201009	10.1093/sysbio/syt015		2013			Morvan C, Malard F, Paradis E, Lefébure T, Konecny-Dupré L, Douady CJ (2013) Timetree of Aselloidea Reveals Species Diversification Dynamics in Groundwater. Systematic Biology 62: 512–522. https://doi.org/10.1093/sysbio/syt015 						GenBank_Accession_JQ921403(CO1)_KC 610198(16S)_KC610391(28S)_OR341633(AM4)	
Groundwater Asellidae of Austria (C. Englisch,T. Gall-Andreici, C. Griebler, M. Hämmerle, C. Novotny, R. Veits)	Tobias Gall-Andreici	15		GOLLING - Salzach (Austria: Salzburg)	47,58191	13,17079	<100m		AT		Precision Precise Province: Salzburg	 08/09/2010					Aquatic, Freshwater, Subsurface, Aquifer	Spring	Collectors: Douady C, Malard F. & Morvan C.		Proasellus slavus 		Species	Asellidae	Proasellus	slavus							1				STYA1355	Literature	WorldAsellidaeDatabase_PROASELLUS_SLAVUS|GOLLING_201009	10.1093/sysbio/syt015		2013			Morvan C, Malard F, Paradis E, Lefébure T, Konecny-Dupré L, Douady CJ (2013) Timetree of Aselloidea Reveals Species Diversification Dynamics in Groundwater. Systematic Biology 62: 512–522. https://doi.org/10.1093/sysbio/syt015 						GenBank_Accession_JQ921404(CO1)_KC610199(16S)	
Groundwater Asellidae of Austria (C. Englisch,T. Gall-Andreici, C. Griebler, M. Hämmerle, C. Novotny, R. Veits)	Tobias Gall-Andreici	15		GOLLING - Salzach (Austria: Salzburg)	47,58191	13,17079	<100m		AT		Precision Precise Province: Salzburg	 08/09/2010					Aquatic, Freshwater, Subsurface, Aquifer	Spring	Collectors: Douady C, Malard F. & Morvan C.		Proasellus slavus 		Species	Asellidae	Proasellus	slavus							1				STYA1356	Literature	WorldAsellidaeDatabase_PROASELLUS_SLAVUS|GOLLING_201009	10.1093/sysbio/syt015		2013			Morvan C, Malard F, Paradis E, Lefébure T, Konecny-Dupré L, Douady CJ (2013) Timetree of Aselloidea Reveals Species Diversification Dynamics in Groundwater. Systematic Biology 62: 512–522. https://doi.org/10.1093/sysbio/syt015 						GenBank_Accession_JQ921405(CO1)_KC610200(16S)	
Groundwater Asellidae of Austria (C. Englisch,T. Gall-Andreici, C. Griebler, M. Hämmerle, C. Novotny, R. Veits)	Tobias Gall-Andreici	15		GOLLING - Salzach (Austria: Salzburg)	47,58191	13,17079	<100m		AT		Precision Precise Province: Salzburg	 08/09/2010					Aquatic, Freshwater, Subsurface, Aquifer	Spring	Collectors: Douady C, Malard F. & Morvan C.		Proasellus strouhali 		Species	Asellidae	Proasellus	strouhali							1				STYA1361	Literature	WorldAsellidaeDatabase_PROASELLUS_SLAVUS|GOLLING_201009	10.1093/sysbio/syt015		2013			Morvan C, Malard F, Paradis E, Lefébure T, Konecny-Dupré L, Douady CJ (2013) Timetree of Aselloidea Reveals Species Diversification Dynamics in Groundwater. Systematic Biology 62: 512–522. https://doi.org/10.1093/sysbio/syt015 						GenBank_Accession_JQ921436(CO1)_JQ921814(16S)_JQ921993(28S)	
Groundwater Asellidae of Austria (C. Englisch,T. Gall-Andreici, C. Griebler, M. Hämmerle, C. Novotny, R. Veits)	Christoph Novotny	15		GOLLING - Salzach (Austria: Salzburg)	47,58191	13,17079	<100m		AT		Precision Precise Province: Salzburg	08/09/2010					Aquatic, Freshwater, Subsurface, Aquifer	Spring	Collectors: Douady C, Malard F. & Morvan C.		Proasellus strouhali 		Species	Asellidae	Proasellus	strouhali							116				STYA1445	OnlineDatabase_WorldAsellidaeDatabase	PROASELLUS_STROUHALI|GOLLING_201009													
Groundwater Asellidae of Austria (C. Englisch,T. Gall-Andreici, C. Griebler, M. Hämmerle, C. Novotny, R. Veits)	Christoph Novotny	15		GOLLING - Salzach (Austria: Salzburg)	47,58191	13,17079	<100m		AT		Precision Precise Province: Salzburg	08/09/2010					Aquatic, Freshwater, Subsurface, Aquifer	Spring	Collectors: Douady C, Malard F. & Morvan C. One individual from this sampling event was sequenced, these are the rest.		Proasellus strouhali 		Species	Asellidae	Proasellus	strouhali							115				STYA1451	OnlineDatabase_WorldAsellidaeDatabase	PROASELLUS_SLAVUS|GOLLING_201009													
Groundwater Asellidae of Austria (C. Englisch,T. Gall-Andreici, C. Griebler, M. Hämmerle, C. Novotny, R. Veits)	Christoph Novotny			GWM - 843 - Russbach	48,18031	16,93453	<100m		AT		Precision Precise Province: Niederösterreich	12/07/2023					Aquatic, Freshwater, Subsurface, Aquifer	Well			Proasellus slavus 		Species	Asellidae	Proasellus	slavus							1				STYA1502	Project: Stygofauna Austriaca - University of Vienna														
Groundwater Asellidae of Austria (C. Englisch,T. Gall-Andreici, C. Griebler, M. Hämmerle, C. Novotny, R. Veits)	Christoph Novotny			Inn Right Bank	48,018	13,249	<100m		AT		Precision Precise Province: Oberösterreich	1957					Aquatic, Freshwater, Subsurface, Aquifer, Saturated, Hyporheic Zone	Hyporheic zone			Proasellus strouhali 		Species	Asellidae	Proasellus	strouhali											STYA1428	OnlineDatabase_WorldAsellidaeDatabase	PROASELLUS_STROUHALI_STROUHALI|FRIEDBWE_195700													
Groundwater Asellidae of Austria (C. Englisch,T. Gall-Andreici, C. Griebler, M. Hämmerle, C. Novotny, R. Veits)	Constanze Englisch			Interstitial Melk b - 014_019_020_025_030_031	48,224449	15,259104	<1km		AT		Precision Set close to Ebersdorf (Melk) at Danube km 2041, 1.5 m from the left Danube river bank Province: Niederösterreich. Depths: 0.3 - 0.4, 1.15, 1.30, 0.50, 1.0. Partly over 90 individuals found, highest abundances were found in samples with little sediment.	02/09/1973					Aquatic, Freshwater, Subsurface, Aquifer, Saturated, Hyporheic Zone	Hyporheic zone			Proasellus slavus 		Species	Asellidae	Proasellus	slavus											STYA1345	Literature	WorldAsellidaeDatabase_PROASELLUS_SLAVUS_SLAVUS|DANUBEBE_197300	10.5038/1827-806x.8.1.3		1976			Danielopol DL (1976) The distribution of the fauna in the interstitial habitats of riverine sediments of the Danube and the Piesting (Austria). International Journal of Speleology 8: 23–51. https://doi.org/10.5038/1827-806x.8.1.3							
Groundwater Asellidae of Austria (C. Englisch,T. Gall-Andreici, C. Griebler, M. Hämmerle, C. Novotny, R. Veits)	Christoph Novotny			Interstitial Station near lake Bregenz	47,50304	9,74707	<100m		AT		Precision Precise Province: Vorarlberg						Aquatic, Freshwater, Subsurface, Aquifer, Saturated, Hyporheic Zone	Hyporheic zone			Proasellus cavaticus 		Species	Asellidae	Proasellus	cavaticus											STYA1430	OnlineDatabase_WorldAsellidaeDatabase	PROASELLUS_CAVATICUS|BREGENZW_195700													
Groundwater Asellidae of Austria (C. Englisch,T. Gall-Andreici, C. Griebler, M. Hämmerle, C. Novotny, R. Veits)	Christoph Novotny			Jungendbrunnen bei Baden	48,02455	16,19962	<100m		AT		Precision Precise Province: Niederösterreich	2024					Aquatic, Freshwater, Subsurface, Aquifer	Well			Proasellus strouhali 		Genus	Asellidae	Proasellus	strouhali							15			Sequence from Lyon	STYA1461	Project: Stygofauna Austriaca - University of Vienna														
Groundwater Asellidae of Austria (C. Englisch,T. Gall-Andreici, C. Griebler, M. Hämmerle, C. Novotny, R. Veits)	Christoph Novotny			Jungendbrunnen bei Baden - 	48,02455	16,19962	<100m		AT		Precision Precise Province: Niederösterreich	30/01/2025					Aquatic, Freshwater, Subsurface, Aquifer	Well			Proasellus strouhali 		Genus	Asellidae	Proasellus	strouhali							2			Sequence from Lyon	STYA1488	Project: Stygofauna Austriaca - University of Vienna														
Groundwater Asellidae of Austria (C. Englisch,T. Gall-Andreici, C. Griebler, M. Hämmerle, C. Novotny, R. Veits)	Christoph Novotny			Kremsursprung Micheldorf	47,85844	14,10444	<100m		AT		Precision Precise Province: Oberösterreich	06/02/2024					Aquatic, Freshwater, Subsurface, Aquifer	Spring			Proasellus strouhali 		Species	Asellidae	Proasellus	strouhali							304			Sequence from Lyon	STYA1492	Project: Stygofauna Austriaca - University of Vienna														
Groundwater Asellidae of Austria (C. Englisch,T. Gall-Andreici, C. Griebler, M. Hämmerle, C. Novotny, R. Veits)	Christoph Novotny	16		Kritzendorf - KGW	48,3399534555959	16,308092247879	<100m		AT		Precision Precise Province: Niederösterreich	05/10/2022					Aquatic, Freshwater, Subsurface, Aquifer	Well			Proasellus sp. 		Genus	Asellidae	Proasellus	sp.							5				STYA1470	Project: Stygofauna Austriaca - University of Vienna														
Groundwater Asellidae of Austria (C. Englisch,T. Gall-Andreici, C. Griebler, M. Hämmerle, C. Novotny, R. Veits)	Christoph Novotny	16		Kritzendorf - KGW	48,3399534555959	16,308092247879	<100m		AT		Precision Precise Province: Niederösterreich	16/12/2022					Aquatic, Freshwater, Subsurface, Aquifer	Well			Proasellus sp. 		Genus	Asellidae	Proasellus	sp.							2				STYA1474	Project: Stygofauna Austriaca - University of Vienna														
Groundwater Asellidae of Austria (C. Englisch,T. Gall-Andreici, C. Griebler, M. Hämmerle, C. Novotny, R. Veits)	Christoph Novotny	16		Kritzendorf - KGW	48,3399534555959	16,308092247879	<100m		AT		Precision Precise Province: Niederösterreich	16/12/2022					Aquatic, Freshwater, Subsurface, Aquifer	Well			Proasellus sp. 		Genus	Asellidae	Proasellus	sp.							1			Sequence from Lyon	STYA1475	Project: Stygofauna Austriaca - University of Vienna														
Groundwater Asellidae of Austria (C. Englisch,T. Gall-Andreici, C. Griebler, M. Hämmerle, C. Novotny, R. Veits)	Christoph Novotny	16		Kritzendorf - KGW	48,3399534555959	16,308092247879	<100m		AT		Precision Precise Province: Niederösterreich	2020					Aquatic, Freshwater, Subsurface, Aquifer	Well			Proasellus sp. 		Genus	Asellidae	Proasellus	sp.							1				STYA1477	Project: Stygofauna Austriaca - University of Vienna														
Groundwater Asellidae of Austria (C. Englisch,T. Gall-Andreici, C. Griebler, M. Hämmerle, C. Novotny, R. Veits)	Christoph Novotny	16		Kritzendorf - KGW	48,3399534555959	16,308092247879	<100m		AT		Precision Precise Province: Niederösterreich	2022					Aquatic, Freshwater, Subsurface, Aquifer	Well			Proasellus sp. 		Genus	Asellidae	Proasellus	sp.							19				STYA1479	Project: Stygofauna Austriaca - University of Vienna														
Groundwater Asellidae of Austria (C. Englisch,T. Gall-Andreici, C. Griebler, M. Hämmerle, C. Novotny, R. Veits)	Christoph Novotny	16		Kritzendorf - KGW	48,3399534555959	16,308092247879	<100m		AT		Precision Precise Province: Niederösterreich	10/02/2021					Aquatic, Freshwater, Subsurface, Aquifer	Well			Proasellus slavus 		Species	Asellidae	Proasellus	slavus							1				STYA1482	Project: Stygofauna Austriaca - University of Vienna														
Groundwater Asellidae of Austria (C. Englisch,T. Gall-Andreici, C. Griebler, M. Hämmerle, C. Novotny, R. Veits)	Christoph Novotny	17		Kritzendorf - Schachtbrunnen	48,3445311378831	16,2957267584376	<100m		AT		Precision Precise Province: Niederösterreich	16/12/2022					Aquatic, Freshwater, Subsurface, Aquifer	Well			Proasellus sp. 		Genus	Asellidae	Proasellus	sp.							5			Sequence from Lyon	STYA1476	Project: Stygofauna Austriaca - University of Vienna														
Groundwater Asellidae of Austria (C. Englisch,T. Gall-Andreici, C. Griebler, M. Hämmerle, C. Novotny, R. Veits)	Christoph Novotny	17		Kritzendorf - Schachtbrunnen	48,3445311378831	16,2957267584376	<100m		AT		Precision Precise Province: Niederösterreich	10/02/2021					Aquatic, Freshwater, Subsurface, Aquifer	Well			Proasellus slavus 		Species	Asellidae	Proasellus	slavus							1				STYA1480	Project: Stygofauna Austriaca - University of Vienna														
Groundwater Asellidae of Austria (C. Englisch,T. Gall-Andreici, C. Griebler, M. Hämmerle, C. Novotny, R. Veits)	Raphael Veits	18		Kritzendorf Grundwassermessstelle	48,3399427542994	16,3081007196744	<10km		AT		Precision Set close to Kritzendorf Grundwassermessstelle Province: Niederösterreich Grundwaserkurs: Geodata from Lobau Messstellen Database	16/02/2022					Aquatic, Freshwater, Subsurface, Aquifer	Well			Proasellus cavaticus 		Species	Asellidae	Proasellus	cavaticus							1				STYA1385	Andreas Fuchs Personal Data														
Groundwater Asellidae of Austria (C. Englisch,T. Gall-Andreici, C. Griebler, M. Hämmerle, C. Novotny, R. Veits)	Raphael Veits	18		Kritzendorf Grundwassermessstelle	48,3399427542994	16,3081007196744	<10km		AT		Precision Set close to Kritzendorf Grundwassermessstelle Province: Niederösterreich Grundwaserkurs: Geodata from Lobau Messstellen Database	12/02/2020					Aquatic, Freshwater, Subsurface, Aquifer	Well			Proasellus slavus 		Species	Asellidae	Proasellus	slavus							1				STYA1390	Andreas Fuchs Personal Data														
Groundwater Asellidae of Austria (C. Englisch,T. Gall-Andreici, C. Griebler, M. Hämmerle, C. Novotny, R. Veits)	Raphael Veits	19		Kritzendorf Schachtbrunnen	48,3447621932623	16,2958730555787	<10km		AT		Precision Set close to Kritzendorf Schachtbrunnen Province: Niederösterreich Grundwaserkurs: Geodata from Lobau Messstellen Database	12/02/2020					Aquatic, Freshwater, Subsurface, Aquifer	Well			Proasellus slavus 		Species	Asellidae	Proasellus	slavus							1				STYA1391	Andreas Fuchs Personal Data														
Groundwater Asellidae of Austria (C. Englisch,T. Gall-Andreici, C. Griebler, M. Hämmerle, C. Novotny, R. Veits)	Raphael Veits	19		Kritzendorf Schachtbrunnen	48,3447621932623	16,2958730555787	<10km		AT		Precision Set close to Kritzendorf Schachtbrunnen Province: Niederösterreich Grundwaserkurs: Geodata from Lobau Messstellen Database	16/02/2022					Aquatic, Freshwater, Subsurface, Aquifer	Well			Proasellus slavus 		Species	Asellidae	Proasellus	slavus							5				STYA1392	Andreas Fuchs Personal Data														
Groundwater Asellidae of Austria (C. Englisch,T. Gall-Andreici, C. Griebler, M. Hämmerle, C. Novotny, R. Veits)	Christoph Novotny	20		KRITZENWE - Kritzendorf - KGW	48,3399534555959	16,308092247879	<100m		AT		Precision Precise Province: Niederösterreich	2023					Aquatic, Freshwater, Subsurface, Aquifer	Well			Proasellus slavus 		Species	Asellidae	Proasellus	slavus							1				STYA1434	OnlineDatabase_WorldAsellidaeDatabase	Pslavus_KRITZENWE_202300_OQ538427_5|NCBI												GenBank_Accession_OQ538427(CO1)	
Groundwater Asellidae of Austria (C. Englisch,T. Gall-Andreici, C. Griebler, M. Hämmerle, C. Novotny, R. Veits)	Christoph Novotny	20		KRITZENWE - Kritzendorf - KGW	48,3399534555959	16,308092247879	<100m		AT		Precision Precise Province: Niederösterreich	2023					Aquatic, Freshwater, Subsurface, Aquifer	Well			Proasellus slavus 		Species	Asellidae	Proasellus	slavus							1				STYA1435	OnlineDatabase_WorldAsellidaeDatabase	Pslavus_KRITZENWE_202300_OQ538428_13|NCBI												GenBank_Accession_OQ538428(CO1)	
Groundwater Asellidae of Austria (C. Englisch,T. Gall-Andreici, C. Griebler, M. Hämmerle, C. Novotny, R. Veits)	Tobias Gall-Andreici	21		LAHAU - Lobau (Austria: Vienne) - A89	48,1843	16,5224	<100m		AT		Precision Precise Province: Wien	14/03/2007					Aquatic, Freshwater, Subsurface, Aquifer	Well			Proasellus slavus 		Species	Asellidae	Proasellus	slavus							1				STYA1357	Literature	WorldAsellidaeDatabase_PROASELLUS_SP|LAHAU_200703	10.1093/sysbio/syt015		2013			Morvan C, Malard F, Paradis E, Lefébure T, Konecny-Dupré L, Douady CJ (2013) Timetree of Aselloidea Reveals Species Diversification Dynamics in Groundwater. Systematic Biology 62: 512–522. https://doi.org/10.1093/sysbio/syt015 						GenBank_Accession_JQ921393(CO1)_KC610201(16S)_KC610392(28S)	
Groundwater Asellidae of Austria (C. Englisch,T. Gall-Andreici, C. Griebler, M. Hämmerle, C. Novotny, R. Veits)	Tobias Gall-Andreici	21		LAHAU - Lobau (Austria: Vienne) - A89	48,1843	16,5224	<100m		AT		Precision Precise Province: Wien	14/03/2007					Aquatic, Freshwater, Subsurface, Aquifer	Well			Proasellus slavus 		Species	Asellidae	Proasellus	slavus							1				STYA1358	Literature	WorldAsellidaeDatabase_PROASELLUS_SP|LAHAU_200703	10.1093/sysbio/syt015		2013			Morvan C, Malard F, Paradis E, Lefébure T, Konecny-Dupré L, Douady CJ (2013) Timetree of Aselloidea Reveals Species Diversification Dynamics in Groundwater. Systematic Biology 62: 512–522. https://doi.org/10.1093/sysbio/syt015 						GenBank_Accession_JQ921394(CO1)_KC610202(16S)_KC610393(28S)	
Groundwater Asellidae of Austria (C. Englisch,T. Gall-Andreici, C. Griebler, M. Hämmerle, C. Novotny, R. Veits)	Christoph Novotny	21		LAHAU - Lobau (Austria: Vienne) - A89	48,1843	16,5224	<100m		AT		Precision Precise Province: Wien	14/03/2007					Aquatic, Freshwater, Subsurface, Aquifer	Well	Two individuals from this sampling event were sequenced, these are the rest.		Proasellus slavus 		Species	Asellidae	Proasellus	slavus							8				STYA1426	OnlineDatabase_WorldAsellidaeDatabase	PROASELLUS_SP|LAHAU_200703													
Groundwater Asellidae of Austria (C. Englisch,T. Gall-Andreici, C. Griebler, M. Hämmerle, C. Novotny, R. Veits)	Christoph Novotny	21		LAHAU - Lobau (Austria: Vienne) - A89	48,1843	16,5224	<100m		AT		Precision Precise Province: Wien	08/09/1997					Aquatic, Freshwater, Subsurface, Aquifer	Well			Proasellus sp. 		Genus	Asellidae	Proasellus	sp.							1				STYA1427	OnlineDatabase_WorldAsellidaeDatabase	PROASELLUS_SP|LAHAU_199709													
Groundwater Asellidae of Austria (C. Englisch,T. Gall-Andreici, C. Griebler, M. Hämmerle, C. Novotny, R. Veits)	Constanze Englisch			Lichtentaler_Park - 145 - A_145	48,2263970569732	16,3586270111487	<100m		AT		Precision Precise Province: Wien	29/09/2021					Aquatic, Freshwater, Subsurface, Aquifer	Well			Proasellus slavus 		Species	Asellidae	Proasellus	slavus							1				HBTC0376	Project: Heat below the city - University of Vienna														
Groundwater Asellidae of Austria (C. Englisch,T. Gall-Andreici, C. Griebler, M. Hämmerle, C. Novotny, R. Veits)	Christoph Novotny			LNZ2 - Lunz am See - Saegewerk	47,8499398	15,0718259	<100m		AT		Precision Precise Province: Niederösterreich	2024					Aquatic, Freshwater, Subsurface, Aquifer	Well			Proasellus sp. 		Genus	Asellidae	Proasellus	sp.							4				STYA1464	Project: Stygofauna Austriaca - University of Vienna														
Groundwater Asellidae of Austria (C. Englisch,T. Gall-Andreici, C. Griebler, M. Hämmerle, C. Novotny, R. Veits)	Christoph Novotny			LOBAU - A96	48,18333	16,51667	<100m		AT		Precision Precise Province: Wien	20/10/2002					Aquatic, Freshwater, Subsurface, Aquifer	Well			Proasellus sp. 		Genus	Asellidae	Proasellus	sp.							1				STYA1433	OnlineDatabase_WorldAsellidaeDatabase	PROASELLUS_SP|LOBAUA96_200210													
Groundwater Asellidae of Austria (C. Englisch,T. Gall-Andreici, C. Griebler, M. Hämmerle, C. Novotny, R. Veits)	Christoph Novotny	22		Lobau (Austria: Vienne) - A89	48,1843	16,5224	<100m		AT		Precision Precise Province: Wien	20/10/2002					Aquatic, Freshwater, Subsurface, Aquifer	Well	Collector: Pospisil P.		Proasellus strouhali 		Species	Asellidae	Proasellus	strouhali							1				STYA1446	OnlineDatabase_WorldAsellidaeDatabase	PROASELLUS_STROUHALI|LAHAU_200210													
Groundwater Asellidae of Austria (C. Englisch,T. Gall-Andreici, C. Griebler, M. Hämmerle, C. Novotny, R. Veits)	Christoph Novotny	22		Lobau (Austria: Vienne) - A89	48,1843	16,5224	<100m		AT		Precision Precise Province: Wien	14/03/2007					Aquatic, Freshwater, Subsurface, Aquifer	Well	Collector: Danielopol D.		Proasellus slavus 		Species	Asellidae	Proasellus	slavus							10				STYA1447	OnlineDatabase_WorldAsellidaeDatabase	PROASELLUS_SLAVUS|LAHAU_200703													
Groundwater Asellidae of Austria (C. Englisch,T. Gall-Andreici, C. Griebler, M. Hämmerle, C. Novotny, R. Veits)	Raphael Veits	23		Lobau A	48,1634999302166	16,5456993455426	<1km		AT		Precision Set close to Lobau A Province: Wien Lobau A is a small area of shallow groundwater wells (0-2m) of roughly 30m^2, located in the Eberschüttwasser						Aquatic, Freshwater, Subsurface, Aquifer, Saturated, Hyporheic Zone	Hyporheic zone			Proasellus slavus vindobonensis		Subspecies	Asellidae	Proasellus	slavus	vindobonensis										STYA1372	Literature		https://doi.org/10.1080/03680770.1983.11897571		1984			Danielopol DL (1984) Ecological investigations on the alluvial sediments of the Danube in the Vienna area — a phreatobiological project. SIL Proceedings, 1922-2010 22: 1755–1761. https://doi.org/10.1080/03680770.1983.11897571							
Groundwater Asellidae of Austria (C. Englisch,T. Gall-Andreici, C. Griebler, M. Hämmerle, C. Novotny, R. Veits)	Raphael Veits	23		Lobau A	48,1634999302166	16,5456993455426	<1km		AT		Precision Set close to Lobau A Province: Wien Lobau A is a small area of shallow groundwater wells (0-2m) of roughly 30m^2, located in the Eberschüttwasser						Aquatic, Freshwater, Subsurface, Aquifer, Saturated, Hyporheic Zone	Hyporheic zone			Proasellus slavus vindobonensis		Subspecies	Asellidae	Proasellus	slavus	vindobonensis										STYA1373	Literature		https://doi.org/10.1023/a:1012098706986		2001			Danielopol DL, Pospisil P (2001) Hidden biodiversity in the groundwater of the Danube flood plain national park (Austria). Biodiversity and Conservation 10: 1711–1721.							
Groundwater Asellidae of Austria (C. Englisch,T. Gall-Andreici, C. Griebler, M. Hämmerle, C. Novotny, R. Veits)	Raphael Veits	23		Lobau A	48,1634999302166	16,5456993455426	<1km		AT		Precision Set close to Lobau A area (center) Province: Wien Lobau A is a small area of shallow groundwater wells (0-2m) of roughly 30m^2, located in the Eberschüttwasser						Aquatic, Freshwater, Subsurface, Aquifer, Saturated, Hyporheic Zone	Hyporheic zone			Proasellus slavus vindobonensis		Subspecies	Asellidae	Proasellus	slavus	vindobonensis										STYA1380	Literature			Pospisil P	1994	The groundwater fauna of a Danube aquifer in the ‘Lobau’ wetland in Vienna, Austria.	Groundwater Ecology, Academic Press	Pospisil P (1994) The groundwater fauna of a Danube aquifer in the ‘Lobau’ wetland in Vienna, Austria. In: Gibert J, Danielopol D L, Stanford J, Groundwater Ecology, Academic Press, 217–243							
Groundwater Asellidae of Austria (C. Englisch,T. Gall-Andreici, C. Griebler, M. Hämmerle, C. Novotny, R. Veits)	Raphael Veits	24		Lobau B	48,1608731576482	16,5396170488721	<1km		AT		Precision Set close to Lobau B Province: Wien Lobau B is an area of groundwater wells of roughly 1200m^2 west of the Eberschüttwasser. The area is very diverse with considerable distance to the next surface water (20 -100m)						Aquatic, Freshwater, Subsurface, Aquifer	Well			Proasellus slavus vindobonensis		Subspecies	Asellidae	Proasellus	slavus	vindobonensis										STYA1374	Literature		https://doi.org/10.1023/a:1012098706986		2001			Danielopol DL, Pospisil P (2001) Hidden biodiversity in the groundwater of the Danube flood plain national park (Austria). Biodiversity and Conservation 10: 1711–1721.							
Groundwater Asellidae of Austria (C. Englisch,T. Gall-Andreici, C. Griebler, M. Hämmerle, C. Novotny, R. Veits)	Raphael Veits	24		Lobau B	48,1608731576482	16,5396170488721	<1km		AT		Precision Set close to Lobau B area (center) Province: Wien Lobau B is an area of groundwater wells of roughly 1200m^2 west of the Eberschüttwasser. The area is very diverse with considerable distance to the next surface water (20 -100m)						Aquatic, Freshwater, Subsurface, Aquifer	Well			Proasellus slavus vindobonensis		Subspecies	Asellidae	Proasellus	slavus	vindobonensis										STYA1381	Literature			Pospisil P	1994	The groundwater fauna of a Danube aquifer in the ‘Lobau’ wetland in Vienna, Austria.	Groundwater Ecology, Academic Press	Pospisil P (1994) The groundwater fauna of a Danube aquifer in the ‘Lobau’ wetland in Vienna, Austria. In: Gibert J, Danielopol D L, Stanford J, Groundwater Ecology, Academic Press, 217–243							
Groundwater Asellidae of Austria (C. Englisch,T. Gall-Andreici, C. Griebler, M. Hämmerle, C. Novotny, R. Veits)	Raphael Veits	25		Lobau C	48,1642007717106	16,5456955514035	<1km		AT		Precision Set close to Lobau C Province: Wien Lobau C is an area of groundwater wells (0-12m) of roughly 320 m^2 north east of the Eberschüttwasser, with some wells located inside the reefbelt						Aquatic, Freshwater, Subsurface, Aquifer	Well			Proasellus slavus vindobonensis		Subspecies	Asellidae	Proasellus	slavus	vindobonensis										STYA1375	Literature		https://doi.org/10.1023/a:1012098706986		2001			Danielopol DL, Pospisil P (2001) Hidden biodiversity in the groundwater of the Danube flood plain national park (Austria). Biodiversity and Conservation 10: 1711–1721.							
Groundwater Asellidae of Austria (C. Englisch,T. Gall-Andreici, C. Griebler, M. Hämmerle, C. Novotny, R. Veits)	Raphael Veits	25		Lobau C	48,1642007717106	16,5456955514035	<1km		AT		Precision Set close to Lobau C Province: Wien Lobau C is an area of groundwater wells (0-12m) of roughly 320 m^2 north east of the Eberschüttwasser, with some wells located inside the reefbelt						Aquatic, Freshwater, Subsurface, Aquifer	Well			Proasellus strouhali 		Species	Asellidae	Proasellus	strouhali										Originally recorded as P. strouhali strouhali.	STYA1377	Literature		https://doi.org/10.1023/a:1012098706986		2001			Danielopol DL, Pospisil P (2001) Hidden biodiversity in the groundwater of the Danube flood plain national park (Austria). Biodiversity and Conservation 10: 1711–1721.							
Groundwater Asellidae of Austria (C. Englisch,T. Gall-Andreici, C. Griebler, M. Hämmerle, C. Novotny, R. Veits)	Raphael Veits	25		Lobau C	48,1642007717106	16,5456955514035	<1km		AT		Precision Set close to Lobau C area (center) Province: Wien Lobau C is an area of groundwater wells (0-12m) of roughly 320 m^2 north east of the Eberschüttwasser, with some wells located inside the reefbelt						Aquatic, Freshwater, Subsurface, Aquifer	Well			Proasellus slavus vindobonensis		Subspecies	Asellidae	Proasellus	slavus	vindobonensis										STYA1382	Literature			Pospisil P	1994	The groundwater fauna of a Danube aquifer in the ‘Lobau’ wetland in Vienna, Austria.	Groundwater Ecology, Academic Press	Pospisil P (1994) The groundwater fauna of a Danube aquifer in the ‘Lobau’ wetland in Vienna, Austria. In: Gibert J, Danielopol D L, Stanford J, Groundwater Ecology, Academic Press, 217–243							
Groundwater Asellidae of Austria (C. Englisch,T. Gall-Andreici, C. Griebler, M. Hämmerle, C. Novotny, R. Veits)	Raphael Veits	25		Lobau C	48,1642007717106	16,5456955514035	<1km		AT		Precision Set close to Lobau C area (center) Province: Wien Lobau C is an area of groundwater wells (0-12m) of roughly 320 m^2 north east of the Eberschüttwasser, with some wells located inside the reefbelt						Aquatic, Freshwater, Subsurface, Aquifer	Well			Proasellus strouhali 		Species	Asellidae	Proasellus	strouhali											STYA1383	Literature			Pospisil P	1994	The groundwater fauna of a Danube aquifer in the ‘Lobau’ wetland in Vienna, Austria.	Groundwater Ecology, Academic Press	Pospisil P (1994) The groundwater fauna of a Danube aquifer in the ‘Lobau’ wetland in Vienna, Austria. In: Gibert J, Danielopol D L, Stanford J, Groundwater Ecology, Academic Press, 217–243							
Groundwater Asellidae of Austria (C. Englisch,T. Gall-Andreici, C. Griebler, M. Hämmerle, C. Novotny, R. Veits)	Constanze Englisch			Lobau_Wolfsboden - 154 - S_154	48,1955382698286	16,5160543085103	<100m		AT		Precision Precise Province: Wien	21/03/2022					Aquatic, Freshwater, Subsurface, Aquifer	Well			Proasellus slavus 		Species	Asellidae	Proasellus	slavus							2				HBTC0421	Project: Heat below the city - University of Vienna														
Groundwater Asellidae of Austria (C. Englisch,T. Gall-Andreici, C. Griebler, M. Hämmerle, C. Novotny, R. Veits)	Christoph Novotny	26		LOBAUWET - Lobau	48,1737	16,54488	<100m		AT		Precision Precise Province: Wien	2023					Aquatic, Freshwater, Subsurface, Aquifer	Well			Proasellus slavus 		Species	Asellidae	Proasellus	slavus							1				STYA1436	OnlineDatabase_WorldAsellidaeDatabase	Pslavus_LOBAUWET_202300_OQ538425_No53|NCBI												GenBank_Accession_OQ538425(CO1)	
Groundwater Asellidae of Austria (C. Englisch,T. Gall-Andreici, C. Griebler, M. Hämmerle, C. Novotny, R. Veits)	Christoph Novotny	26		LOBAUWET - Lobau	48,1737	16,54488	<100m		AT		Precision Precise Province: Wien	2023					Aquatic, Freshwater, Subsurface, Aquifer	Well			Proasellus slavus 		Species	Asellidae	Proasellus	slavus							1				STYA1437	OnlineDatabase_WorldAsellidaeDatabase	Pslavus_LOBAUWET_202300_OQ538426_No55|NCBI												GenBank_Accession_OQ538426(CO1)	
Groundwater Asellidae of Austria (C. Englisch,T. Gall-Andreici, C. Griebler, M. Hämmerle, C. Novotny, R. Veits)	Christoph Novotny	27		LS1/OL19 - LSMC	48,1912314	16,490811	<100m		AT		Precision Precise Province: Wien	28/03/2024					Aquatic, Freshwater, Subsurface, Aquifer	Well			Proasellus sp. 		Genus	Asellidae	Proasellus	sp.							1				STYA1484	Project: Stygofauna Austriaca - University of Vienna														
Groundwater Asellidae of Austria (C. Englisch,T. Gall-Andreici, C. Griebler, M. Hämmerle, C. Novotny, R. Veits)	Christoph Novotny	27		LS1/OL19 - LSMC	48,1912314	16,490811	<100m		AT		Precision Precise Province: Wien	2024					Aquatic, Freshwater, Subsurface, Aquifer	Well			Proasellus sp. 		Genus	Asellidae	Proasellus	sp.							1				STYA1485	Project: Stygofauna Austriaca - University of Vienna														
Groundwater Asellidae of Austria (C. Englisch,T. Gall-Andreici, C. Griebler, M. Hämmerle, C. Novotny, R. Veits)	Christoph Novotny			LS2/OL99	48,190487	16,487003	<100m		AT		Precision Precise Province: Wien	29/05/2024					Aquatic, Freshwater, Subsurface, Aquifer	Well			Proasellus sp. 		Genus	Asellidae	Proasellus	sp.							1				STYA1483	Project: Stygofauna Austriaca - University of Vienna														
Groundwater Asellidae of Austria (C. Englisch,T. Gall-Andreici, C. Griebler, M. Hämmerle, C. Novotny, R. Veits)	Constanze Englisch			LSKEneu_1 - 172 - S_172	48,1361815691235	16,4029234725552	<100m		AT		Precision Precise Province: Wien	28/03/2022					Aquatic, Freshwater, Subsurface, Aquifer	Well			Proasellus slavus 		Species	Asellidae	Proasellus	slavus							2				HBTC0423	Project: Heat below the city - University of Vienna														
Groundwater Asellidae of Austria (C. Englisch,T. Gall-Andreici, C. Griebler, M. Hämmerle, C. Novotny, R. Veits)	Constanze Englisch			LSKEneu_3 - 143 - A_143	48,1385818378076	16,3878454867792	<100m		AT		Precision Precise Province: Wien	27/10/2021					Aquatic, Freshwater, Subsurface, Aquifer	Well			Proasellus slavus 		Species	Asellidae	Proasellus	slavus							4				HBTC0375	Project: Heat below the city - University of Vienna														
Groundwater Asellidae of Austria (C. Englisch,T. Gall-Andreici, C. Griebler, M. Hämmerle, C. Novotny, R. Veits)	Constanze Englisch			LSKEneu_3 - 143 - S_143	48,1385818378076	16,3878454867792	<100m		AT		Precision Precise Province: Wien	28/03/2022					Aquatic, Freshwater, Subsurface, Aquifer	Well			Proasellus slavus 		Species	Asellidae	Proasellus	slavus							7				HBTC0415	Project: Heat below the city - University of Vienna														
Groundwater Asellidae of Austria (C. Englisch,T. Gall-Andreici, C. Griebler, M. Hämmerle, C. Novotny, R. Veits)	Raphael Veits			LST3	48,164219603517	16,545683999711	<100m		AT		Precision Precise Province: Wien Grundwaserkurs: Geodata from Lobau Messstellen Database	14/02/2022					Aquatic, Freshwater, Subsurface, Aquifer	Well			Proasellus slavus 		Species	Asellidae	Proasellus	slavus							1				STYA1393	Andreas Fuchs Personal Data														
Groundwater Asellidae of Austria (C. Englisch,T. Gall-Andreici, C. Griebler, M. Hämmerle, C. Novotny, R. Veits)	Christoph Novotny			Lunz am See - Biologische Station	47,85335	15,06533	<100m		AT		Precision Precise Province: Niederösterreich	13/11/2024					Aquatic, Freshwater, Subsurface, Aquifer	Well			Proasellus slavus 		Species	Asellidae	Proasellus	slavus							1				STYA1503	Project: Stygofauna Austriaca - University of Vienna														
Groundwater Asellidae of Austria (C. Englisch,T. Gall-Andreici, C. Griebler, M. Hämmerle, C. Novotny, R. Veits)	Christoph Novotny			MAG92 - Marchfeld, Untersiebenbrunn	48,25873	16,78913	<100m		AT		Precision Precise Province: Niederösterreich	27/04/2024					Aquatic, Freshwater, Subsurface, Aquifer	Well			Proasellus slavus 		Species	Asellidae	Proasellus	slavus							1				STYA1495	Project: Stygofauna Austriaca - University of Vienna														
Groundwater Asellidae of Austria (C. Englisch,T. Gall-Andreici, C. Griebler, M. Hämmerle, C. Novotny, R. Veits)	Constanze Englisch			Mausrodlhöhle (1824/9)	47,8753518	15,0481755	<100m		AT		Precision Set close to cave entrance Province: Niederösterreich						Aquatic, Freshwater, Subsurface, Aquifer, Karst	Cave			Proasellus strouhali 		Species	Asellidae	Proasellus	strouhali										Originally recorded as Asellus sp. Legator: P.A. Chappuis. According to Strouhal H (1958) Asellus (Proasellus) im nördlichen Österreich (Isopoda, Asellota). Annalen des Naturhistorischen Museums in Wien: 263–282. Available from: http://www.jstor.org/stable/41768681. the probability of the specimen being P. strouhali is very high, however he did not get to see the animals himself. Can also be found in Brehm V (1942) Nochmals die Biocoenosen der Lunzer Gewässer. Internat. Revue ges. Hydrobiol. 42: 289–316. AND IN Strouhal H, Vornatscher J (1975) Katalog der rezenten Höhlentiere Österreichs. Annalen des Naturhistorischen Museums in Wien 79: 401–542. AND IN Danielopol DL (1976) Sur la distribution géographique de la faune interstitielle du Danube et de certains de ses affluents en Basse-Autriche. International Journal of Speleology 8: 323–329. https://doi.org/10.5038/1827-806x.8.4.2., where states that the distribution of P. strouhali in this area (lower Austria) is much more limited that that of P. slavus. Can also be found in: Wolf B (1934) 1–3 Animalium Cavernarum Catalogua. Berlin. AND IN  Breuss W (1995) Zum Vorkommen von Arthropoden in einigen Höhlen Vorarlbergs (Österreich). Berichte des naturwissenschaftlichen-medizinischen Verein Innsbruck 82: 227–240. 	STYA1335	Literature			Chappuis PA	1934	Ostalpine Höhlencopepoden.	Institutul de Speologie, Cluj. Bulletin de la Société des Sciences de Cluj (Roumanie).	Chappuis PA (1934) Ostalpine Höhlencopepoden. Institutul de Speologie, Cluj. Bulletin de la Société des Sciences de Cluj (Roumanie), 211–217pp.							
Groundwater Asellidae of Austria (C. Englisch,T. Gall-Andreici, C. Griebler, M. Hämmerle, C. Novotny, R. Veits)	Christoph Novotny			Mausrodlhöhle (1824/9) - H84	47,8753518	15,0481755	<100m		AT		Precision Precise Province: Niederösterreich	2024					Aquatic, Freshwater, Subsurface, Aquifer, Karst	Cave			Proasellus strouhali 		Species	Asellidae	Proasellus	strouhali							5			Sequence coming from Lyon	STYA1457	Project: Stygofauna Austriaca - University of Vienna														
Groundwater Asellidae of Austria (C. Englisch,T. Gall-Andreici, C. Griebler, M. Hämmerle, C. Novotny, R. Veits)	Christoph Novotny			Mausrodlhöhle (1824/9) - H86	47,8753518	15,0481755	<100m		AT		Precision Precise Province: Niederösterreich	27/10/2024					Aquatic, Freshwater, Subsurface, Aquifer, Karst	Cave			Proasellus strouhali 		Species	Asellidae	Proasellus	strouhali							3			Sequence from Lyon	STYA1456	Project: Stygofauna Austriaca - University of Vienna														
Groundwater Asellidae of Austria (C. Englisch,T. Gall-Andreici, C. Griebler, M. Hämmerle, C. Novotny, R. Veits)	Constanze Englisch			N_GB17_P - 136 - A_136	48,2036429244731	16,3795279575208	<100m		AT		Precision Precise Province: Wien	12/10/2021					Aquatic, Freshwater, Subsurface, Aquifer	Well			Proasellus slavus 		Species	Asellidae	Proasellus	slavus							1				HBTC0374	Project: Heat below the city - University of Vienna														
Groundwater Asellidae of Austria (C. Englisch,T. Gall-Andreici, C. Griebler, M. Hämmerle, C. Novotny, R. Veits)	Constanze Englisch			N_GB17_P - 136 - S_136	48,2036429244731	16,3795279575208	<100m		AT		Precision Precise Province: Wien	15/03/2022					Aquatic, Freshwater, Subsurface, Aquifer	Well			Proasellus slavus 		Species	Asellidae	Proasellus	slavus							2				HBTC0414	Project: Heat below the city - University of Vienna														
Groundwater Asellidae of Austria (C. Englisch,T. Gall-Andreici, C. Griebler, M. Hämmerle, C. Novotny, R. Veits)	Constanze Englisch			Northern Vienna	48,3003593434338	16,4084622405156	<10km		AT		Precision Set close to Point on Map Province: Wien										Proasellus slavus 		Species	Asellidae	Proasellus	slavus										This entry is uncertain.	STYA1270	Literature		10.5038/1827-806x.8.4.2		1976			Danielopol DL (1976) Sur la distribution géographique de la faune interstitielle du Danube et de certains de ses affluents en Basse-Autriche. International Journal of Speleology 8: 323–329. https://doi.org/10.5038/1827-806x.8.4.2							
Groundwater Asellidae of Austria (C. Englisch,T. Gall-Andreici, C. Griebler, M. Hämmerle, C. Novotny, R. Veits)	Constanze Englisch			Northern-western edge Vienna	48,3099378473614	16,3873858280869	<10km		AT		Precision Set close to Point on Map Province: Wien										Proasellus slavus 		Species	Asellidae	Proasellus	slavus										This entry is uncertain.	STYA1271	Literature		10.5038/1827-806x.8.4.2		1976			Danielopol DL (1976) Sur la distribution géographique de la faune interstitielle du Danube et de certains de ses affluents en Basse-Autriche. International Journal of Speleology 8: 323–329. https://doi.org/10.5038/1827-806x.8.4.2							
Groundwater Asellidae of Austria (C. Englisch,T. Gall-Andreici, C. Griebler, M. Hämmerle, C. Novotny, R. Veits)	Constanze Englisch			Norton pump Lobau	48,178267	16,489542	<1km		AT		Precision Set close to Lobau above the Ölhafen, opposite the Winterhafen, about 20-30 m from the banks of the Danube (and Point on Map) Province: Wien						Aquatic, Freshwater, Subsurface, Aquifer	Well			Proasellus slavus 		Species	Asellidae	Proasellus	slavus											STYA1267	Literature		10.5038/1827-806x.8.4.2		1976			Danielopol DL (1976) Sur la distribution géographique de la faune interstitielle du Danube et de certains de ses affluents en Basse-Autriche. International Journal of Speleology 8: 323–329. https://doi.org/10.5038/1827-806x.8.4.2							
Groundwater Asellidae of Austria (C. Englisch,T. Gall-Andreici, C. Griebler, M. Hämmerle, C. Novotny, R. Veits)	Constanze Englisch			Norton pump Melk	48,2273165661867	15,3321256585037	<10km		AT		Precision Set close to Rathaus Melk (Rathausplatz 11, 3390 Melk, city center) (and Point on Map) Province: Niederösterreich						Aquatic, Freshwater, Subsurface, Aquifer	Well			Proasellus slavus 		Species	Asellidae	Proasellus	slavus											STYA1273	Literature		10.5038/1827-806x.8.4.2		1976			Danielopol DL (1976) Sur la distribution géographique de la faune interstitielle du Danube et de certains de ses affluents en Basse-Autriche. International Journal of Speleology 8: 323–329. https://doi.org/10.5038/1827-806x.8.4.2							
Groundwater Asellidae of Austria (C. Englisch,T. Gall-Andreici, C. Griebler, M. Hämmerle, C. Novotny, R. Veits)	Constanze Englisch			P12 - 12	46,7276	15,6619911	<100m		AT		Precision Precise Province: Steiermark	05/06/2020					Aquatic, Freshwater, Subsurface, Aquifer	Well			Proasellus sp. 		Genus	Asellidae	Proasellus	sp.							9				MUR0092	Project: Styria Mur - University of Vienna														
Groundwater Asellidae of Austria (C. Englisch,T. Gall-Andreici, C. Griebler, M. Hämmerle, C. Novotny, R. Veits)	Christoph Novotny	28		P15 - Lunz am See	47,85338256	15,065202557	<100m		AT		Precision Precise Province: Niederösterreich	2024					Aquatic, Freshwater, Subsurface, Aquifer	Well			Proasellus sp. 		Genus	Asellidae	Proasellus	sp.							1				STYA1462	Project: Stygofauna Austriaca - University of Vienna														
Groundwater Asellidae of Austria (C. Englisch,T. Gall-Andreici, C. Griebler, M. Hämmerle, C. Novotny, R. Veits)	Christoph Novotny	28		P15 - Lunz am See	47,85338256	15,065202557	<100m		AT		Precision Precise Province: Niederösterreich	13/11/2024					Aquatic, Freshwater, Subsurface, Aquifer	Well			Proasellus sp. 		Genus	Asellidae	Proasellus	sp.							2				STYA1466	Project: Stygofauna Austriaca - University of Vienna														
Groundwater Asellidae of Austria (C. Englisch,T. Gall-Andreici, C. Griebler, M. Hämmerle, C. Novotny, R. Veits)	Constanze Englisch			P22 - 22	47,04592163	15,43907088	<100m		AT		Precision Precise Province: Steiermark	23/10/2020					Aquatic, Freshwater, Subsurface, Aquifer	Well			Proasellus sp. 		Genus	Asellidae	Proasellus	sp.							2				MUR0081	Project: Styria Mur - University of Vienna														
Groundwater Asellidae of Austria (C. Englisch,T. Gall-Andreici, C. Griebler, M. Hämmerle, C. Novotny, R. Veits)	Christoph Novotny			P22-F	47,04592163	15,43907088	<100m		AT		Precision Precise Province: Steiermark	28/10/2021					Aquatic, Freshwater, Subsurface, Aquifer	Well			Proasellus sp. 		Genus	Asellidae	Proasellus	sp.							3				MUR0099	Project: Styria Mur - University of Vienna														
Groundwater Asellidae of Austria (C. Englisch,T. Gall-Andreici, C. Griebler, M. Hämmerle, C. Novotny, R. Veits)	Christoph Novotny			P22-G	47,04592163	15,43907088	<100m		AT		Precision Precise Province: Steiermark	02/12/2021					Aquatic, Freshwater, Subsurface, Aquifer	Well			Proasellus slavus 		Species	Asellidae	Proasellus	slavus							89			Sequence from Lyon	MUR0100	Project: Styria Mur - University of Vienna														
Groundwater Asellidae of Austria (C. Englisch,T. Gall-Andreici, C. Griebler, M. Hämmerle, C. Novotny, R. Veits)	Christoph Novotny			P22-H	47,04592163	15,43907088	<100m		AT		Precision Precise Province: Steiermark	19/01/2022					Aquatic, Freshwater, Subsurface, Aquifer	Well			Proasellus slavus 		Species	Asellidae	Proasellus	slavus							47			Sequence from Lyon	MUR0101	Project: Styria Mur - University of Vienna														
Groundwater Asellidae of Austria (C. Englisch,T. Gall-Andreici, C. Griebler, M. Hämmerle, C. Novotny, R. Veits)	Christoph Novotny			P22-I	47,04592163	15,43907088	<100m		AT		Precision Precise Province: Steiermark	25/03/2022					Aquatic, Freshwater, Subsurface, Aquifer	Well			Proasellus sp. 		Genus	Asellidae	Proasellus	sp.							62				MUR0102	Project: Styria Mur - University of Vienna														
Groundwater Asellidae of Austria (C. Englisch,T. Gall-Andreici, C. Griebler, M. Hämmerle, C. Novotny, R. Veits)	Constanze Englisch	29		P24 - 24	47,04999876	15,42226039	<100m		AT		Precision Precise Province: Steiermark	23/10/2020					Aquatic, Freshwater, Subsurface, Aquifer	Well			Proasellus slavus 		Species	Asellidae	Proasellus	slavus							3				MUR0075	Project: Styria Mur - University of Vienna														
Groundwater Asellidae of Austria (C. Englisch,T. Gall-Andreici, C. Griebler, M. Hämmerle, C. Novotny, R. Veits)	Constanze Englisch	29		P24 - 24	47,04999876	15,42226039	<100m		AT		Precision Precise Province: Steiermark	11/06/2020					Aquatic, Freshwater, Subsurface, Aquifer	Well			Proasellus sp. 		Genus	Asellidae	Proasellus	sp.							1				MUR0093	Project: Styria Mur - University of Vienna														
Groundwater Asellidae of Austria (C. Englisch,T. Gall-Andreici, C. Griebler, M. Hämmerle, C. Novotny, R. Veits)	Constanze Englisch			P27 - 27	47,06043397	15,43187862	<100m		AT		Precision Precise Province: Steiermark	23/10/2020					Aquatic, Freshwater, Subsurface, Aquifer	Well			Proasellus sp. 		Genus	Asellidae	Proasellus	sp.							1				MUR0082	Project: Styria Mur - University of Vienna														
Groundwater Asellidae of Austria (C. Englisch,T. Gall-Andreici, C. Griebler, M. Hämmerle, C. Novotny, R. Veits)	Constanze Englisch			P28 - 28	46,96719426	15,4857619	<100m		AT		Precision Precise Province: Steiermark	28/10/2020					Aquatic, Freshwater, Subsurface, Aquifer	Well			Proasellus slavus 		Species	Asellidae	Proasellus	slavus							9				MUR0076	Project: Styria Mur - University of Vienna														
Groundwater Asellidae of Austria (C. Englisch,T. Gall-Andreici, C. Griebler, M. Hämmerle, C. Novotny, R. Veits)	Constanze Englisch			P3 - 3	46,7185939	15,89999288	<100m		AT		Precision Precise Province: Steiermark	15/10/2020					Aquatic, Freshwater, Subsurface, Aquifer	Well			Proasellus sp. 		Genus	Asellidae	Proasellus	sp.							2				MUR0078	Project: Styria Mur - University of Vienna														
Groundwater Asellidae of Austria (C. Englisch,T. Gall-Andreici, C. Griebler, M. Hämmerle, C. Novotny, R. Veits)	Constanze Englisch	30		P31 - 31	46,96708815	15,45925759	<100m		AT		Precision Precise Province: Steiermark	28/10/2020					Aquatic, Freshwater, Subsurface, Aquifer	Well			Proasellus slavus 		Species	Asellidae	Proasellus	slavus							10				MUR0077	Project: Styria Mur - University of Vienna														
Groundwater Asellidae of Austria (C. Englisch,T. Gall-Andreici, C. Griebler, M. Hämmerle, C. Novotny, R. Veits)	Constanze Englisch	30		P31 - 31	46,96708815	15,45925759	<100m		AT		Precision Precise Province: Steiermark	12/06/2020					Aquatic, Freshwater, Subsurface, Aquifer	Well			Proasellus sp. 		Genus	Asellidae	Proasellus	sp.							2				MUR0094	Project: Styria Mur - University of Vienna														
Groundwater Asellidae of Austria (C. Englisch,T. Gall-Andreici, C. Griebler, M. Hämmerle, C. Novotny, R. Veits)	Constanze Englisch			P34 - 34	46,96318057	15,44583194	<100m		AT		Precision Precise Province: Steiermark	28/10/2020					Aquatic, Freshwater, Subsurface, Aquifer	Well			Proasellus sp. 		Genus	Asellidae	Proasellus	sp.							3				MUR0083	Project: Styria Mur - University of Vienna														
Groundwater Asellidae of Austria (C. Englisch,T. Gall-Andreici, C. Griebler, M. Hämmerle, C. Novotny, R. Veits)	Constanze Englisch			P37 - 37	46,95844431	15,46770747	<100m		AT		Precision Precise Province: Steiermark	28/10/2020					Aquatic, Freshwater, Subsurface, Aquifer	Well			Proasellus sp. 		Genus	Asellidae	Proasellus	sp.							3				MUR0084	Project: Styria Mur - University of Vienna														
Groundwater Asellidae of Austria (C. Englisch,T. Gall-Andreici, C. Griebler, M. Hämmerle, C. Novotny, R. Veits)	Constanze Englisch	31		P4 - 4	46,73451389	15,90266103	<100m		AT		Precision Precise Province: Steiermark	15/10/2020					Aquatic, Freshwater, Subsurface, Aquifer	Well			Proasellus sp. 		Genus	Asellidae	Proasellus	sp.							2				MUR0079	Project: Styria Mur - University of Vienna														
Groundwater Asellidae of Austria (C. Englisch,T. Gall-Andreici, C. Griebler, M. Hämmerle, C. Novotny, R. Veits)	Constanze Englisch	31		P4 - 4	46,73451389	15,90266103	<100m		AT		Precision Precise Province: Steiermark	04/06/2020					Aquatic, Freshwater, Subsurface, Aquifer	Well			Proasellus sp. 		Genus	Asellidae	Proasellus	sp.							9				MUR0087	Project: Styria Mur - University of Vienna														
Groundwater Asellidae of Austria (C. Englisch,T. Gall-Andreici, C. Griebler, M. Hämmerle, C. Novotny, R. Veits)	Constanze Englisch	32		P45 - 45	46,80577681	15,56993244	<100m		AT		Precision Precise Province: Steiermark	22/10/2020					Aquatic, Freshwater, Subsurface, Aquifer	Well			Proasellus sp. 		Genus	Asellidae	Proasellus	sp.							1				MUR0085	Project: Styria Mur - University of Vienna														
Groundwater Asellidae of Austria (C. Englisch,T. Gall-Andreici, C. Griebler, M. Hämmerle, C. Novotny, R. Veits)	Constanze Englisch	32		P45 - 45	46,80577681	15,56993244	<100m		AT		Precision Precise Province: Steiermark	17/06/2020					Aquatic, Freshwater, Subsurface, Aquifer	Well			Proasellus sp. 		Genus	Asellidae	Proasellus	sp.							1				MUR0095	Project: Styria Mur - University of Vienna														
Groundwater Asellidae of Austria (C. Englisch,T. Gall-Andreici, C. Griebler, M. Hämmerle, C. Novotny, R. Veits)	Christoph Novotny			P45-F	46,80577681	15,56993244	<100m		AT		Precision Precise Province: Steiermark	28/10/2021					Aquatic, Freshwater, Subsurface, Aquifer	Well			Proasellus slavus 		Species	Asellidae	Proasellus	slavus							1			Sequence from Lyon	MUR0104	Project: Styria Mur - University of Vienna														
Groundwater Asellidae of Austria (C. Englisch,T. Gall-Andreici, C. Griebler, M. Hämmerle, C. Novotny, R. Veits)	Christoph Novotny			P45-G	46,80577681	15,56993244	<100m		AT		Precision Precise Province: Steiermark	02/12/2021					Aquatic, Freshwater, Subsurface, Aquifer	Well			Proasellus slavus 		Species	Asellidae	Proasellus	slavus							3			Sequence from Lyon	MUR0105	Project: Styria Mur - University of Vienna														
Groundwater Asellidae of Austria (C. Englisch,T. Gall-Andreici, C. Griebler, M. Hämmerle, C. Novotny, R. Veits)	Christoph Novotny			P45-I	46,80577681	15,56993244	<100m		AT		Precision Precise Province: Steiermark	25/03/2022					Aquatic, Freshwater, Subsurface, Aquifer	Well			Proasellus sp. 		Genus	Asellidae	Proasellus	sp.							2				MUR0106	Project: Styria Mur - University of Vienna														
Groundwater Asellidae of Austria (C. Englisch,T. Gall-Andreici, C. Griebler, M. Hämmerle, C. Novotny, R. Veits)	Constanze Englisch			P47 - 47	46,83767	15,56132	<100m		AT		Precision Precise Province: Steiermark	17/06/2020					Aquatic, Freshwater, Subsurface, Aquifer	Well			Proasellus sp. 		Genus	Asellidae	Proasellus	sp.							1				MUR0096	Project: Styria Mur - University of Vienna														
Groundwater Asellidae of Austria (C. Englisch,T. Gall-Andreici, C. Griebler, M. Hämmerle, C. Novotny, R. Veits)	Constanze Englisch	33		P5 - 5	46,70192654	15,75393797	<100m		AT		Precision Precise Province: Steiermark	16/10/2020					Aquatic, Freshwater, Subsurface, Aquifer	Well			Proasellus slavus 		Species	Asellidae	Proasellus	slavus							14			Sequence coming from Lyon	MUR0072	Project: Styria Mur - University of Vienna														
Groundwater Asellidae of Austria (C. Englisch,T. Gall-Andreici, C. Griebler, M. Hämmerle, C. Novotny, R. Veits)	Constanze Englisch	33		P5 - 5	46,70192654	15,75393797	<100m		AT		Precision Precise Province: Steiermark	04/06/2020					Aquatic, Freshwater, Subsurface, Aquifer	Well			Proasellus sp. 		Genus	Asellidae	Proasellus	sp.							21				MUR0088	Project: Styria Mur - University of Vienna														
Groundwater Asellidae of Austria (C. Englisch,T. Gall-Andreici, C. Griebler, M. Hämmerle, C. Novotny, R. Veits)	Constanze Englisch	34		P51 - 51	47,17600199	15,32593766	<100m		AT		Precision Precise Province: Steiermark	29/10/2020					Aquatic, Freshwater, Subsurface, Aquifer	Well			Proasellus sp. 		Genus	Asellidae	Proasellus	sp.							5				MUR0086	Project: Styria Mur - University of Vienna														
Groundwater Asellidae of Austria (C. Englisch,T. Gall-Andreici, C. Griebler, M. Hämmerle, C. Novotny, R. Veits)	Constanze Englisch	34		P51 - 51	47,17600199	15,32593766	<100m		AT		Precision Precise Province: Steiermark	18/06/2020					Aquatic, Freshwater, Subsurface, Aquifer	Well			Proasellus sp. 		Genus	Asellidae	Proasellus	sp.							1				MUR0097	Project: Styria Mur - University of Vienna														
Groundwater Asellidae of Austria (C. Englisch,T. Gall-Andreici, C. Griebler, M. Hämmerle, C. Novotny, R. Veits)	Constanze Englisch			P56 - 56	47,24589535	15,31484872	<100m		AT		Precision Precise Province: Steiermark	18/06/2020					Aquatic, Freshwater, Subsurface, Aquifer	Well			Proasellus sp. 		Genus	Asellidae	Proasellus	sp.							1				MUR0098	Project: Styria Mur - University of Vienna														
Groundwater Asellidae of Austria (C. Englisch,T. Gall-Andreici, C. Griebler, M. Hämmerle, C. Novotny, R. Veits)	Constanze Englisch	35		P7 - 7	46,71139064	15,75233409	<100m		AT		Precision Precise Province: Steiermark	16/10/2020					Aquatic, Freshwater, Subsurface, Aquifer	Well			Proasellus slavus 		Species	Asellidae	Proasellus	slavus							15				MUR0073	Project: Styria Mur - University of Vienna														
Groundwater Asellidae of Austria (C. Englisch,T. Gall-Andreici, C. Griebler, M. Hämmerle, C. Novotny, R. Veits)	Constanze Englisch	35		P7 - 7	46,71139064	15,75233409	<100m		AT		Precision Precise Province: Steiermark	04/06/2020					Aquatic, Freshwater, Subsurface, Aquifer	Well			Proasellus sp. 		Genus	Asellidae	Proasellus	sp.							21				MUR0089	Project: Styria Mur - University of Vienna														
Groundwater Asellidae of Austria (C. Englisch,T. Gall-Andreici, C. Griebler, M. Hämmerle, C. Novotny, R. Veits)	Constanze Englisch	36		P8 - 8	46,70710998	15,65976406	<100m		AT		Precision Precise Province: Steiermark	16/10/2020					Aquatic, Freshwater, Subsurface, Aquifer	Well			Proasellus sp. 		Genus	Asellidae	Proasellus	sp.							1				MUR0080	Project: Styria Mur - University of Vienna														
Groundwater Asellidae of Austria (C. Englisch,T. Gall-Andreici, C. Griebler, M. Hämmerle, C. Novotny, R. Veits)	Constanze Englisch	36		P8 - 8	46,70710998	15,65976406	<100m		AT		Precision Precise Province: Steiermark	17/06/2020					Aquatic, Freshwater, Subsurface, Aquifer	Well			Proasellus sp. 		Genus	Asellidae	Proasellus	sp.							1				MUR0090	Project: Styria Mur - University of Vienna														
Groundwater Asellidae of Austria (C. Englisch,T. Gall-Andreici, C. Griebler, M. Hämmerle, C. Novotny, R. Veits)	Christoph Novotny			P8-F	46,70710998	15,65976406	<100m		AT		Precision Precise Province: Steiermark	28/10/2021					Aquatic, Freshwater, Subsurface, Aquifer	Well			Proasellus sp. 		Genus	Asellidae	Proasellus	sp.							1				MUR0103	Project: Styria Mur - University of Vienna														
Groundwater Asellidae of Austria (C. Englisch,T. Gall-Andreici, C. Griebler, M. Hämmerle, C. Novotny, R. Veits)	Constanze Englisch	37		P9 - 9	46,71239362	15,65459249	<100m		AT		Precision Precise Province: Steiermark	16/10/2020					Aquatic, Freshwater, Subsurface, Aquifer	Well			Proasellus slavus 		Species	Asellidae	Proasellus	slavus							10				MUR0074	Project: Styria Mur - University of Vienna														
Groundwater Asellidae of Austria (C. Englisch,T. Gall-Andreici, C. Griebler, M. Hämmerle, C. Novotny, R. Veits)	Constanze Englisch	37		P9 - 9	46,71239362	15,65459249	<100m		AT		Precision Precise Province: Steiermark	05/06/2020					Aquatic, Freshwater, Subsurface, Aquifer	Well			Proasellus sp. 		Genus	Asellidae	Proasellus	sp.							6				MUR0091	Project: Styria Mur - University of Vienna														
Groundwater Asellidae of Austria (C. Englisch,T. Gall-Andreici, C. Griebler, M. Hämmerle, C. Novotny, R. Veits)	Constanze Englisch			PBR23 - 147 - A_147	48,2106157164531	16,5104944694387	<100m		AT		Precision Precise Province: Wien	15/11/2021					Aquatic, Freshwater, Subsurface, Aquifer	Well			Proasellus slavus 		Species	Asellidae	Proasellus	slavus							3				HBTC0377	Project: Heat below the city - University of Vienna														
Groundwater Asellidae of Austria (C. Englisch,T. Gall-Andreici, C. Griebler, M. Hämmerle, C. Novotny, R. Veits)	Constanze Englisch			PBR23 - 147 - S_147	48,2106157164531	16,5104944694387	<100m		AT		Precision Precise Province: Wien	23/03/2022					Aquatic, Freshwater, Subsurface, Aquifer	Well			Proasellus slavus 		Species	Asellidae	Proasellus	slavus							1				HBTC0416	Project: Heat below the city - University of Vienna														
Groundwater Asellidae of Austria (C. Englisch,T. Gall-Andreici, C. Griebler, M. Hämmerle, C. Novotny, R. Veits)	Constanze Englisch			PE_B1 - 148 - A_148	48,1897565046391	16,4165346619317	<100m		AT		Precision Precise Province: Wien	24/11/2021					Aquatic, Freshwater, Subsurface, Aquifer	Well			Proasellus slavus 		Species	Asellidae	Proasellus	slavus							9				HBTC0378	Project: Heat below the city - University of Vienna														
Groundwater Asellidae of Austria (C. Englisch,T. Gall-Andreici, C. Griebler, M. Hämmerle, C. Novotny, R. Veits)	Constanze Englisch			PE_B1 - 148 - S_148	48,1897565046391	16,4165346619317	<100m		AT		Precision Precise Province: Wien	16/03/2022					Aquatic, Freshwater, Subsurface, Aquifer	Well			Proasellus slavus 		Species	Asellidae	Proasellus	slavus							3				HBTC0417	Project: Heat below the city - University of Vienna														
Groundwater Asellidae of Austria (C. Englisch,T. Gall-Andreici, C. Griebler, M. Hämmerle, C. Novotny, R. Veits)	Christoph Novotny			Pfarrkirchen - Hauswasserwerk	48,02871	14,20087	<100m		AT		Precision Precise Province: Oberösterreich	06/02/2024					Aquatic, Freshwater, Subsurface, Aquifer	Well			Proasellus strouhali 		Species	Asellidae	Proasellus	strouhali							2				STYA1504	Project: Stygofauna Austriaca - University of Vienna														
Groundwater Asellidae of Austria (C. Englisch,T. Gall-Andreici, C. Griebler, M. Hämmerle, C. Novotny, R. Veits)	Constanze Englisch			PG92200542 - 14 - A_14	48,2291048530978	16,4926798034664	<100m		AT		Precision Precise Province: Wien	13/10/2021					Aquatic, Freshwater, Subsurface, Aquifer	Well			Proasellus slavus 		Species	Asellidae	Proasellus	slavus							1				HBTC0334	Project: Heat below the city - University of Vienna														
Groundwater Asellidae of Austria (C. Englisch,T. Gall-Andreici, C. Griebler, M. Hämmerle, C. Novotny, R. Veits)	Constanze Englisch			Piezometer-Sonde Eberschüttwasser - T3	48,163331	16,544557	<1km		AT		Precision Set close to 20 m away from the shore of the Eberschüttwasser and 50 m away from the sampling point Bou-Rouch Eberschüttwasser Province: Wien. Water mainly from gravel horizons.						Aquatic, Freshwater, Subsurface, Aquifer	Well			Proasellus slavus 		Species	Asellidae	Proasellus	slavus											STYA1325	Literature		10.5038/1827-806x.8.4.2		1976			Danielopol DL (1976) Sur la distribution géographique de la faune interstitielle du Danube et de certains de ses affluents en Basse-Autriche. International Journal of Speleology 8: 323–329. https://doi.org/10.5038/1827-806x.8.4.2							
Groundwater Asellidae of Austria (C. Englisch,T. Gall-Andreici, C. Griebler, M. Hämmerle, C. Novotny, R. Veits)	Christoph Novotny			Pr6 - Straneggbach Hyporheal	47,77735	13,97017	<100m		AT		Precision Precise Province: Oberösterreich	2024					Aquatic, Freshwater, Subsurface, Aquifer, Saturated, Hyporheic Zone	Hyporheic zone			Proasellus slavus 		Species	Asellidae	Proasellus	slavus							3			Sequence from Lyon	STYA1460	Project: Stygofauna Austriaca - University of Vienna														
Groundwater Asellidae of Austria (C. Englisch,T. Gall-Andreici, C. Griebler, M. Hämmerle, C. Novotny, R. Veits)	Constanze Englisch			Quelle an der Straße am Westausgang des Ortes Neukirchen	47,878641	13,708812	<10km		AT		Precision Set close to West of Neukirchen Province: Oberösterreich. Quelle aus eiszeitlichem Koglomerat entspringend.						Aquatic, Freshwater, Subsurface, Aquifer	Spring			Proasellus strouhali 		Species	Asellidae	Proasellus	strouhali							5			5 females.	STYA1331	Literature		http://www.jstor.org/stable/41768681.		1958			Strouhal H (1958) Asellus (Proasellus) im nördlichen Österreich (Isopoda, Asellota). Annalen des Naturhistorischen Museums in Wien: 263–282. Available from: http://www.jstor.org/stable/41768681.							
Groundwater Asellidae of Austria (C. Englisch,T. Gall-Andreici, C. Griebler, M. Hämmerle, C. Novotny, R. Veits)	Constanze Englisch			Quellen auf der unteren Enzianwiese am Westhang des Kollmannsberges	47,86478	13,710286	<10km		AT		Precision Set close to Westhang des Kollmannsberges Province: Oberösterreich						Aquatic, Freshwater, Subsurface, Aquifer	Spring			Proasellus strouhali 		Species	Asellidae	Proasellus	strouhali							28			7 males, 9 females. 6 males, 6 females. Several with eggs.	STYA1332	Literature		http://www.jstor.org/stable/41768681.		1958			Strouhal H (1958) Asellus (Proasellus) im nördlichen Österreich (Isopoda, Asellota). Annalen des Naturhistorischen Museums in Wien: 263–282. Available from: http://www.jstor.org/stable/41768681.							
Groundwater Asellidae of Austria (C. Englisch,T. Gall-Andreici, C. Griebler, M. Hämmerle, C. Novotny, R. Veits)	Raphael Veits			Regelsbrunn	48,1204402589335	16,7465991265957	<10km		AT		Precision Set close to Regelsbrunn Province: Niederösterreich Regelsbrunn is an area of groundwaterwells in the Regelbrunner Au						Aquatic, Freshwater, Subsurface, Aquifer	Well			Proasellus slavus vindobonensis		Subspecies	Asellidae	Proasellus	slavus	vindobonensis										STYA1376	Literature		https://doi.org/10.1023/a:1012098706986		2001			Danielopol DL, Pospisil P (2001) Hidden biodiversity in the groundwater of the Danube flood plain national park (Austria). Biodiversity and Conservation 10: 1711–1721.							
Groundwater Asellidae of Austria (C. Englisch,T. Gall-Andreici, C. Griebler, M. Hämmerle, C. Novotny, R. Veits)	Max Hämmerle			Rettenbachhöhle bei Windischgarsten (1651/1) - EUK, REH	47,7584341837524	14,3181821459125	<100m		AT		Precision Set close to cave entrance Province: Oberösterreich						Aquatic, Freshwater, Subsurface, Aquifer, Karst	Cave			Proasellus sp. 		Genus	Asellidae	Proasellus	sp.										probably Proasellus cavaticus (Leydig, 1871)	STYA1369	Literature			Haseke H | Weigand E	2000	Leben in unterirdischen Gewässern der Rettenbachhöhle (1651/1).	Mitteilungen des Landesvereins für Höhlenkunde in Oberösterreich	Haseke H, Weigand E (2000) Leben in unterirdischen Gewässern der Rettenbachhöhle (1651/1). Mitteilungen des Landesvereins für Höhlenkunde in Oberösterreich 105: 14–38.  							
Groundwater Asellidae of Austria (C. Englisch,T. Gall-Andreici, C. Griebler, M. Hämmerle, C. Novotny, R. Veits)	Constanze Englisch			S11 - 151 - A_151	48,2279337956598	16,5150569238741	<100m		AT		Precision Precise Province: Wien	13/10/2021					Aquatic, Freshwater, Subsurface, Aquifer	Well			Proasellus slavus 		Species	Asellidae	Proasellus	slavus							23				HBTC0379	Project: Heat below the city - University of Vienna														
Groundwater Asellidae of Austria (C. Englisch,T. Gall-Andreici, C. Griebler, M. Hämmerle, C. Novotny, R. Veits)	Constanze Englisch			S11_GBA - 151 - S_151	48,2279337956598	16,5150569238741	<100m		AT		Precision Precise Province: Wien	08/03/2022					Aquatic, Freshwater, Subsurface, Aquifer	Well			Proasellus slavus 		Species	Asellidae	Proasellus	slavus							8				HBTC0418	Project: Heat below the city - University of Vienna														
Groundwater Asellidae of Austria (C. Englisch,T. Gall-Andreici, C. Griebler, M. Hämmerle, C. Novotny, R. Veits)	Constanze Englisch			S2a_GBA - 152 - S_152	48,2252600894527	16,4956379226588	<100m		AT		Precision Precise Province: Wien	08/03/2022					Aquatic, Freshwater, Subsurface, Aquifer	Well			Proasellus slavus 		Species	Asellidae	Proasellus	slavus							2				HBTC0419	Project: Heat below the city - University of Vienna														
Groundwater Asellidae of Austria (C. Englisch,T. Gall-Andreici, C. Griebler, M. Hämmerle, C. Novotny, R. Veits)	Constanze Englisch			S6_IQ - 153 - A_153	48,2215558219351	16,5115313289601	<100m		AT		Precision Precise Province: Wien	13/10/2021					Aquatic, Freshwater, Subsurface, Aquifer	Well			Proasellus slavus 		Species	Asellidae	Proasellus	slavus							4				HBTC0380	Project: Heat below the city - University of Vienna														
Groundwater Asellidae of Austria (C. Englisch,T. Gall-Andreici, C. Griebler, M. Hämmerle, C. Novotny, R. Veits)	Constanze Englisch			S6_IQ - 153 - S_153	48,2215558219351	16,5115313289601	<100m		AT		Precision Precise Province: Wien	08/03/2022					Aquatic, Freshwater, Subsurface, Aquifer	Well			Proasellus slavus 		Species	Asellidae	Proasellus	slavus							2				HBTC0420	Project: Heat below the city - University of Vienna														
Groundwater Asellidae of Austria (C. Englisch,T. Gall-Andreici, C. Griebler, M. Hämmerle, C. Novotny, R. Veits)	Christoph Novotny	38		Salzburg	47,8005	13,0444	<100m		AT		Precision Precise Province: Salzburg						Aquatic, Freshwater, Subsurface, Aquifer, Saturated, Hyporheic Zone	Lake, Hyporheic Zone			Proasellus strouhali 		Species	Asellidae	Proasellus	strouhali											STYA1431	OnlineDatabase_WorldAsellidaeDatabase	PROASELLUS_STROUHALI_STROUHALI|SALZBUR1_000000		Karaman S	1955	Asellus cavaticus Schiodte und seine Nachstverwandten.	Acta Musei Macedonici Scientiarum Naturalium Skopje	Karaman S (1955) Asellus cavaticus Schiodte und seine Nachstverwandten. Acta Musei Macedonici Scientiarum Naturalium Skopje 2: 1–40. 							
Groundwater Asellidae of Austria (C. Englisch,T. Gall-Andreici, C. Griebler, M. Hämmerle, C. Novotny, R. Veits)	Christoph Novotny	38		Salzburg	47,8005	13,0444	<100m		AT		Precision Precise Province: Salzburg	1991					Aquatic, Freshwater, Subsurface, Aquifer, Saturated, Hyporheic Zone	Hyporheic zone	Originally recorded as P. strouhali strouhali. 01.01.1991. Collector: Creuze des Chatelliers M.		Proasellus strouhali 		Species	Asellidae	Proasellus	strouhali							7				STYA1450	OnlineDatabase_WorldAsellidaeDatabase	PROASELLUS_STROUHALI_STROUHALI|SALZBURG_199100													
Groundwater Asellidae of Austria (C. Englisch,T. Gall-Andreici, C. Griebler, M. Hämmerle, C. Novotny, R. Veits)	Constanze Englisch			Schachtbrunnen Donaufeld	48,2525660209255	16,4080647890158	<1km		AT		Precision Set close to Pfarre Donaufeld, Kinzerplatz 19, 1210 Wien Province: Wien	1972					Aquatic, Freshwater, Subsurface, Aquifer	Well			Proasellus strouhali 		Species	Asellidae	Proasellus	strouhali											STYA1256	Literature			Vornatscher J	1972	Die Tierwelt des Grundwassers – Leben im Dunkeln.	Die Naturgeschichte Wiens. Band II (Naturnahe Landschaften, Pflanzen- und Tierwelt). Arbeitsgemeinschaft im Institut für Wissenschaft und Kunst, Wien-München.	Vornatscher J (1972) Die Tierwelt des Grundwassers – Leben im Dunkeln. In: Ehrendorfer F, Kaltenbach A, Niklfeld H, Starmühler F (Eds), Die Naturgeschichte Wiens. Band II (Naturnahe Landschaften, Pflanzen- und Tierwelt). Arbeitsgemeinschaft im Institut für Wissenschaft und Kunst, Wien-München, 659–674.							
Groundwater Asellidae of Austria (C. Englisch,T. Gall-Andreici, C. Griebler, M. Hämmerle, C. Novotny, R. Veits)	Constanze Englisch			Schachtbrunnen Fundort Wien 6	48,1954525389562	16,3470485608706	<1km		AT		Precision Set close to Stumpergasse 56 Province: Wien	08/1932					Aquatic, Freshwater, Subsurface, Aquifer	Well			Proasellus strouhali 		Species	Asellidae	Proasellus	strouhali							3				STYA1266	Literature		10.1002/iroh.19380370405		1938			Vornatscher J (1938) Faunistische Untersuchung des Lusthauswassers im Wiener Prater. Internationale Revue der gesamten Hydrobiologie und Hydrographie 37: 320–363. https://doi.org/10.1002/iroh.19380370405							
Groundwater Asellidae of Austria (C. Englisch,T. Gall-Andreici, C. Griebler, M. Hämmerle, C. Novotny, R. Veits)	Constanze Englisch			Schachtbrunnen Jedlesee Wien	48,2700216523716	16,3822154403143	<1km		AT		Precision Set close to Überfuhrstraße 47 Province: Wien	1972					Aquatic, Freshwater, Subsurface, Aquifer	Well			Proasellus strouhali 		Species	Asellidae	Proasellus	strouhali											STYA1253	Literature			Vornatscher J	1972	Die Tierwelt des Grundwassers – Leben im Dunkeln.	Die Naturgeschichte Wiens. Band II (Naturnahe Landschaften, Pflanzen- und Tierwelt). Arbeitsgemeinschaft im Institut für Wissenschaft und Kunst, Wien-München.	Vornatscher J (1972) Die Tierwelt des Grundwassers – Leben im Dunkeln. In: Ehrendorfer F, Kaltenbach A, Niklfeld H, Starmühler F (Eds), Die Naturgeschichte Wiens. Band II (Naturnahe Landschaften, Pflanzen- und Tierwelt). Arbeitsgemeinschaft im Institut für Wissenschaft und Kunst, Wien-München, 659–674.							
Groundwater Asellidae of Austria (C. Englisch,T. Gall-Andreici, C. Griebler, M. Hämmerle, C. Novotny, R. Veits)	Christoph Novotny			Schichtfugenhöhle	47,374	10,02534	<100m		AT		Precision Precise Province: Vorarlberg						Aquatic, Freshwater, Subsurface, Aquifer, Karst	Cave			Proasellus cavaticus 		Species	Asellidae	Proasellus	cavaticus											STYA1429	OnlineDatabase_WorldAsellidaeDatabase	PROASELLUS_CAVATICUS|SCHICHTF_195700													
Groundwater Asellidae of Austria (C. Englisch,T. Gall-Andreici, C. Griebler, M. Hämmerle, C. Novotny, R. Veits)	Constanze Englisch			Schlagbrunnen Bisamberg	48,33178794811	16,3616173839637	<10km		AT		Precision Set close to Gemeindeamt Bisamberg (Hauptstraße 2, 2102 Bisamberg, city center) Province: Niederösterreich	01/11/1932					Aquatic, Freshwater, Subsurface, Aquifer	Well	Legator: F. Duspiva.		Proasellus strouhali 		Species	Asellidae	Proasellus	strouhali										Several animals	STYA1275	Literature			Strouhal H	1939	Einige bemerkenswerte  Vorkommnisse von Wirbellosen, besonders Isopoden, in der Ostmark.	Festschrift für Strand	Strouhal H (1939) Einige bemerkenswerte  Vorkommnisse von Wirbellosen, besonders Isopoden, in der Ostmark. Festschrift für Strand 5: 68–80. 							
Groundwater Asellidae of Austria (C. Englisch,T. Gall-Andreici, C. Griebler, M. Hämmerle, C. Novotny, R. Veits)	Constanze Englisch	39		Schlagbrunnen Kagran	48,2494220113427	16,4425054347039	<1km		AT		Precision Set close to Kagraner Kirche/St. Wendelin Kirche/St. Georg Kirche, Kagran Province: Wien	1972					Aquatic, Freshwater, Subsurface, Aquifer	Well			Proasellus strouhali 		Species	Asellidae	Proasellus	strouhali											STYA1252	Literature			Vornatscher J	1972	Die Tierwelt des Grundwassers – Leben im Dunkeln.	Die Naturgeschichte Wiens. Band II (Naturnahe Landschaften, Pflanzen- und Tierwelt). Arbeitsgemeinschaft im Institut für Wissenschaft und Kunst, Wien-München.	Vornatscher J (1972) Die Tierwelt des Grundwassers – Leben im Dunkeln. In: Ehrendorfer F, Kaltenbach A, Niklfeld H, Starmühler F (Eds), Die Naturgeschichte Wiens. Band II (Naturnahe Landschaften, Pflanzen- und Tierwelt). Arbeitsgemeinschaft im Institut für Wissenschaft und Kunst, Wien-München, 659–674.							
Groundwater Asellidae of Austria (C. Englisch,T. Gall-Andreici, C. Griebler, M. Hämmerle, C. Novotny, R. Veits)	Constanze Englisch	39		Schlagbrunnen Kagran	48,2494220113427	16,4425054347039	<1km		AT		Precision Set close to Kagraner Kirche/St. Wendelin Kirche/St. Georg Kirche, Kagran Province: Wien	1972					Aquatic, Freshwater, Subsurface, Aquifer	Well			Proasellus slavus vindobonensis		Species	Asellidae	Proasellus	slavus	vindobonensis										STYA1255	Literature			Vornatscher J	1972	Die Tierwelt des Grundwassers – Leben im Dunkeln.	Die Naturgeschichte Wiens. Band II (Naturnahe Landschaften, Pflanzen- und Tierwelt). Arbeitsgemeinschaft im Institut für Wissenschaft und Kunst, Wien-München.	Vornatscher J (1972) Die Tierwelt des Grundwassers – Leben im Dunkeln. In: Ehrendorfer F, Kaltenbach A, Niklfeld H, Starmühler F (Eds), Die Naturgeschichte Wiens. Band II (Naturnahe Landschaften, Pflanzen- und Tierwelt). Arbeitsgemeinschaft im Institut für Wissenschaft und Kunst, Wien-München, 659–674.							
Groundwater Asellidae of Austria (C. Englisch,T. Gall-Andreici, C. Griebler, M. Hämmerle, C. Novotny, R. Veits)	Constanze Englisch	39		Schlagbrunnen Kagran	48,2494220113427	16,4425054347039	<1km		AT		Precision Set close to Kagraner Kirche/St. Wendelin Kirche/St. Georg Kirche, Kagran Province: Wien. Probably same location as stated in Vornatscher J (1972) Die Tierwelt des Grundwassers – Leben im Dunkeln. In: Ehrendorfer F, Kaltenbach A, Niklfeld H, Starmühler F (Eds), Die Naturgeschichte Wiens. Band II (Naturnahe Landschaften, Pflanzen- und Tierwelt). Arbeitsgemeinschaft im Institut für Wissenschaft und Kunst, Wien-München, 659–674. Vornatscher (1972) states it as a Schlagbrunnen of 7 m depth located about 200 m north-northeast of the Kagraner Kirche. Danielopol (1976) states it as a Norton pump of 7 m depth located about 500 m east of the St. Wendelin Kirche. St. Wendelin Kirche, Kagraner Kirche and St. Georg Kirche are the same church. Therefore, one set of coordinates have been defined for this location.						Aquatic, Freshwater, Subsurface, Aquifer	Well			Proasellus slavus 		Species	Asellidae	Proasellus	slavus											STYA1269	Literature		10.5038/1827-806x.8.4.2		1976			Danielopol DL (1976) Sur la distribution géographique de la faune interstitielle du Danube et de certains de ses affluents en Basse-Autriche. International Journal of Speleology 8: 323–329. https://doi.org/10.5038/1827-806x.8.4.2							
Groundwater Asellidae of Austria (C. Englisch,T. Gall-Andreici, C. Griebler, M. Hämmerle, C. Novotny, R. Veits)	Constanze Englisch			Schlagbrunnen Kaisermühlen	48,2344844344381	16,4250817413225	<10km		AT		Precision Set close to approximate center of Kaisermühlen Province: Wien	1972					Aquatic, Freshwater, Subsurface, Aquifer	Well			Proasellus strouhali 		Species	Asellidae	Proasellus	strouhali											STYA1257	Literature			Vornatscher J	1972	Die Tierwelt des Grundwassers – Leben im Dunkeln.	Die Naturgeschichte Wiens. Band II (Naturnahe Landschaften, Pflanzen- und Tierwelt). Arbeitsgemeinschaft im Institut für Wissenschaft und Kunst, Wien-München.	Vornatscher J (1972) Die Tierwelt des Grundwassers – Leben im Dunkeln. In: Ehrendorfer F, Kaltenbach A, Niklfeld H, Starmühler F (Eds), Die Naturgeschichte Wiens. Band II (Naturnahe Landschaften, Pflanzen- und Tierwelt). Arbeitsgemeinschaft im Institut für Wissenschaft und Kunst, Wien-München, 659–674.							
Groundwater Asellidae of Austria (C. Englisch,T. Gall-Andreici, C. Griebler, M. Hämmerle, C. Novotny, R. Veits)	Constanze Englisch	40		Schlagbrunnen Maria Grün, Prater	48,1946388152716	16,4428468167193	<1km		AT		Precision Set close to Wallfahrtskirche Maria Grün Province: Wien	1972					Aquatic, Freshwater, Subsurface, Aquifer	Well			Proasellus strouhali 		Species	Asellidae	Proasellus	strouhali											STYA1251	Literature			Vornatscher J	1972	Die Tierwelt des Grundwassers – Leben im Dunkeln.	Die Naturgeschichte Wiens. Band II (Naturnahe Landschaften, Pflanzen- und Tierwelt). Arbeitsgemeinschaft im Institut für Wissenschaft und Kunst, Wien-München.	Vornatscher J (1972) Die Tierwelt des Grundwassers – Leben im Dunkeln. In: Ehrendorfer F, Kaltenbach A, Niklfeld H, Starmühler F (Eds), Die Naturgeschichte Wiens. Band II (Naturnahe Landschaften, Pflanzen- und Tierwelt). Arbeitsgemeinschaft im Institut für Wissenschaft und Kunst, Wien-München, 659–674.							
Groundwater Asellidae of Austria (C. Englisch,T. Gall-Andreici, C. Griebler, M. Hämmerle, C. Novotny, R. Veits)	Constanze Englisch	40		Schlagbrunnen Maria Grün, Prater	48,1946388152716	16,4428468167193	<1km		AT		Precision Set close to Wallfahrtskirche Maria Grün Province: Wien	1972					Aquatic, Freshwater, Subsurface, Aquifer	Well			Proasellus slavus vindobonensis		Species	Asellidae	Proasellus	slavus	vindobonensis										STYA1254	Literature			Vornatscher J	1972	Die Tierwelt des Grundwassers – Leben im Dunkeln.	Die Naturgeschichte Wiens. Band II (Naturnahe Landschaften, Pflanzen- und Tierwelt). Arbeitsgemeinschaft im Institut für Wissenschaft und Kunst, Wien-München.	Vornatscher J (1972) Die Tierwelt des Grundwassers – Leben im Dunkeln. In: Ehrendorfer F, Kaltenbach A, Niklfeld H, Starmühler F (Eds), Die Naturgeschichte Wiens. Band II (Naturnahe Landschaften, Pflanzen- und Tierwelt). Arbeitsgemeinschaft im Institut für Wissenschaft und Kunst, Wien-München, 659–674.							
Groundwater Asellidae of Austria (C. Englisch,T. Gall-Andreici, C. Griebler, M. Hämmerle, C. Novotny, R. Veits)	Constanze Englisch	41		Schlammtrichter Lusthauswasser	48,1917059868277	16,4421531486269	<1km		AT		Precision Set close to Lusthauswasser Province: Wien	30/10/1932					Aquatic, Freshwater, Subsurface, Aquifer	Spring			Proasellus strouhali 		Species	Asellidae	Proasellus	strouhali											STYA1262	Literature	WorldAsellidaeDatabase_PROASELLUS_STROUHALI_STROUHALI|VIENNDA1_193800	10.1002/iroh.19380370405		1938			Vornatscher J (1938) Faunistische Untersuchung des Lusthauswassers im Wiener Prater. Internationale Revue der gesamten Hydrobiologie und Hydrographie 37: 320–363. https://doi.org/10.1002/iroh.19380370405							
Groundwater Asellidae of Austria (C. Englisch,T. Gall-Andreici, C. Griebler, M. Hämmerle, C. Novotny, R. Veits)	Constanze Englisch	41		Schlammtrichter Lusthauswasser	48,1917059868277	16,4421531486269	<1km		AT		Precision Set close to Lusthauswasser Province: Wien	08/12/1932					Aquatic, Freshwater, Subsurface, Aquifer	Spring			Proasellus strouhali 		Species	Asellidae	Proasellus	strouhali											STYA1263	Literature	WorldAsellidaeDatabase_PROASELLUS_STROUHALI_STROUHALI|VIENNDA2_193800	10.1002/iroh.19380370405		1938			Vornatscher J (1938) Faunistische Untersuchung des Lusthauswassers im Wiener Prater. Internationale Revue der gesamten Hydrobiologie und Hydrographie 37: 320–363. https://doi.org/10.1002/iroh.19380370405							
Groundwater Asellidae of Austria (C. Englisch,T. Gall-Andreici, C. Griebler, M. Hämmerle, C. Novotny, R. Veits)	Constanze Englisch	41		Schlammtrichter Lusthauswasser	48,1917059868277	16,4421531486269	<1km		AT		Precision Set close to Lusthauswasser Province: Wien	11/12/1932					Aquatic, Freshwater, Subsurface, Aquifer	Spring			Proasellus strouhali 		Species	Asellidae	Proasellus	strouhali											STYA1264	Literature		10.1002/iroh.19380370405		1938			Vornatscher J (1938) Faunistische Untersuchung des Lusthauswassers im Wiener Prater. Internationale Revue der gesamten Hydrobiologie und Hydrographie 37: 320–363. https://doi.org/10.1002/iroh.19380370405							
Groundwater Asellidae of Austria (C. Englisch,T. Gall-Andreici, C. Griebler, M. Hämmerle, C. Novotny, R. Veits)	Constanze Englisch	41		Schlammtrichter Lusthauswasser	48,1917059868277	16,4421531486269	<1km		AT		Precision Set close to Lusthauswasser Province: Wien	29/01/1933					Aquatic, Freshwater, Subsurface, Aquifer	Spring			Proasellus strouhali 		Species	Asellidae	Proasellus	strouhali											STYA1265	Literature		10.1002/iroh.19380370405		1938			Vornatscher J (1938) Faunistische Untersuchung des Lusthauswassers im Wiener Prater. Internationale Revue der gesamten Hydrobiologie und Hydrographie 37: 320–363. https://doi.org/10.1002/iroh.19380370405							
Groundwater Asellidae of Austria (C. Englisch,T. Gall-Andreici, C. Griebler, M. Hämmerle, C. Novotny, R. Veits)	Constanze Englisch	42		Schneckenlochhöhle (1126/1)	47,374546	10,068022	<100m		AT		Precision Set close to cave entrance Province: Vorarlberg	03/07/1949					Aquatic, Freshwater, Subsurface, Aquifer, Karst	Cave			Proasellus cavaticus 		Species	Asellidae	Proasellus	cavaticus							2			In all watercourses of the Labyrinth. 2 males according to Strouhal H (1958) Asellus (Proasellus) im nördlichen Österreich (Isopoda, Asellota). Annalen des Naturhistorischen Museums in Wien: 263–282. Available from: http://www.jstor.org/stable/41768681.  Can also be found in: Strouhal H (1954) Tierleben der Unterwelt. In: Karst und Höhlen in Niederösterreich und Wien. Wien: 63 —67.Nordost-Alpen Landtierw . 1: 559. Verlag Jugend und Volk, Wien, 63–67. AND IN Janetschek H (1960) Die Alpen von Zell am See bis Bregenz. In: Exkursionsführer zum XI. Internationalen Entomologenkongress. Wien, 115–191. AND IN Strouhal H (1961) Die rezente Höhlenfauna Österreichs. Österreichische Hochschulzeitung 13: 8–9. AND IN Henry J-P (1971) Contribution à l’étude du genre Proasellus (Crustacea Isopoda Asellidae): le groupe cavaticus. Vie et Milieu 22: 33–77. AND IN Strouhal H, Vornatscher J (1975) Katalog der rezenten Höhlentiere Österreichs. Annalen des Naturhistorischen Museums in Wien 79: 401–542. 	STYA1336	Literature			Janetschek H	1952	Beitrag zur Kenntnis der Höhlentierwelt der Nördlichen Kalkalpen.	Jahrbuch des Vereins zum Schutze der Alpenpflanzen und -Tiere.	Janetschek H (1952) Beitrag zur Kenntnis der Höhlentierwelt der Nördlichen Kalkalpen. Jahrbuch des Vereins zum Schutze der Alpenpflanzen und -Tiere 17: 69–93. 							
Groundwater Asellidae of Austria (C. Englisch,T. Gall-Andreici, C. Griebler, M. Hämmerle, C. Novotny, R. Veits)	Max Hämmerle	42		Schneckenlochhöhle (1126/1)	47,374546	10,068022	<100m		AT		Precision Set close to cave entrance Province: Vorarlberg						Aquatic, Freshwater, Subsurface, Aquifer, Karst	Cave			Proasellus cavaticus 		Species	Asellidae	Proasellus	cavaticus											STYA1365	Literature			Breuss W	2004	Bemerkungen zur Wirbellosenfauna von Höhlen Vorarlbergs und angrenzender Gebiete.	Vorarlberger Naturschau	Breuss W (2004) Bemerkungen zur Wirbellosenfauna von Höhlen Vorarlbergs und angrenzender Gebiete. Vorarlberger Naturschau 15: 127–138.  							
Groundwater Asellidae of Austria (C. Englisch,T. Gall-Andreici, C. Griebler, M. Hämmerle, C. Novotny, R. Veits)	Christoph Novotny	42		Schneckenlochhöhle (1126/1) - H66	47,374546	10,068022	<100m		AT		Precision Precise Province: Vorarlberg	2024					Aquatic, Freshwater, Subsurface, Aquifer, Karst	Cave			Proasellus cavaticus 		Species	Asellidae	Proasellus	cavaticus							2			Sequence from Lyon	STYA1455	Project: Stygofauna Austriaca - University of Vienna														
Groundwater Asellidae of Austria (C. Englisch,T. Gall-Andreici, C. Griebler, M. Hämmerle, C. Novotny, R. Veits)	Raphael Veits			Schönau A	48,13268	16,61833	<100m		AT		Precision Precise Province: Niederösterreich	2021					Aquatic, Freshwater, Subsurface, Aquifer	Well			Proasellus slavus 		Species	Asellidae	Proasellus	slavus							3				STYA1397	Christian Griebler Personal Data														
Groundwater Asellidae of Austria (C. Englisch,T. Gall-Andreici, C. Griebler, M. Hämmerle, C. Novotny, R. Veits)	Raphael Veits	43		Schönau B	48,13212	16,6224	<100m		AT		Precision Precise Province: Niederösterreich	2021					Aquatic, Freshwater, Subsurface, Aquifer	Well			Proasellus slavus 		Species	Asellidae	Proasellus	slavus							6				STYA1398	Christian Griebler Personal Data														
Groundwater Asellidae of Austria (C. Englisch,T. Gall-Andreici, C. Griebler, M. Hämmerle, C. Novotny, R. Veits)	Raphael Veits	43		Schönau B	48,13212	16,6224	<100m		AT		Precision Precise Province: Niederösterreich	2021					Aquatic, Freshwater, Subsurface, Aquifer	Well			Proasellus slavus 		Species	Asellidae	Proasellus	slavus							6				STYA1399	Christian Griebler Personal Data														
Groundwater Asellidae of Austria (C. Englisch,T. Gall-Andreici, C. Griebler, M. Hämmerle, C. Novotny, R. Veits)	Constanze Englisch			Sickerstellen Kaisermühlen	48,2198011366591	16,4325946931623	<10km		AT		Precision Set close to Am Kaisermühlendamm, 1220 Wien Province: Wien. An Sickerstellen an der stromseitigen Böschung des Schutzdammes, wenn bei hohem Grundwasserstand der Wasserstand des Stroms rasch sinkt.	1972					Aquatic, Freshwater, Subsurface, Aquifer	Spring			Proasellus strouhali 		Species	Asellidae	Proasellus	strouhali											STYA1258	Literature			Vornatscher J	1972	Die Tierwelt des Grundwassers – Leben im Dunkeln.	Die Naturgeschichte Wiens. Band II (Naturnahe Landschaften, Pflanzen- und Tierwelt). Arbeitsgemeinschaft im Institut für Wissenschaft und Kunst, Wien-München.	Vornatscher J (1972) Die Tierwelt des Grundwassers – Leben im Dunkeln. In: Ehrendorfer F, Kaltenbach A, Niklfeld H, Starmühler F (Eds), Die Naturgeschichte Wiens. Band II (Naturnahe Landschaften, Pflanzen- und Tierwelt). Arbeitsgemeinschaft im Institut für Wissenschaft und Kunst, Wien-München, 659–674.							
Groundwater Asellidae of Austria (C. Englisch,T. Gall-Andreici, C. Griebler, M. Hämmerle, C. Novotny, R. Veits)	Constanze Englisch	44		SONNLEI - Untergaisberg (Austria: Mondsee)	47,84972	13,32094	<100m		AT		Precision Precise Province: Oberösterreich	09/09/2010					Aquatic, Freshwater, Subsurface, Aquifer	Well			Proasellus strouhali 		Species	Asellidae	Proasellus	strouhali							1				STYA1261	Literature	WorldAsellidaeDatabase_PROASELLUS_STROUHALI|SONNLEI_201009	10.1111/ecog.02683		2017			Eme D, Zagmajster M, Delić T, Fišer C, Flot J-F, Konecny-Dupré L, Pálsson S, Stoch F, Zakšek V, Douady CJ, Malard F (2017) Do cryptic species matter in macroecology? Sequencing European groundwater crustaceans yields smaller ranges but does not challenge biodiversity determinants. Ecography 41: 424–436. https://doi.org/10.1111/ecog.02683						GenBank_Accession_KC610486(CO1)_KC610227(16S)_OR505561(28S)_OR341718(AM4)	
Groundwater Asellidae of Austria (C. Englisch,T. Gall-Andreici, C. Griebler, M. Hämmerle, C. Novotny, R. Veits)	Christoph Novotny	44		SONNLEI - Untergaisberg (Austria: Mondsee)	47,84972	13,32094	<100m		AT		Precision Precise Province: Oberösterreich	09/09/2010					Aquatic, Freshwater, Subsurface, Aquifer	Well	Collectors: Douady C, Malard F, Morvan C. & Niederreiter R. One individual from this sampling event was sequenced, these are the rest.		Proasellus strouhali 		Species	Asellidae	Proasellus	strouhali							27				STYA1452	OnlineDatabase_WorldAsellidaeDatabase	PROASELLUS_STROUHALI|SONNLEI_201009													
Groundwater Asellidae of Austria (C. Englisch,T. Gall-Andreici, C. Griebler, M. Hämmerle, C. Novotny, R. Veits)	Christoph Novotny	45		Stephansplatz	48,2092	16,3728	<100m		AT		Precision Precise Province: Wien						Aquatic, Freshwater, Subsurface, Aquifer	Well			Proasellus slavus vindobonensis		Subspecies	Asellidae	Proasellus	slavus	vindobonensis										STYA1432	OnlineDatabase_WorldAsellidaeDatabase	PROASELLUS_SLAVUS_VINDOBONENSIS|VIENNE6_195500		Karaman S	1955	Asellus cavaticus Schiodte und seine Nachstverwandten.	Acta Musei Macedonici Scientiarum Naturalium Skopje	Karaman S (1955) Asellus cavaticus Schiodte und seine Nachstverwandten. Acta Musei Macedonici Scientiarum Naturalium Skopje 2: 1–40. 							
Groundwater Asellidae of Austria (C. Englisch,T. Gall-Andreici, C. Griebler, M. Hämmerle, C. Novotny, R. Veits)	Christoph Novotny	45		Stephansplatz	48,2092	16,3728	<100m		AT		Precision Precise Province: Wien	01/01/1991					Aquatic, Freshwater, Subsurface, Aquifer	Well	Collector: Creuze des Chatelliers M. In the WorldAsellidaeDatabase (Florian Malard), the entry is under the name Proasellus slavus slavus.		Proasellus slavus 		Subspecies	Asellidae	Proasellus	slavus							4				STYA1448	OnlineDatabase_WorldAsellidaeDatabase	PROASELLUS_SLAVUS_SLAVUS|WIEN_199100													
Groundwater Asellidae of Austria (C. Englisch,T. Gall-Andreici, C. Griebler, M. Hämmerle, C. Novotny, R. Veits)	Constanze Englisch			Subway tunnel Stephansdom	48,2090204973441	16,370906989068	<1km		AT		Precision Set close to tunnel of the future subway in Vienna, near Stephansdom (and Point on Map) Province: Wien								Depth: 14m underground spring which was filtered for several days.		Proasellus slavus 		Species	Asellidae	Proasellus	slavus											STYA1268	Literature		10.5038/1827-806x.8.4.2		1976			Danielopol DL (1976) Sur la distribution géographique de la faune interstitielle du Danube et de certains de ses affluents en Basse-Autriche. International Journal of Speleology 8: 323–329. https://doi.org/10.5038/1827-806x.8.4.2							
Groundwater Asellidae of Austria (C. Englisch,T. Gall-Andreici, C. Griebler, M. Hämmerle, C. Novotny, R. Veits)	Constanze Englisch			Taferlklause im obersten Aurachtal, in einer aus Moränenablagerung entspringenden Quelle	47,842771	13,625307	<10km		AT		Precision Set close to Taferlklausee, upper Aurach river Province: Oberösterreich						Aquatic, Freshwater, Subsurface, Aquifer	Spring			Proasellus strouhali 		Species	Asellidae	Proasellus	strouhali							1			1 male.	STYA1333	Literature		http://www.jstor.org/stable/41768681.		1958			Strouhal H (1958) Asellus (Proasellus) im nördlichen Österreich (Isopoda, Asellota). Annalen des Naturhistorischen Museums in Wien: 263–282. Available from: http://www.jstor.org/stable/41768681.							
Groundwater Asellidae of Austria (C. Englisch,T. Gall-Andreici, C. Griebler, M. Hämmerle, C. Novotny, R. Veits)	Christoph Novotny	46		UL-KGT01 - KGT01	48,1643352	16,5460433	<100m		AT		Precision Precise Province: Wien	08/11/2024					Aquatic, Freshwater, Subsurface, Aquifer	Well			Proasellus sp. 		Genus	Asellidae	Proasellus	sp.							27				STYA1465	Project: Stygofauna Austriaca - University of Vienna														
Groundwater Asellidae of Austria (C. Englisch,T. Gall-Andreici, C. Griebler, M. Hämmerle, C. Novotny, R. Veits)	Christoph Novotny	46		UL-KGT01 - KGT01	48,1643352	16,5460433	<100m		AT		Precision Precise Province: Wien	06/05/2024					Aquatic, Freshwater, Subsurface, Aquifer	Well			Proasellus slavus 		Species	Asellidae	Proasellus	slavus							5				STYA1481	Project: Stygofauna Austriaca - University of Vienna														
Groundwater Asellidae of Austria (C. Englisch,T. Gall-Andreici, C. Griebler, M. Hämmerle, C. Novotny, R. Veits)	Christoph Novotny	46		UL-KGT01 - KGT01	48,1643352	16,5460433	<100m		AT		Precision Precise Province: Wien	26/11/2024					Aquatic, Freshwater, Subsurface, Aquifer	Well			Proasellus sp. 		Genus	Asellidae	Proasellus	sp.							23				STYA1486	Project: Stygofauna Austriaca - University of Vienna														
Groundwater Asellidae of Austria (C. Englisch,T. Gall-Andreici, C. Griebler, M. Hämmerle, C. Novotny, R. Veits)	Christoph Novotny	46		UL-KGT01 - KGT01	48,1643352	16,5460433	<100m		AT		Precision Precise Province: Wien	08/11/2024					Aquatic, Freshwater, Subsurface, Aquifer	Well			Proasellus sp. 		Genus	Asellidae	Proasellus	sp.							3				STYA1487	Project: Stygofauna Austriaca - University of Vienna														
Groundwater Asellidae of Austria (C. Englisch,T. Gall-Andreici, C. Griebler, M. Hämmerle, C. Novotny, R. Veits)	Christoph Novotny	46		UL-KGT01 - KGT01	48,1643352	16,5460433	<100m		AT		Precision Precise Province: Wien	28/01/2025					Aquatic, Freshwater, Subsurface, Aquifer	Well			Proasellus slavus 		Species	Asellidae	Proasellus	slavus							1			Sequence from Lyon	STYA1489	Project: Stygofauna Austriaca - University of Vienna														
Groundwater Asellidae of Austria (C. Englisch,T. Gall-Andreici, C. Griebler, M. Hämmerle, C. Novotny, R. Veits)	Christoph Novotny	46		UL-KGT01 - KGT01	48,1643352	16,5460433	<100m		AT		Precision Precise Province: Wien	08/11/2024					Aquatic, Freshwater, Subsurface, Aquifer	Well			Proasellus slavus 		Species	Asellidae	Proasellus	slavus							4			Sequence from Lyon	STYA1490	Project: Stygofauna Austriaca - University of Vienna														
Groundwater Asellidae of Austria (C. Englisch,T. Gall-Andreici, C. Griebler, M. Hämmerle, C. Novotny, R. Veits)	Christoph Novotny	47		UNTERACH	47,7923	13,48452	<100m		AT		Precision Precise Province: Oberösterreich	10/09/2010					Aquatic, Freshwater, Subsurface, Aquifer	Spring	Collectors: Douady C & Morvan C. Identified as P. strouhali, later changed to P. cavaticus. Two individuals from this sampling event were sequenced, these are the rest.		Proasellus strouhali 		Species	Asellidae	Proasellus	strouhali							11				STYA1454	OnlineDatabase_WorldAsellidaeDatabase	PROASELLUS_STROUHALI|UNTERACH_201009													
Groundwater Asellidae of Austria (C. Englisch,T. Gall-Andreici, C. Griebler, M. Hämmerle, C. Novotny, R. Veits)	Tobias Gall-Andreici	47		UNTERACH - Kaiserbrunnen (Austria: Mondsee)	47,7923	13,48452	<100m		AT		Precision Precise Province: Salzburg	10/09/2010					Aquatic, Freshwater, Subsurface, Aquifer	Well	Collectors: Douady C & Morvan C.		Proasellus cavaticus 		Species	Asellidae	Proasellus	cavaticus							1			Identified as P. strouhali, later changed to P. cavaticus.	STYA1347	Literature	WorldAsellidaeDatabase_PROASELLUS_STROUHALI|UNTERACH_201009	10.1093/sysbio/syt015		2013			Morvan C, Malard F, Paradis E, Lefébure T, Konecny-Dupré L, Douady CJ (2013) Timetree of Aselloidea Reveals Species Diversification Dynamics in Groundwater. Systematic Biology 62: 512–522. https://doi.org/10.1093/sysbio/syt015 						GenBank_Accession_JQ921103(CO1)_KC610184(16S)_OR505503(28S)	
Groundwater Asellidae of Austria (C. Englisch,T. Gall-Andreici, C. Griebler, M. Hämmerle, C. Novotny, R. Veits)	Tobias Gall-Andreici	47		UNTERACH - Kaiserbrunnen (Austria: Mondsee)	47,7923	13,48452	<100m		AT		Precision Precise Province: Salzburg	10/09/2010					Aquatic, Freshwater, Subsurface, Aquifer	Spring	Collectors: Douady C & Morvan C.		Proasellus cavaticus 		Species	Asellidae	Proasellus	cavaticus							1			Identified as P. strouhali, later changed to P. cavaticus	STYA1362	Literature	WorldAsellidaeDatabase_PROASELLUS_STROUHALI|UNTERACH_201009	10.1093/sysbio/syt015		2013			Morvan C, Malard F, Paradis E, Lefébure T, Konecny-Dupré L, Douady CJ (2013) Timetree of Aselloidea Reveals Species Diversification Dynamics in Groundwater. Systematic Biology 62: 512–522. https://doi.org/10.1093/sysbio/syt015 						GenBank_Accession_JQ921433(CO1)_KC610230(16S)_KC610408(28S)	
Groundwater Asellidae of Austria (C. Englisch,T. Gall-Andreici, C. Griebler, M. Hämmerle, C. Novotny, R. Veits)	Tobias Gall-Andreici	47		UNTERACH - Kaiserbrunnen (Austria: Mondsee)	47,7923	13,48452	<100m		AT		Precision Precise Province: Salzburg	10/09/2010					Aquatic, Freshwater, Subsurface, Aquifer	Spring	Collectors: Douady C & Morvan C.		Proasellus cavaticus 		Species	Asellidae	Proasellus	cavaticus							1			Identified as P. strouhali, later changed to P. cavaticus.	STYA1363	Literature	WorldAsellidaeDatabase_PROASELLUS_STROUHALI|UNTERACH_201009	10.1093/sysbio/syt015		2013			Morvan C, Malard F, Paradis E, Lefébure T, Konecny-Dupré L, Douady CJ (2013) Timetree of Aselloidea Reveals Species Diversification Dynamics in Groundwater. Systematic Biology 62: 512–522. https://doi.org/10.1093/sysbio/syt015 						GenBank_Accession_JQ921434(CO1)_KC610231(16S)	
Groundwater Asellidae of Austria (C. Englisch,T. Gall-Andreici, C. Griebler, M. Hämmerle, C. Novotny, R. Veits)	Christoph Novotny			Vöcklabruck Mondsee	47,85597	13,34336	<100m		AT		Precision Precise Province: Oberösterreich	01/01/1991							Collector: Creuze des Chatelliers M.		Proasellus cavaticus 		Species	Asellidae	Proasellus	cavaticus											STYA1449	OnlineDatabase_WorldAsellidaeDatabase	PROASELLUS_CAVATICUS|MONDSEE_199100													
Groundwater Asellidae of Austria (C. Englisch,T. Gall-Andreici, C. Griebler, M. Hämmerle, C. Novotny, R. Veits)	Max Hämmerle			Vordere Rettenbachquelle, Teufelskirche und bachnahe Quellaustritte, Sengsengebirge - VRQ - Probenstellen: 34-16-1-BBA	47,787503456953	14,2061091985	<10km		AT		Precision Set close to spring of Vorderer Rettenbach close to Teufelskirche Province: Oberösterreich	10/05/1995					Aquatic, Freshwater, Subsurface, Aquifer	Spring			Proasellus cavaticus 		Species	Asellidae	Proasellus	cavaticus											STYA1366	Literature			Weigand E | Tockner K	1996	Limnologische Charakterisierung ausgewählter Karstquellen im Nationalpark Nördliche Kalkalpen.	Projekt Nationalpark Kalkalpen – Final Report, 1–56pp.  	Weigand E, Tockner K (1996) Limnologische Charakterisierung ausgewählter Karstquellen im Nationalpark Nördliche Kalkalpen. Molln. Projekt Nationalpark Kalkalpen – Final Report, 1–56pp.  							
Groundwater Asellidae of Austria (C. Englisch,T. Gall-Andreici, C. Griebler, M. Hämmerle, C. Novotny, R. Veits)	Constanze Englisch			Vorkommen bei Bregenz	47,5007	9,742337	<10km		AT		Precision Set close to Bregenz center Province: Vorarlberg						Aquatic, Freshwater, Subsurface, Aquifer	Well			Proasellus cavaticus 		Species	Asellidae	Proasellus	cavaticus											STYA1338	Literature			Wächtler W	1937	Ordnung: Isopoda, Asseln.	Die Tierwelt Mitteleuropas. Quelle & Meyer, Leipzig.	Wächtler W (1937) II. Ordnung: Isopoda, Asseln. In: Brohmer P, Ehrmann P, Ulmer G (Eds), Die Tierwelt Mitteleuropas. Quelle & Meyer, Leipzig, 225–317.							
Groundwater Asellidae of Austria (C. Englisch,T. Gall-Andreici, C. Griebler, M. Hämmerle, C. Novotny, R. Veits)	Christoph Novotny	48		WEISSEN1	47,78919	13,55226	<100m		AT		Precision Precise Province: Oberösterreich	10/09/2010					Aquatic, Freshwater, Subsurface, Aquifer, Saturated, Hyporheic Zone	Hyporheic zone	Collectors: Douady C, Malard F, Morvan C. & Niederreiter R. Three individuals from this sampling event were sequenced, these are the rest.		Proasellus cavaticus 		Species	Asellidae	Proasellus	cavaticus							16				STYA1453	OnlineDatabase_WorldAsellidaeDatabase	PROASELLUS_CAVATICUS|WEISSEN1_201009													
Groundwater Asellidae of Austria (C. Englisch,T. Gall-Andreici, C. Griebler, M. Hämmerle, C. Novotny, R. Veits)	Tobias Gall-Andreici	48		WEISSEN1 - Weißenbacher Straße (Austria: Mondsee)	47,78919	13,55226	<100m		AT		Precision Precise Province: Oberösterreich	10/09/2010					Aquatic, Freshwater, Subsurface, Aquifer, Saturated, Hyporheic Zone	Hyporheic zone	Collectors: Douady C, Malard F, Morvan C. & Niederreiter R.		Proasellus cavaticus 		Species	Asellidae	Proasellus	cavaticus							1				STYA1348	Literature	WorldAsellidaeDatabase_PROASELLUS_CAVATICUS|WEISSEN1_201009	10.1093/sysbio/syt015		2013			Morvan C, Malard F, Paradis E, Lefébure T, Konecny-Dupré L, Douady CJ (2013) Timetree of Aselloidea Reveals Species Diversification Dynamics in Groundwater. Systematic Biology 62: 512–522. https://doi.org/10.1093/sysbio/syt015 						GenBank_Accession_JQ921105(CO1)_KC610185(16S)_KC610387(28S)	
Groundwater Asellidae of Austria (C. Englisch,T. Gall-Andreici, C. Griebler, M. Hämmerle, C. Novotny, R. Veits)	Tobias Gall-Andreici	48		WEISSEN1 - Weißenbacher Straße (Austria: Mondsee)	47,78919	13,55226	<100m		AT		Precision Precise Province: Oberösterreich	10/09/2010					Aquatic, Freshwater, Subsurface, Aquifer, Saturated, Hyporheic Zone	Hyporheic zone	Collectors: Douady C, Malard F, Morvan C. & Niederreiter R.		Proasellus cavaticus 		Species	Asellidae	Proasellus	cavaticus							1				STYA1349	Literature	WorldAsellidaeDatabase_PROASELLUS_CAVATICUS|WEISSEN1_201009	10.1093/sysbio/syt015		2013			Morvan C, Malard F, Paradis E, Lefébure T, Konecny-Dupré L, Douady CJ (2013) Timetree of Aselloidea Reveals Species Diversification Dynamics in Groundwater. Systematic Biology 62: 512–522. https://doi.org/10.1093/sysbio/syt015 						GenBank_Accession_JQ921106(CO1)_KC610186(16S)	
Groundwater Asellidae of Austria (C. Englisch,T. Gall-Andreici, C. Griebler, M. Hämmerle, C. Novotny, R. Veits)	Tobias Gall-Andreici	48		WEISSEN1 - Weißenbacher Straße (Austria: Mondsee)	47,78919	13,55226	<100m		AT		Precision Precise Province: Oberösterreich	10/09/2010					Aquatic, Freshwater, Subsurface, Aquifer, Saturated, Hyporheic Zone	Hyporheic zone	Collectors: Douady C, Malard F, Morvan C. & Niederreiter R.		Proasellus cavaticus 		Species	Asellidae	Proasellus	cavaticus							1				STYA1350	Literature	WorldAsellidaeDatabase_PROASELLUS_CAVATICUS|WEISSEN1_201009	10.1093/sysbio/syt015		2013			Morvan C, Malard F, Paradis E, Lefébure T, Konecny-Dupré L, Douady CJ (2013) Timetree of Aselloidea Reveals Species Diversification Dynamics in Groundwater. Systematic Biology 62: 512–522. https://doi.org/10.1093/sysbio/syt015 						GenBank_Accession_JQ921107(CO1)_KC610187(16S)	
Groundwater Asellidae of Austria (C. Englisch,T. Gall-Andreici, C. Griebler, M. Hämmerle, C. Novotny, R. Veits)	Constanze Englisch			Well Tulln Donau Chemie 6 - Donau-Che-6	48,338253	15,944475	<1km		AT		Precision Set close to Donauchemie AG at Danube km 1972, 20 m from the right Danube river bank Province: Niederösterreich	22/11/1973					Aquatic, Freshwater, Subsurface, Aquifer	Well	Well diameter exceeding 0.5 m, sampled with Cvetkov phreatobiological net.		Proasellus slavus 		Species	Asellidae	Proasellus	slavus											STYA1344	Literature		10.5038/1827-806x.8.1.3		1976			Danielopol DL (1976) The distribution of the fauna in the interstitial habitats of riverine sediments of the Danube and the Piesting (Austria). International Journal of Speleology 8: 23–51. https://doi.org/10.5038/1827-806x.8.1.3							
Groundwater Asellidae of Austria (C. Englisch,T. Gall-Andreici, C. Griebler, M. Hämmerle, C. Novotny, R. Veits)	Constanze Englisch			Well Tulln Dürnrohr - F-1246	48,3431533863084	15,896902140634	<1km		AT		Precision Set close to Dürnrohr (center), 1.7 km from the right Danube river bank Province: Niederösterreich	22/11/1973					Aquatic, Freshwater, Subsurface, Aquifer	Well	Well diameter exceeding 0.5 m, sampled with Cvetkov phreatobiological net.		Proasellus slavus 		Species	Asellidae	Proasellus	slavus											STYA1342	Literature		10.5038/1827-806x.8.1.3		1976			Danielopol DL (1976) The distribution of the fauna in the interstitial habitats of riverine sediments of the Danube and the Piesting (Austria). International Journal of Speleology 8: 23–51. https://doi.org/10.5038/1827-806x.8.1.3							
Groundwater Asellidae of Austria (C. Englisch,T. Gall-Andreici, C. Griebler, M. Hämmerle, C. Novotny, R. Veits)	Constanze Englisch			Well Tulln Oberbierbaum - F-1284	48,3425393805092	15,8364416586341	<1km		AT		Precision Set close to Oberbierbaum (center), 3.7 km from the right Danube river bank Province: Niederösterreich	22/11/1973					Aquatic, Freshwater, Subsurface, Aquifer	Well	Well diameter exceeding 0.5 m, sampled with Cvetkov phreatobiological net.		Proasellus slavus 		Species	Asellidae	Proasellus	slavus											STYA1343	Literature		10.5038/1827-806x.8.1.3		1976			Danielopol DL (1976) The distribution of the fauna in the interstitial habitats of riverine sediments of the Danube and the Piesting (Austria). International Journal of Speleology 8: 23–51. https://doi.org/10.5038/1827-806x.8.1.3							
Groundwater Asellidae of Austria (C. Englisch,T. Gall-Andreici, C. Griebler, M. Hämmerle, C. Novotny, R. Veits)	Christoph Novotny			Winnerfallhöhle bei Scheffau (1511/4)	47,56477	13,28041	<10km		AT		Precision Set close to Winnerfall Province: Salzburg						Aquatic, Freshwater, Subsurface, Aquifer, Karst	Cave			Proasellus cavaticus 		Species	Asellidae	Proasellus	cavaticus											STYA1370	Literature			Strouhal H | Vornatscher J	1975	Katalog der rezenten Höhlentiere Österreichs.	Ann. Naturhistor. Mus. Wien	Strouhal H, Vornatscher J (1975) Katalog der rezenten Höhlentiere Österreichs. Ann. Naturhistor. Mus. Wien 79: 137 - 151.							
Groundwater Asellidae of Austria (C. Englisch,T. Gall-Andreici, C. Griebler, M. Hämmerle, C. Novotny, R. Veits)	Max Hämmerle			Wunderlucke Dolinensee Mollner Becken und Berge / Vorland - WULU - Probenstelle: 37-21-N	47,8933530854902	14,2715480015044	<10km		AT		Precision Set close to Wunderlucke Dolinensee Mollner Becken Province: Oberösterreich	10/05/1995					Aquatic, Freshwater, Subsurface, Aquifer	Spring			Proasellus sp. 		Genus	Asellidae	Proasellus	sp.											STYA1368	Literature			Weigand E | Tockner K	1996	Weigand E, Tockner K (1996) Limnologische Charakterisierung ausgewählter Karstquellen im Nationalpark Nördliche Kalkalpen.	Projekt Nationalpark Kalkalpen – Final Report, 1–56pp.  	Weigand E, Tockner K (1996) Limnologische Charakterisierung ausgewählter Karstquellen im Nationalpark Nördliche Kalkalpen. Molln. Projekt Nationalpark Kalkalpen – Final Report, 1–56pp.  							
