row_number	site_code	site_name	latitude	longitude	coord_precision	altitude	country	locality	site_comments	sampling_date	sampling_participants	sampling_methods	sampling_fixatives	sampling_target	habitat	access_points	sampling_comments	sampling_id	taxon_name	unclassified	taxon_rank	family	genus	specific_epithet	tax_id_confer	tax_id_addendum	identified_on_date	identified_by	specimen_quantity	content_description	type_status	occurrence_comments	occurrence_id	data_repository	collection	pub_DOI	pub_authors	pub_year	pub_title	pub_journal	pub_verbatim	gene	seq_specimen_identifier	accession_number	MOTU	sequence_id	seq_comments
11689	NA	Afrata, Hellinospilio Cave	35.58212	23.77693	NA	NA	GRC	Chanion	NA	NA	NA	NA	NA	NA	Terrestrial	Cave	NA	NA	Hoplopholcus labyrinthi	NA	species	Pholcidae	Hoplopholcus	labyrinthi	NA	NA	NA	NA	NA	NA	NA	NA	NA	NA	NA	NA	NA	NA	NA	NA	NA	NA	NA	NA	NA	NA	NA
24340	NA	Afrata, Hellinospilio Cave	35.58212	23.77693	NA	NA	GRC	Chanion	NA	NA	NA	NA	NA	NA	Terrestrial	Cave	NA	NA	Loxosceles rufescens	NA	species	Sicariidae	Loxosceles	rufescens	NA	NA	NA	NA	NA	NA	NA	NA	NA	NA	NA	NA	NA	NA	NA	NA	NA	NA	NA	NA	NA	NA	NA
24341	NA	Afrata, Hellinospilio Cave	35.58212	23.77693	NA	NA	GRC	Chanion	NA	NA	NA	NA	NA	NA	Terrestrial	Cave	NA	NA	Loxosceles rufescens	NA	species	Sicariidae	Loxosceles	rufescens	NA	NA	NA	NA	NA	NA	NA	NA	NA	NA	NA	NA	NA	NA	NA	NA	NA	NA	NA	NA	NA	NA	NA
24342	NA	Afrata, Hellinospilio Cave	35.58212	23.77693	NA	NA	GRC	Chanion	NA	NA	NA	NA	NA	NA	Terrestrial	Cave	NA	NA	Loxosceles rufescens	NA	species	Sicariidae	Loxosceles	rufescens	NA	NA	NA	NA	NA	NA	NA	NA	NA	NA	NA	NA	NA	NA	NA	NA	NA	NA	NA	NA	NA	NA	NA
24343	NA	Afrata, Hellinospilio Cave	35.58212	23.77693	NA	NA	GRC	Chanion	NA	NA	NA	NA	NA	NA	Terrestrial	Cave	NA	NA	Loxosceles rufescens	NA	species	Sicariidae	Loxosceles	rufescens	NA	NA	NA	NA	NA	NA	NA	NA	NA	NA	NA	NA	NA	NA	NA	NA	NA	NA	NA	NA	NA	NA	NA
22797	NA	Afrata, Hellinospilio Cave	35.58212	23.77693	NA	NA	GRC	Chanion	NA	NA	NA	NA	NA	NA	Terrestrial	Cave	NA	NA	Tegenaria parietina	NA	species	Agelenidae	Tegenaria	parietina	NA	NA	NA	NA	NA	NA	NA	NA	NA	NA	NA	NA	NA	NA	NA	NA	NA	NA	NA	NA	NA	NA	NA
22795	NA	Agia Sophia cave, near Mylopotamos	36.2516	22.92562	NA	NA	GRC	Aigaio	NA	NA	NA	NA	NA	NA	Terrestrial	Cave	NA	NA	Tegenaria parietina	NA	species	Agelenidae	Tegenaria	parietina	NA	NA	NA	NA	NA	NA	NA	NA	NA	NA	NA	NA	NA	NA	NA	NA	NA	NA	NA	NA	NA	NA	NA
11760	NA	Agia Sophia cave, near Mylopotamos	36.2516	22.92562	NA	NA	GRC	Aigaio	NA	NA	NA	NA	NA	NA	Terrestrial	Cave	NA	NA	Barusia laconica	NA	species	Leptonetidae	Barusia	laconica	NA	NA	NA	NA	NA	NA	NA	NA	NA	NA	NA	NA	NA	NA	NA	NA	NA	NA	NA	NA	NA	NA	NA
30112	NA	Antro di Casali Neri (FVG 450)	45.87802	13.54736	NA	NA	ITA	Savogna d'Isonzo	NA	NA	NA	NA	NA	NA	Terrestrial	Cave	NA	NA	Stalita taenaria	NA	species	Dysderidae	Stalita	taenaria	NA	NA	NA	NA	NA	NA	NA	NA	NA	NA	University of Barcelona (CRBA)	NA	NA	NA	NA	NA	NA	NA	NA	NA	NA	NA	NA
30162	NA	Antro di Casali Neri (FVG 450)	45.87802	13.54736	NA	NA	ITA	Savogna d'Isonzo	NA	NA	NA	NA	NA	NA	Terrestrial	Cave	NA	NA	Stalita taenaria	NA	species	Dysderidae	Stalita	taenaria	NA	NA	NA	NA	NA	NA	NA	NA	NA	NA	NA	NA	NA	NA	NA	NA	NA	NA	NA	NA	NA	NA	NA
30100	NA	Antro di Casali Neri (FVG 450)	45.87802	13.54736	NA	NA	ITA	NA	NA	1988-11-27	NA	NA	NA	NA	Terrestrial	Cave	NA	NA	Stalita taenaria	NA	species	Dysderidae	Stalita	taenaria	NA	NA	NA	NA	4	NA	NA	NA	NA	NA	NA	NA	NA	NA	NA	NA	NA	NA	NA	NA	NA	NA	NA
1418	NA	Apano Skalas Cave	40.63535	22.07383	NA	NA	GRC	Naousa	NA	NA	NA	NA	NA	NA	Terrestrial	Cave	NA	NA	Meta bourneti	NA	species	Tetragnathidae	Meta	bourneti	NA	NA	NA	NA	NA	NA	NA	NA	NA	NA	NA	NA	NA	NA	NA	NA	NA	NA	NA	NA	NA	NA	NA
3764	NA	Apano Skalas Cave	40.63535	22.07383	NA	NA	GRC	Naousa	NA	NA	NA	NA	NA	NA	Terrestrial	Cave	NA	NA	Nesticus cellulanus	NA	species	Nesticidae	Nesticus	cellulanus	NA	NA	NA	NA	NA	NA	NA	NA	NA	NA	NA	NA	NA	NA	NA	NA	NA	NA	NA	NA	NA	NA	NA
5221	NA	Apano Skalas Cave	40.63535	22.07383	NA	NA	GRC	Naousa	NA	NA	NA	NA	NA	NA	Terrestrial	Cave	NA	NA	Porrhomma convexum	NA	species	Linyphiidae	Porrhomma	convexum	NA	NA	NA	NA	NA	NA	NA	NA	NA	NA	NA	NA	NA	NA	NA	NA	NA	NA	NA	NA	NA	NA	NA
19715	NA	Apano Skalas Cave	40.63535	22.07383	NA	NA	GRC	Naousa	NA	NA	NA	NA	NA	NA	Terrestrial	Cave	NA	NA	Metellina merianae	NA	species	Tetragnathidae	Metellina	merianae	NA	NA	NA	NA	NA	NA	NA	NA	NA	NA	NA	NA	NA	NA	NA	NA	NA	NA	NA	NA	NA	NA	NA
12922	NA	Barranco de Los Cochinos	28.32455	-16.81944	NA	NA	ESP	Tenerife	NA	NA	NA	NA	NA	NA	Terrestrial, Surface	Shallow Subterranean Habitats (SSH)	NA	NA	Dysdera madai	NA	species	Dysderidae	Dysdera	madai	NA	NA	NA	NA	NA	NA	NA	NA	NA	NA	NA	NA	NA	NA	NA	NA	NA	NA	NA	NA	NA	NA	NA
9629	NA	Barranco de Los Cochinos	28.32455	-16.81944	NA	NA	ESP	Tenerife	NA	NA	NA	NA	NA	NA	Terrestrial, Surface	Shallow Subterranean Habitats (SSH)	NA	NA	Dysdera gibbifera	NA	species	Dysderidae	Dysdera	gibbifera	NA	NA	NA	NA	NA	NA	NA	NA	NA	NA	NA	NA	NA	NA	NA	NA	NA	NA	NA	NA	NA	NA	NA
7	NA	Bjelušica (1389)	42.84472	17.9786	NA	NA	BIH	NA	NA	2014-12-02	NA	NA	NA	NA	Terrestrial	Cave	NA	NA	Stygopholcus absoloni	NA	species	Pholcidae	Stygopholcus	absoloni	NA	NA	NA	Martina Pavlek	2	NA	NA	NA	NA	NA	Croatian Biospeleological Society, Zagreb, Croatia (CBSS)	NA	NA	NA	NA	NA	NA	NA	NA	NA	NA	NA	NA
8	NA	Bjelušica (1389)	42.84472	17.9786	NA	NA	BIH	NA	NA	2015-10-26	NA	NA	NA	NA	Terrestrial	Cave	NA	NA	Stygopholcus absoloni	NA	species	Pholcidae	Stygopholcus	absoloni	NA	NA	NA	Martina Pavlek	1	NA	NA	NA	NA	NA	Croatian Biospeleological Society, Zagreb, Croatia (CBSS)	NA	NA	NA	NA	NA	NA	NA	NA	NA	NA	NA	NA
23	NA	Bjelušica (1389)	42.84472	17.9786	NA	NA	BIH	NA	NA	NA	NA	NA	NA	NA	Terrestrial	Cave	NA	NA	Stygopholcus absoloni	NA	species	Pholcidae	Stygopholcus	absoloni	NA	NA	NA	NA	NA	NA	NA	NA	NA	NA	NA	NA	NA	NA	NA	NA	NA	NA	NA	NA	NA	NA	NA
25	NA	Bjelušica (1389)	42.84472	17.9786	NA	NA	BIH	NA	NA	NA	NA	NA	NA	NA	Terrestrial	Cave	NA	NA	Stygopholcus absoloni	NA	species	Pholcidae	Stygopholcus	absoloni	NA	NA	NA	NA	NA	NA	NA	NA	NA	NA	NA	NA	NA	NA	NA	NA	NA	NA	NA	NA	NA	NA	NA
473	NA	Bjelušica (1389)	42.84472	17.9786	NA	NA	BIH	NA	NA	NA	NA	NA	NA	NA	Terrestrial	Cave	NA	NA	Tegenaria annulata	NA	species	Agelenidae	Tegenaria	annulata	NA	NA	NA	NA	NA	NA	NA	NA	NA	NA	NA	NA	NA	NA	NA	NA	NA	NA	NA	NA	NA	NA	NA
4855	NA	Bjelušica (1389)	42.84472	17.9786	NA	NA	BIH	NA	NA	2004-08-16	NA	NA	NA	NA	Terrestrial	Cave	NA	NA	Histopona conveniens	NA	species	Agelenidae	Histopona	conveniens	NA	NA	NA	Martina Pavlek	1	NA	NA	NA	NA	NA	Croatian Biospeleological Society, Zagreb, Croatia (CBSS)	NA	NA	NA	NA	NA	NA	NA	NA	NA	NA	NA	NA
4857	NA	Bjelušica (1389)	42.84472	17.9786	NA	NA	BIH	NA	NA	2014-06-04	NA	NA	NA	NA	Terrestrial	Cave	NA	NA	Histopona conveniens	NA	species	Agelenidae	Histopona	conveniens	NA	NA	NA	Martina Pavlek	2	NA	NA	NA	NA	NA	Croatian Biospeleological Society, Zagreb, Croatia (CBSS)	NA	NA	NA	NA	NA	NA	NA	NA	NA	NA	NA	NA
4858	NA	Bjelušica (1389)	42.84472	17.9786	NA	NA	BIH	NA	NA	2014-12-02	NA	NA	NA	NA	Terrestrial	Cave	NA	NA	Histopona conveniens	NA	species	Agelenidae	Histopona	conveniens	NA	NA	NA	Martina Pavlek	1	NA	NA	NA	NA	NA	Croatian Biospeleological Society, Zagreb, Croatia (CBSS)	NA	NA	NA	NA	NA	NA	NA	NA	NA	NA	NA	NA
4859	NA	Bjelušica (1389)	42.84472	17.9786	NA	NA	BIH	NA	NA	2015-10-26	NA	NA	NA	NA	Terrestrial	Cave	NA	NA	Histopona conveniens	NA	species	Agelenidae	Histopona	conveniens	NA	NA	NA	Martina Pavlek	2	NA	NA	NA	NA	NA	Croatian Biospeleological Society, Zagreb, Croatia (CBSS)	NA	NA	NA	NA	NA	NA	NA	NA	NA	NA	NA	NA
4866	NA	Bjelušica (1389)	42.84472	17.9786	NA	NA	BIH	NA	NA	NA	NA	NA	NA	NA	Terrestrial	Cave	NA	NA	Histopona conveniens	NA	species	Agelenidae	Histopona	conveniens	NA	NA	NA	NA	NA	NA	NA	NA	NA	NA	NA	NA	NA	NA	NA	NA	NA	NA	NA	NA	NA	NA	NA
4869	NA	Bjelušica (1389)	42.84472	17.9786	NA	NA	BIH	NA	NA	2015-10-26	NA	NA	NA	NA	Terrestrial	Cave	NA	NA	Histopona conveniens	NA	species	Agelenidae	Histopona	conveniens	NA	NA	NA	Martina Pavlek	2	NA	NA	NA	NA	NA	Croatian Biospeleological Society, Zagreb, Croatia (CBSS)	NA	NA	NA	NA	NA	NA	NA	NA	NA	NA	NA	NA
4870	NA	Bjelušica (1389)	42.84472	17.9786	NA	NA	BIH	NA	NA	2015-10-26	NA	NA	NA	NA	Terrestrial	Cave	NA	NA	Histopona conveniens	NA	species	Agelenidae	Histopona	conveniens	NA	NA	NA	Martina Pavlek	1	NA	NA	NA	NA	NA	Croatian Biospeleological Society, Zagreb, Croatia (CBSS)	NA	NA	NA	NA	NA	NA	NA	NA	NA	NA	NA	NA
8617	NA	Bjelušica (1389)	42.84472	17.9786	NA	NA	BIH	NA	NA	1963-07-30	NA	NA	NA	NA	Terrestrial	Cave	NA	NA	Kryptonesticus fagei	NA	species	Nesticidae	Kryptonesticus	fagei	NA	NA	NA	NA	NA	NA	NA	NA	NA	NA	NA	NA	NA	NA	NA	NA	NA	NA	NA	NA	NA	NA	NA
8619	NA	Bjelušica (1389)	42.84472	17.9786	NA	NA	BIH	NA	NA	2014-06-04	NA	NA	NA	NA	Terrestrial	Cave	NA	NA	Kryptonesticus fagei	NA	species	Nesticidae	Kryptonesticus	fagei	NA	NA	NA	Martina Pavlek	2	NA	NA	NA	NA	NA	Croatian Biospeleological Society, Zagreb, Croatia (CBSS)	NA	NA	NA	NA	NA	NA	NA	NA	NA	NA	NA	NA
8620	NA	Bjelušica (1389)	42.84472	17.9786	NA	NA	BIH	NA	NA	2014-06-04	NA	NA	NA	NA	Terrestrial	Cave	NA	NA	Kryptonesticus fagei	NA	species	Nesticidae	Kryptonesticus	fagei	NA	NA	NA	Martina Pavlek	4	NA	NA	NA	NA	NA	Croatian Biospeleological Society, Zagreb, Croatia (CBSS)	NA	NA	NA	NA	NA	NA	NA	NA	NA	NA	NA	NA
8621	NA	Bjelušica (1389)	42.84472	17.9786	NA	NA	BIH	NA	NA	2015-10-26	NA	NA	NA	NA	Terrestrial	Cave	NA	NA	Kryptonesticus fagei	NA	species	Nesticidae	Kryptonesticus	fagei	NA	NA	NA	Martina Pavlek	1	NA	NA	NA	NA	NA	Croatian Biospeleological Society, Zagreb, Croatia (CBSS)	NA	NA	NA	NA	NA	NA	NA	NA	NA	NA	NA	NA
8622	NA	Bjelušica (1389)	42.84472	17.9786	NA	NA	BIH	NA	NA	2015-10-26	NA	NA	NA	NA	Terrestrial	Cave	NA	NA	Kryptonesticus fagei	NA	species	Nesticidae	Kryptonesticus	fagei	NA	NA	NA	Martina Pavlek	2	NA	NA	NA	NA	NA	Croatian Biospeleological Society, Zagreb, Croatia (CBSS)	NA	NA	NA	NA	NA	NA	NA	NA	NA	NA	NA	NA
8624	NA	Bjelušica (1389)	42.84472	17.9786	NA	NA	BIH	NA	NA	NA	NA	NA	NA	NA	Terrestrial	Cave	NA	NA	Kryptonesticus fagei	NA	species	Nesticidae	Kryptonesticus	fagei	NA	NA	NA	NA	NA	NA	NA	NA	NA	NA	NA	NA	NA	NA	NA	NA	NA	NA	NA	NA	NA	NA	NA
8628	NA	Bjelušica (1389)	42.84472	17.9786	NA	NA	BIH	NA	NA	2004-08-16	NA	NA	NA	NA	Terrestrial	Cave	NA	NA	Kryptonesticus fagei	NA	species	Nesticidae	Kryptonesticus	fagei	NA	NA	NA	Martina Pavlek	1	NA	NA	NA	NA	NA	Croatian Biospeleological Society, Zagreb, Croatia (CBSS)	NA	NA	NA	NA	NA	NA	NA	NA	NA	NA	NA	NA
8629	NA	Bjelušica (1389)	42.84472	17.9786	NA	NA	BIH	NA	NA	2004-08-16	NA	NA	NA	NA	Terrestrial	Cave	NA	NA	Kryptonesticus fagei	NA	species	Nesticidae	Kryptonesticus	fagei	NA	NA	NA	Martina Pavlek	3	NA	NA	NA	NA	NA	Croatian Biospeleological Society, Zagreb, Croatia (CBSS)	NA	NA	NA	NA	NA	NA	NA	NA	NA	NA	NA	NA
8630	NA	Bjelušica (1389)	42.84472	17.9786	NA	NA	BIH	NA	NA	2014-10-30	NA	NA	NA	NA	Terrestrial	Cave	NA	NA	Kryptonesticus fagei	NA	species	Nesticidae	Kryptonesticus	fagei	NA	NA	NA	Martina Pavlek	2	NA	NA	NA	NA	NA	Croatian Biospeleological Society, Zagreb, Croatia (CBSS)	NA	NA	NA	NA	NA	NA	NA	NA	NA	NA	NA	NA
8631	NA	Bjelušica (1389)	42.84472	17.9786	NA	NA	BIH	NA	NA	2015-10-26	NA	NA	NA	NA	Terrestrial	Cave	NA	NA	Kryptonesticus fagei	NA	species	Nesticidae	Kryptonesticus	fagei	NA	NA	NA	Martina Pavlek	5	NA	NA	NA	NA	NA	Croatian Biospeleological Society, Zagreb, Croatia (CBSS)	NA	NA	NA	NA	NA	NA	NA	NA	NA	NA	NA	NA
10350	NA	Bjelušica (1389)	42.84472	17.9786	NA	NA	BIH	NA	NA	1968-10-22	NA	NA	NA	NA	Terrestrial	Cave	NA	NA	Stalagtia hercegovinensis	NA	species	Dysderidae	Stalagtia	hercegovinensis	NA	NA	NA	NA	NA	NA	NA	NA	NA	NA	NA	NA	NA	NA	NA	NA	NA	NA	NA	NA	NA	NA	NA
10351	NA	Bjelušica (1389)	42.84472	17.9786	NA	NA	BIH	NA	NA	2006-08-24	NA	NA	NA	NA	Terrestrial	Cave	NA	NA	Stalagtia hercegovinensis	NA	species	Dysderidae	Stalagtia	hercegovinensis	NA	NA	NA	Nikola Pischiutta	1	NA	NA	NA	NA	NA	Croatian Biospeleological Society, Zagreb, Croatia (CBSS)	NA	NA	NA	NA	NA	NA	NA	NA	NA	NA	NA	NA
10353	NA	Bjelušica (1389)	42.84472	17.9786	NA	NA	BIH	NA	NA	2022-04-11	NA	NA	NA	NA	Terrestrial	Cave	NA	NA	Stalagtia hercegovinensis	NA	species	Dysderidae	Stalagtia	hercegovinensis	NA	NA	NA	Nikola Pischiutta	1	NA	NA	NA	NA	NA	Croatian Biospeleological Society, Zagreb, Croatia (CBSS)	NA	NA	NA	NA	NA	NA	NA	NA	NA	NA	NA	NA
10355	NA	Bjelušica (1389)	42.84472	17.9786	NA	NA	BIH	NA	NA	2004-08-17	NA	NA	NA	NA	Terrestrial	Cave	NA	NA	Stalagtia hercegovinensis	NA	species	Dysderidae	Stalagtia	hercegovinensis	NA	NA	NA	Nikola Pischiutta	1	NA	NA	NA	NA	NA	Croatian Biospeleological Society, Zagreb, Croatia (CBSS)	NA	NA	NA	NA	NA	NA	NA	NA	NA	NA	NA	NA
10358	NA	Bjelušica (1389)	42.84472	17.9786	NA	NA	BIH	NA	NA	2008-04-01	NA	NA	NA	NA	Terrestrial	Cave	NA	NA	Stalagtia hercegovinensis	NA	species	Dysderidae	Stalagtia	hercegovinensis	NA	NA	NA	Nikola Pischiutta	1	NA	NA	NA	NA	NA	Croatian Biospeleological Society, Zagreb, Croatia (CBSS)	NA	NA	NA	NA	NA	NA	NA	NA	NA	NA	NA	NA
10359	NA	Bjelušica (1389)	42.84472	17.9786	NA	NA	BIH	NA	NA	2008-04-01	NA	NA	NA	NA	Terrestrial	Cave	NA	NA	Stalagtia hercegovinensis	NA	species	Dysderidae	Stalagtia	hercegovinensis	NA	NA	NA	Martina Pavlek	1	NA	NA	NA	NA	NA	Croatian Biospeleological Society, Zagreb, Croatia (CBSS)	NA	NA	NA	NA	NA	NA	NA	NA	NA	NA	NA	NA
10361	NA	Bjelušica (1389)	42.84472	17.9786	NA	NA	BIH	NA	NA	2015-10-26	NA	NA	NA	NA	Terrestrial	Cave	NA	NA	Stalagtia hercegovinensis	NA	species	Dysderidae	Stalagtia	hercegovinensis	NA	NA	NA	Nikola Pischiutta	2	NA	NA	NA	NA	NA	Croatian Biospeleological Society, Zagreb, Croatia (CBSS)	NA	NA	NA	NA	NA	NA	NA	NA	NA	NA	NA	NA
10363	NA	Bjelušica (1389)	42.84472	17.9786	NA	NA	BIH	NA	NA	NA	NA	NA	NA	NA	Terrestrial	Cave	NA	NA	Stalagtia hercegovinensis	NA	species	Dysderidae	Stalagtia	hercegovinensis	NA	NA	NA	NA	NA	NA	NA	NA	NA	NA	NA	NA	NA	NA	NA	NA	NA	NA	NA	NA	NA	NA	NA
10375	NA	Bjelušica (1389)	42.84472	17.9786	NA	NA	BIH	NA	NA	2004-08-16	NA	NA	NA	NA	Terrestrial	Cave	NA	NA	Stalagtia hercegovinensis	NA	species	Dysderidae	Stalagtia	hercegovinensis	NA	NA	NA	Nikola Pischiutta	4	NA	NA	NA	NA	NA	Croatian Biospeleological Society, Zagreb, Croatia (CBSS)	NA	NA	NA	NA	NA	NA	NA	NA	NA	NA	NA	NA
10376	NA	Bjelušica (1389)	42.84472	17.9786	NA	NA	BIH	NA	NA	2014-06-04	NA	NA	NA	NA	Terrestrial	Cave	NA	NA	Stalagtia hercegovinensis	NA	species	Dysderidae	Stalagtia	hercegovinensis	NA	NA	NA	Nikola Pischiutta	1	NA	NA	NA	NA	NA	Croatian Biospeleological Society, Zagreb, Croatia (CBSS)	NA	NA	NA	NA	NA	NA	NA	NA	NA	NA	NA	NA
10377	NA	Bjelušica (1389)	42.84472	17.9786	NA	NA	BIH	NA	NA	2014-12-02	NA	NA	NA	NA	Terrestrial	Cave	NA	NA	Stalagtia hercegovinensis	NA	species	Dysderidae	Stalagtia	hercegovinensis	NA	NA	NA	Nikola Pischiutta	2	NA	NA	NA	NA	NA	Croatian Biospeleological Society, Zagreb, Croatia (CBSS)	NA	NA	NA	NA	NA	NA	NA	NA	NA	NA	NA	NA
10380	NA	Bjelušica (1389)	42.84472	17.9786	NA	NA	BIH	NA	NA	2015-10-26	NA	NA	NA	NA	Terrestrial	Cave	NA	NA	Stalagtia hercegovinensis	NA	species	Dysderidae	Stalagtia	hercegovinensis	NA	NA	NA	Nikola Pischiutta	2	NA	NA	NA	NA	NA	Croatian Biospeleological Society, Zagreb, Croatia (CBSS)	NA	NA	NA	NA	NA	NA	NA	NA	NA	NA	NA	NA
10386	NA	Bjelušica (1389)	42.84472	17.9786	NA	NA	BIH	NA	NA	NA	NA	NA	NA	NA	Terrestrial	Cave	NA	NA	Stalagtia hercegovinensis	NA	species	Dysderidae	Stalagtia	hercegovinensis	NA	NA	NA	NA	NA	NA	NA	NA	NA	NA	NA	NA	NA	NA	NA	NA	NA	NA	NA	NA	NA	NA	NA
10395	NA	Bjelušica (1389)	42.84472	17.9786	NA	NA	BIH	NA	NA	2004-08-16	NA	NA	NA	NA	Terrestrial	Cave	NA	NA	Stalagtia hercegovinensis	NA	species	Dysderidae	Stalagtia	hercegovinensis	NA	NA	NA	Nikola Pischiutta	2	NA	NA	NA	NA	NA	Croatian Biospeleological Society, Zagreb, Croatia (CBSS)	NA	NA	NA	NA	NA	NA	NA	NA	NA	NA	NA	NA
10397	NA	Bjelušica (1389)	42.84472	17.9786	NA	NA	BIH	NA	NA	2007-08-22	NA	NA	NA	NA	Terrestrial	Cave	NA	NA	Stalagtia hercegovinensis	NA	species	Dysderidae	Stalagtia	hercegovinensis	NA	NA	NA	Martina Pavlek	NA	NA	NA	NA	NA	NA	Croatian Biospeleological Society, Zagreb, Croatia (CBSS)	NA	NA	NA	NA	NA	NA	NA	NA	NA	NA	NA	NA
10405	NA	Bjelušica (1389)	42.84472	17.9786	NA	NA	BIH	NA	NA	2015-10-26	NA	NA	NA	NA	Terrestrial	Cave	NA	NA	Stalagtia hercegovinensis	NA	species	Dysderidae	Stalagtia	hercegovinensis	NA	NA	NA	Nikola Pischiutta	2	NA	NA	NA	NA	NA	Croatian Biospeleological Society, Zagreb, Croatia (CBSS)	NA	NA	NA	NA	NA	NA	NA	NA	NA	NA	NA	NA
12947	NA	Bjelušica (1389)	42.84472	17.9786	NA	NA	BIH	NA	NA	2004-08-16	NA	NA	NA	NA	Terrestrial	Cave	NA	NA	Barusia maheni	NA	species	Leptonetidae	Barusia	maheni	NA	NA	NA	Martina Pavlek	1	NA	NA	NA	NA	NA	Croatian Biospeleological Society, Zagreb, Croatia (CBSS)	NA	NA	NA	NA	NA	NA	NA	NA	NA	NA	NA	NA
12948	NA	Bjelušica (1389)	42.84472	17.9786	NA	NA	BIH	NA	NA	2014-12-02	NA	NA	NA	NA	Terrestrial	Cave	NA	NA	Barusia maheni	NA	species	Leptonetidae	Barusia	maheni	NA	NA	NA	Martina Pavlek	3	NA	NA	NA	NA	NA	Croatian Biospeleological Society, Zagreb, Croatia (CBSS)	NA	NA	NA	NA	NA	NA	NA	NA	NA	NA	NA	NA
12949	NA	Bjelušica (1389)	42.84472	17.9786	NA	NA	BIH	NA	NA	2015-10-26	NA	NA	NA	NA	Terrestrial	Cave	NA	NA	Barusia maheni	NA	species	Leptonetidae	Barusia	maheni	NA	NA	NA	Martina Pavlek	1	NA	NA	NA	NA	NA	Croatian Biospeleological Society, Zagreb, Croatia (CBSS)	NA	NA	NA	NA	NA	NA	NA	NA	NA	NA	NA	NA
12950	NA	Bjelušica (1389)	42.84472	17.9786	NA	NA	BIH	NA	NA	2014-10-30	NA	NA	NA	NA	Terrestrial	Cave	NA	NA	Barusia maheni	NA	species	Leptonetidae	Barusia	maheni	NA	NA	NA	Martina Pavlek	1	NA	NA	NA	NA	NA	Croatian Biospeleological Society, Zagreb, Croatia (CBSS)	NA	NA	NA	NA	NA	NA	NA	NA	NA	NA	NA	NA
12951	NA	Bjelušica (1389)	42.84472	17.9786	NA	NA	BIH	NA	NA	2015-10-26	NA	NA	NA	NA	Terrestrial	Cave	NA	NA	Barusia maheni	NA	species	Leptonetidae	Barusia	maheni	NA	NA	NA	Martina Pavlek	1	NA	NA	NA	NA	NA	Croatian Biospeleological Society, Zagreb, Croatia (CBSS)	NA	NA	NA	NA	NA	NA	NA	NA	NA	NA	NA	NA
12952	NA	Bjelušica (1389)	42.84472	17.9786	NA	NA	BIH	NA	NA	2015-10-26	NA	NA	NA	NA	Terrestrial	Cave	NA	NA	Barusia maheni	NA	species	Leptonetidae	Barusia	maheni	NA	NA	NA	Martina Pavlek	3	NA	NA	NA	NA	NA	Croatian Biospeleological Society, Zagreb, Croatia (CBSS)	NA	NA	NA	NA	NA	NA	NA	NA	NA	NA	NA	NA
24915	NA	Bjelušica (1389)	42.84472	17.9786	NA	NA	BIH	NA	NA	2014-10-30	NA	NA	NA	NA	Terrestrial	Cave	NA	NA	Troglohyphantes salax	NA	species	Linyphiidae	Troglohyphantes	salax	NA	NA	NA	Martina Pavlek	1	NA	NA	NA	NA	NA	Croatian Biospeleological Society, Zagreb, Croatia (CBSS)	NA	NA	NA	NA	NA	NA	NA	NA	NA	NA	NA	NA
24918	NA	Bjelušica (1389)	42.84472	17.9786	NA	NA	BIH	NA	NA	2013-05-01	NA	NA	NA	NA	Terrestrial	Cave	NA	NA	Troglohyphantes salax	NA	species	Linyphiidae	Troglohyphantes	salax	NA	NA	NA	Martina Pavlek	1	NA	NA	NA	NA	NA	Croatian Biospeleological Society, Zagreb, Croatia (CBSS)	NA	NA	NA	NA	NA	NA	NA	NA	NA	NA	NA	NA
24921	NA	Bjelušica (1389)	42.84472	17.9786	NA	NA	BIH	NA	NA	2014-10-30	NA	NA	NA	NA	Terrestrial	Cave	NA	NA	Troglohyphantes salax	NA	species	Linyphiidae	Troglohyphantes	salax	NA	NA	NA	Martina Pavlek	1	NA	NA	NA	NA	NA	Croatian Biospeleological Society, Zagreb, Croatia (CBSS)	NA	NA	NA	NA	NA	NA	NA	NA	NA	NA	NA	NA
24923	NA	Bjelušica (1389)	42.84472	17.9786	NA	NA	BIH	NA	NA	2014-12-02	NA	NA	NA	NA	Terrestrial	Cave	NA	NA	Troglohyphantes salax	NA	species	Linyphiidae	Troglohyphantes	salax	NA	NA	NA	Martina Pavlek	1	NA	NA	NA	NA	NA	Croatian Biospeleological Society, Zagreb, Croatia (CBSS)	NA	NA	NA	NA	NA	NA	NA	NA	NA	NA	NA	NA
24924	NA	Bjelušica (1389)	42.84472	17.9786	NA	NA	BIH	NA	NA	2015-10-26	NA	NA	NA	NA	Terrestrial	Cave	NA	NA	Troglohyphantes salax	NA	species	Linyphiidae	Troglohyphantes	salax	NA	NA	NA	Martina Pavlek	7	NA	NA	NA	NA	NA	Croatian Biospeleological Society, Zagreb, Croatia (CBSS)	NA	NA	NA	NA	NA	NA	NA	NA	NA	NA	NA	NA
24934	NA	Bjelušica (1389)	42.84472	17.9786	NA	NA	BIH	NA	NA	NA	NA	NA	NA	NA	Terrestrial	Cave	NA	NA	Troglohyphantes salax	NA	species	Linyphiidae	Troglohyphantes	salax	NA	NA	NA	NA	NA	NA	NA	NA	NA	NA	NA	NA	NA	NA	NA	NA	NA	NA	NA	NA	NA	NA	NA
24936	NA	Bjelušica (1389)	42.84472	17.9786	NA	NA	BIH	NA	NA	NA	NA	NA	NA	NA	Terrestrial	Cave	NA	NA	Troglohyphantes salax	NA	species	Linyphiidae	Troglohyphantes	salax	NA	NA	NA	NA	NA	NA	NA	NA	NA	NA	NA	NA	NA	NA	NA	NA	NA	NA	NA	NA	NA	NA	NA
24943	NA	Bjelušica (1389)	42.84472	17.9786	NA	NA	BIH	NA	NA	2015-10-26	NA	NA	NA	NA	Terrestrial	Cave	NA	NA	Troglohyphantes salax	NA	species	Linyphiidae	Troglohyphantes	salax	NA	NA	NA	Martina Pavlek	1	NA	NA	NA	NA	NA	Croatian Biospeleological Society, Zagreb, Croatia (CBSS)	NA	NA	NA	NA	NA	NA	NA	NA	NA	NA	NA	NA
29	NA	Bjelušica (1389)	42.84472	17.9786	NA	NA	BIH	Zavala	NA	NA	NA	NA	NA	NA	Terrestrial	Cave	NA	NA	Stygopholcus absoloni	NA	species	Pholcidae	Stygopholcus	absoloni	NA	NA	NA	NA	NA	NA	NA	NA	NA	NA	NA	NA	NA	NA	NA	NA	NA	NA	NA	NA	NA	NA	NA
33	NA	Bjelušica (1389)	42.84472	17.9786	NA	NA	BIH	Zavala	NA	NA	NA	NA	NA	NA	Terrestrial	Cave	NA	NA	Stygopholcus absoloni	NA	species	Pholcidae	Stygopholcus	absoloni	NA	NA	NA	NA	NA	NA	NA	NA	NA	NA	National Museum, Prague, Czech Republic (NMP)	NA	NA	NA	NA	NA	NA	NA	NA	NA	NA	NA	NA
477	NA	Bjelušica (1389)	42.84472	17.9786	NA	NA	BIH	Zavala	NA	NA	NA	NA	NA	NA	Terrestrial	Cave	NA	NA	Tegenaria annulata	NA	species	Agelenidae	Tegenaria	annulata	NA	NA	NA	NA	NA	NA	NA	NA	NA	NA	NA	NA	NA	NA	NA	NA	NA	NA	NA	NA	NA	NA	NA
4868	NA	Bjelušica (1389)	42.84472	17.9786	NA	NA	BIH	Zavala	NA	NA	NA	NA	NA	NA	Terrestrial	Cave	NA	NA	Histopona conveniens	NA	species	Agelenidae	Histopona	conveniens	NA	NA	NA	NA	NA	NA	NA	NA	NA	NA	NA	NA	NA	NA	NA	NA	NA	NA	NA	NA	NA	NA	NA
8625	NA	Bjelušica (1389)	42.84472	17.9786	NA	NA	BIH	Zavala	NA	NA	NA	NA	NA	NA	Terrestrial	Cave	NA	NA	Kryptonesticus fagei	NA	species	Nesticidae	Kryptonesticus	fagei	NA	NA	NA	NA	NA	NA	NA	NA	NA	NA	NA	NA	NA	NA	NA	NA	NA	NA	NA	NA	NA	NA	NA
10390	NA	Bjelušica (1389)	42.84472	17.9786	NA	NA	BIH	Zavala	NA	NA	NA	NA	NA	NA	Terrestrial	Cave	NA	NA	Stalagtia hercegovinensis	NA	species	Dysderidae	Stalagtia	hercegovinensis	NA	NA	NA	NA	NA	NA	NA	NA	NA	NA	NA	NA	NA	NA	NA	NA	NA	NA	NA	NA	NA	NA	NA
24938	NA	Bjelušica (1389)	42.84472	17.9786	NA	NA	BIH	Zavala	NA	NA	NA	NA	NA	NA	Terrestrial	Cave	NA	NA	Troglohyphantes salax	NA	species	Linyphiidae	Troglohyphantes	salax	NA	NA	NA	NA	NA	NA	NA	NA	NA	NA	NA	NA	NA	NA	NA	NA	NA	NA	NA	NA	NA	NA	NA
16991	NA	Borge Kirke	59.22386	11.04363	NA	NA	NOR	Fredrikstad	NA	NA	NA	NA	NA	NA	Terrestrial	NA	NA	NA	Meta menardi	NA	species	Tetragnathidae	Meta	menardi	NA	NA	NA	NA	NA	NA	NA	NA	NA	NA	NA	NA	NA	NA	NA	NA	NA	NA	NA	NA	NA	NA	NA
16992	NA	Borge Kirke	59.22386	11.04363	NA	NA	NOR	Viken	NA	NA	NA	NA	NA	NA	Terrestrial	NA	NA	NA	Meta menardi	NA	species	Tetragnathidae	Meta	menardi	NA	NA	NA	NA	NA	NA	NA	NA	NA	NA	NA	NA	NA	NA	NA	NA	NA	NA	NA	NA	NA	NA	NA
3307	NA	Brlog	44.95388	15.53704	NA	NA	HRV	NA	NA	2024-06-04	NA	NA	NA	NA	Terrestrial	Cave	NA	NA	Nesticus cellulanus	NA	species	Nesticidae	Nesticus	cellulanus	NA	NA	NA	Iva Čupić	2	NA	NA	NA	NA	NA	Croatian Biospeleological Society, Zagreb, Croatia (CBSS)	NA	NA	NA	NA	NA	NA	NA	NA	NA	NA	NA	NA
3321	NA	Brlog	44.95388	15.53704	NA	NA	HRV	NA	NA	2024-09-28	NA	NA	NA	NA	Terrestrial	Cave	NA	NA	Nesticus cellulanus	NA	species	Nesticidae	Nesticus	cellulanus	NA	NA	NA	Iva Čupić	1	NA	NA	NA	NA	NA	Croatian Biospeleological Society, Zagreb, Croatia (CBSS)	NA	NA	NA	NA	NA	NA	NA	NA	NA	NA	NA	NA
3339	NA	Brlog	44.95388	15.53704	NA	NA	HRV	NA	NA	2023-09-16	NA	NA	NA	NA	Terrestrial	Cave	NA	NA	Nesticus cellulanus	NA	species	Nesticidae	Nesticus	cellulanus	NA	NA	NA	Martina Pavlek	1	NA	NA	NA	NA	NA	Croatian Biospeleological Society, Zagreb, Croatia (CBSS)	NA	NA	NA	NA	NA	NA	NA	NA	NA	NA	NA	NA
3477	NA	Brlog	44.95388	15.53704	NA	NA	HRV	NA	NA	2022-09-12	NA	NA	NA	NA	Terrestrial	Cave	NA	NA	Nesticus cellulanus	NA	species	Nesticidae	Nesticus	cellulanus	NA	NA	NA	Tin Rožman	1	NA	NA	NA	NA	NA	Croatian Biospeleological Society, Zagreb, Croatia (CBSS)	NA	NA	NA	NA	NA	NA	NA	NA	NA	NA	NA	NA
25306	NA	Brlog	44.95388	15.53704	NA	NA	HRV	NA	NA	2024-09-28	NA	NA	NA	NA	Terrestrial	Cave	NA	NA	Tegenaria silvestris	NA	species	Agelenidae	Tegenaria	silvestris	NA	NA	NA	Iva Čupić	1	NA	NA	NA	NA	NA	Croatian Biospeleological Society, Zagreb, Croatia (CBSS)	NA	NA	NA	NA	NA	NA	NA	NA	NA	NA	NA	NA
12908	NA	Brlog	44.95388	15.53704	NA	NA	HRV	NA	NA	2023-09-16	NA	NA	NA	NA	Terrestrial, Surface	Shallow Subterranean Habitats (SSH)	NA	NA	Histopona luxurians	NA	species	Agelenidae	Histopona	luxurians	NA	NA	NA	Martina Pavlek	1	NA	NA	NA	NA	NA	Croatian Biospeleological Society, Zagreb, Croatia (CBSS)	NA	NA	NA	NA	NA	NA	NA	NA	NA	NA	NA	NA
3896	NA	Buco dell'Oropa (Pi 2625)	45.60809	7.99924	NA	NA	ITA	NA	NA	NA	NA	NA	NA	NA	Terrestrial	Cave	NA	NA	Nesticus cellulanus	NA	species	Nesticidae	Nesticus	cellulanus	NA	NA	NA	NA	NA	NA	NA	NA	NA	NA	NA	NA	NA	NA	NA	NA	NA	NA	NA	NA	NA	NA	NA
3830	NA	Buco dell'Oropa (Pi 2625)	45.60809	7.99924	NA	NA	ITA	Biella	NA	NA	NA	NA	NA	NA	Terrestrial	Cave	NA	NA	Nesticus cellulanus	NA	species	Nesticidae	Nesticus	cellulanus	NA	NA	NA	NA	NA	NA	NA	NA	NA	NA	NA	NA	NA	NA	NA	NA	NA	NA	NA	NA	NA	NA	NA
3831	NA	Buco dell'Oropa (Pi 2625)	45.60809	7.99924	NA	NA	ITA	Biella	NA	NA	NA	NA	NA	NA	Terrestrial	Cave	NA	NA	Nesticus cellulanus	NA	species	Nesticidae	Nesticus	cellulanus	NA	NA	NA	NA	NA	NA	NA	NA	NA	NA	NA	NA	NA	NA	NA	NA	NA	NA	NA	NA	NA	NA	NA
12547	NA	Buco dell'Oropa (Pi 2625)	45.60809	7.99924	NA	NA	ITA	Biella	NA	NA	NA	NA	NA	NA	Terrestrial	Cave	NA	NA	Troglohyphantes lucifuga	NA	species	Linyphiidae	Troglohyphantes	lucifuga	NA	NA	NA	NA	NA	NA	NA	NA	NA	NA	NA	NA	NA	NA	NA	NA	NA	NA	NA	NA	NA	NA	NA
12613	NA	Buco dell'Oropa (Pi 2625)	45.60809	7.99924	NA	NA	ITA	Biella	NA	NA	NA	NA	NA	NA	Terrestrial	Cave	NA	NA	Troglohyphantes lucifuga	NA	species	Linyphiidae	Troglohyphantes	lucifuga	NA	NA	NA	NA	NA	NA	NA	NA	NA	NA	NA	NA	NA	NA	NA	NA	NA	NA	NA	NA	NA	NA	NA
12707	NA	Buco dell'Oropa (Pi 2625)	45.60809	7.99924	NA	NA	ITA	Biella	NA	NA	NA	NA	NA	NA	Terrestrial	Cave	NA	NA	Troglohyphantes lucifuga	NA	species	Linyphiidae	Troglohyphantes	lucifuga	NA	NA	NA	NA	NA	NA	NA	NA	NA	NA	Marco Isaia Collection at Dipartimento di Biologia Animale e dell’Uomo, University of Torino, Torino, Italy (CI)	NA	NA	NA	NA	NA	NA	NA	NA	NA	NA	NA	NA
12794	NA	Buco dell'Oropa (Pi 2625)	45.60809	7.99924	NA	NA	ITA	Biella	NA	NA	NA	NA	NA	NA	Terrestrial	Cave	NA	NA	Troglohyphantes lucifuga	NA	species	Linyphiidae	Troglohyphantes	lucifuga	NA	NA	NA	NA	NA	NA	NA	NA	NA	NA	NA	NA	NA	NA	NA	NA	NA	NA	NA	NA	NA	NA	NA
26833	NA	Buco dell'Oropa (Pi 2625)	45.60809	7.99924	NA	NA	ITA	Biella	NA	NA	NA	NA	NA	NA	Terrestrial	Cave	NA	NA	Meta vel Metellina sp.	TRUE	genus	Tetragnathidae	Meta vel Metellina	sp.	NA	NA	NA	NA	NA	NA	NA	NA	NA	NA	NA	NA	NA	NA	NA	NA	NA	NA	NA	NA	NA	NA	NA
26986	NA	Buco dell'Oropa (Pi 2625)	45.60809	7.99924	NA	NA	ITA	Biella	NA	NA	NA	NA	NA	NA	Terrestrial	Cave	NA	NA	Lepthyphantes sp.	TRUE	genus	Linyphiidae	Lepthyphantes	sp.	NA	NA	NA	NA	NA	NA	NA	NA	NA	NA	NA	NA	NA	NA	NA	NA	NA	NA	NA	NA	NA	NA	NA
26987	NA	Buco dell'Oropa (Pi 2625)	45.60809	7.99924	NA	NA	ITA	Biella	NA	NA	NA	NA	NA	NA	Terrestrial	Cave	NA	NA	Lepthyphantes sp.	TRUE	genus	Linyphiidae	Lepthyphantes	sp.	NA	NA	NA	NA	NA	NA	NA	NA	NA	NA	NA	NA	NA	NA	NA	NA	NA	NA	NA	NA	NA	NA	NA
27100	NA	Buco dell'Oropa (Pi 2625)	45.60809	7.99924	NA	NA	ITA	Biella	NA	NA	NA	NA	NA	NA	Terrestrial	Cave	NA	NA	Meta sp.	TRUE	genus	Tetragnathidae	Meta	sp.	NA	NA	NA	NA	NA	NA	NA	NA	NA	NA	NA	NA	NA	NA	NA	NA	NA	NA	NA	NA	NA	NA	NA
27508	NA	Buco dell'Oropa (Pi 2625)	45.60809	7.99924	NA	NA	ITA	Biella	NA	NA	NA	NA	NA	NA	Terrestrial	Cave	NA	NA	Troglohyphantes sp.	TRUE	genus	Linyphiidae	Troglohyphantes	sp.	NA	NA	NA	NA	NA	NA	NA	NA	NA	NA	NA	NA	NA	NA	NA	NA	NA	NA	NA	NA	NA	NA	NA
173	NA	Cetinjska pećina (04-004)	42.38875	18.92133	NA	NA	MNE	NA	NA	2015-11-08	NA	NA	NA	NA	Terrestrial	Cave	NA	NA	Typhlonesticus absoloni	NA	species	Nesticidae	Typhlonesticus	absoloni	NA	NA	NA	Martina Pavlek	2	NA	NA	NA	NA	NA	Croatian Biospeleological Society, Zagreb, Croatia (CBSS)	NA	NA	NA	NA	NA	NA	NA	NA	NA	NA	NA	NA
176	NA	Cetinjska pećina (04-004)	42.38875	18.92133	NA	NA	MNE	NA	NA	2012-08-22	NA	NA	NA	NA	Terrestrial	Cave	NA	NA	Typhlonesticus absoloni	NA	species	Nesticidae	Typhlonesticus	absoloni	NA	NA	NA	NA	5	NA	NA	NA	NA	NA	NA	NA	NA	NA	NA	NA	NA	NA	NA	NA	NA	NA	NA
177	NA	Cetinjska pećina (04-004)	42.38875	18.92133	NA	NA	MNE	NA	NA	2015-10-28	NA	NA	NA	NA	Terrestrial	Cave	NA	NA	Typhlonesticus absoloni	NA	species	Nesticidae	Typhlonesticus	absoloni	NA	NA	NA	Martina Pavlek	2	NA	NA	NA	NA	NA	Croatian Biospeleological Society, Zagreb, Croatia (CBSS)	NA	NA	NA	NA	NA	NA	NA	NA	NA	NA	NA	NA
178	NA	Cetinjska pećina (04-004)	42.38875	18.92133	NA	NA	MNE	NA	NA	2015-10-28	NA	NA	NA	NA	Terrestrial	Cave	NA	NA	Typhlonesticus absoloni	NA	species	Nesticidae	Typhlonesticus	absoloni	NA	NA	NA	Martina Pavlek	2	NA	NA	NA	NA	NA	Croatian Biospeleological Society, Zagreb, Croatia (CBSS)	NA	NA	NA	NA	NA	NA	NA	NA	NA	NA	NA	NA
182	NA	Cetinjska pećina (04-004)	42.38875	18.92133	NA	NA	MNE	NA	NA	2015-11-08	NA	NA	NA	NA	Terrestrial	Cave	NA	NA	Typhlonesticus absoloni	NA	species	Nesticidae	Typhlonesticus	absoloni	NA	NA	NA	Martina Pavlek	3	NA	NA	NA	NA	NA	Croatian Biospeleological Society, Zagreb, Croatia (CBSS)	NA	NA	NA	NA	NA	NA	NA	NA	NA	NA	NA	NA
184	NA	Cetinjska pećina (04-004)	42.38875	18.92133	NA	NA	MNE	NA	NA	2015-10-28	NA	NA	NA	NA	Terrestrial	Cave	NA	NA	Typhlonesticus absoloni	NA	species	Nesticidae	Typhlonesticus	absoloni	NA	NA	NA	Martina Pavlek	2	NA	NA	NA	NA	NA	Croatian Biospeleological Society, Zagreb, Croatia (CBSS)	NA	NA	NA	NA	NA	NA	NA	NA	NA	NA	NA	NA
186	NA	Cetinjska pećina (04-004)	42.38875	18.92133	NA	NA	MNE	NA	NA	1972-07-20	NA	NA	NA	NA	Terrestrial	Cave	NA	NA	Typhlonesticus absoloni	NA	species	Nesticidae	Typhlonesticus	absoloni	NA	NA	NA	NA	4	NA	NA	NA	NA	NA	NA	NA	NA	NA	NA	NA	NA	NA	NA	NA	NA	NA	NA
190	NA	Cetinjska pećina (04-004)	42.38875	18.92133	NA	NA	MNE	NA	NA	2015-10-28	NA	NA	NA	NA	Terrestrial	Cave	NA	NA	Typhlonesticus absoloni	NA	species	Nesticidae	Typhlonesticus	absoloni	NA	NA	NA	Martina Pavlek	1	NA	NA	NA	NA	NA	Croatian Biospeleological Society, Zagreb, Croatia (CBSS)	NA	NA	NA	NA	NA	NA	NA	NA	NA	NA	NA	NA
192	NA	Cetinjska pećina (04-004)	42.38875	18.92133	NA	NA	MNE	NA	NA	2015-10-28	NA	NA	NA	NA	Terrestrial	Cave	NA	NA	Typhlonesticus absoloni	NA	species	Nesticidae	Typhlonesticus	absoloni	NA	NA	NA	Martina Pavlek	3	NA	NA	NA	NA	NA	Croatian Biospeleological Society, Zagreb, Croatia (CBSS)	NA	NA	NA	NA	NA	NA	NA	NA	NA	NA	NA	NA
193	NA	Cetinjska pećina (04-004)	42.38875	18.92133	NA	NA	MNE	NA	NA	2015-10-28	NA	NA	NA	NA	Terrestrial	Cave	NA	NA	Typhlonesticus absoloni	NA	species	Nesticidae	Typhlonesticus	absoloni	NA	NA	NA	Martina Pavlek	1	NA	NA	NA	NA	NA	Croatian Biospeleological Society, Zagreb, Croatia (CBSS)	NA	NA	NA	NA	NA	NA	NA	NA	NA	NA	NA	NA
195	NA	Cetinjska pećina (04-004)	42.38875	18.92133	NA	NA	MNE	NA	NA	2015-10-28	NA	NA	NA	NA	Terrestrial	Cave	NA	NA	Typhlonesticus absoloni	NA	species	Nesticidae	Typhlonesticus	absoloni	NA	NA	NA	Martina Pavlek	6	NA	NA	NA	NA	NA	Croatian Biospeleological Society, Zagreb, Croatia (CBSS)	NA	NA	NA	NA	NA	NA	NA	NA	NA	NA	NA	NA
537	NA	Cetinjska pećina (04-004)	42.38875	18.92133	NA	NA	MNE	NA	NA	2015-10-28	NA	NA	NA	NA	Terrestrial	Cave	NA	NA	Kryptonesticus arenstorffi	NA	species	Nesticidae	Kryptonesticus	arenstorffi	NA	NA	NA	Martina Pavlek	5	NA	NA	NA	NA	NA	Croatian Biospeleological Society, Zagreb, Croatia (CBSS)	NA	NA	NA	NA	NA	NA	NA	NA	NA	NA	NA	NA
538	NA	Cetinjska pećina (04-004)	42.38875	18.92133	NA	NA	MNE	NA	NA	2015-10-28	NA	NA	NA	NA	Terrestrial	Cave	NA	NA	Kryptonesticus arenstorffi	NA	species	Nesticidae	Kryptonesticus	arenstorffi	NA	NA	NA	Martina Pavlek	2	NA	NA	NA	NA	NA	Croatian Biospeleological Society, Zagreb, Croatia (CBSS)	NA	NA	NA	NA	NA	NA	NA	NA	NA	NA	NA	NA
563	NA	Cetinjska pećina (04-004)	42.38875	18.92133	NA	NA	MNE	NA	NA	2015-10-28	NA	NA	NA	NA	Terrestrial	Cave	NA	NA	Kryptonesticus arenstorffi	NA	species	Nesticidae	Kryptonesticus	arenstorffi	NA	NA	NA	Martina Pavlek	6	NA	NA	NA	NA	NA	Croatian Biospeleological Society, Zagreb, Croatia (CBSS)	NA	NA	NA	NA	NA	NA	NA	NA	NA	NA	NA	NA
11548	NA	Cetinjska pećina (04-004)	42.38875	18.92133	NA	NA	MNE	NA	NA	2015-10-28	NA	NA	NA	NA	Terrestrial	Cave	NA	NA	Histopona krivosijana	NA	species	Agelenidae	Histopona	krivosijana	NA	NA	NA	Martina Pavlek	1	NA	NA	NA	NA	NA	Croatian Biospeleological Society, Zagreb, Croatia (CBSS)	NA	NA	NA	NA	NA	NA	NA	NA	NA	NA	NA	NA
11561	NA	Cetinjska pećina (04-004)	42.38875	18.92133	NA	NA	MNE	NA	NA	2015-10-28	NA	NA	NA	NA	Terrestrial	Cave	NA	NA	Histopona krivosijana	NA	species	Agelenidae	Histopona	krivosijana	NA	NA	NA	Martina Pavlek	1	NA	NA	NA	NA	NA	Croatian Biospeleological Society, Zagreb, Croatia (CBSS)	NA	NA	NA	NA	NA	NA	NA	NA	NA	NA	NA	NA
21856	NA	Cetinjska pećina (04-004)	42.38875	18.92133	NA	NA	MNE	NA	NA	1972-07-29	NA	NA	NA	NA	Terrestrial	Cave	NA	NA	Folkia mrazeki	NA	species	Dysderidae	Folkia	mrazeki	NA	NA	NA	NA	2	NA	NA	NA	NA	NA	NA	NA	NA	NA	NA	NA	NA	NA	NA	NA	NA	NA	NA
22090	NA	Cetinjska pećina (04-004)	42.38875	18.92133	NA	NA	MNE	NA	NA	2015-10-28	NA	NA	NA	NA	Terrestrial	Cave	NA	NA	Stalitella noseki	NA	species	Dysderidae	Stalitella	noseki	NA	NA	NA	Martina Pavlek	1	NA	NA	NA	NA	NA	Croatian Biospeleological Society, Zagreb, Croatia (CBSS)	NA	NA	NA	NA	NA	NA	NA	NA	NA	NA	NA	NA
22094	NA	Cetinjska pećina (04-004)	42.38875	18.92133	NA	NA	MNE	NA	NA	2015-10-28	NA	NA	NA	NA	Terrestrial	Cave	NA	NA	Stalitella noseki	NA	species	Dysderidae	Stalitella	noseki	NA	NA	NA	Martina Pavlek	NA	NA	NA	NA	NA	NA	Croatian Biospeleological Society, Zagreb, Croatia (CBSS)	NA	NA	NA	NA	NA	NA	NA	NA	NA	NA	NA	NA
28335	NA	Cetinjska pećina (04-004)	42.38875	18.92133	NA	NA	MNE	NA	NA	1972-07-20	NA	NA	NA	NA	Terrestrial	Cave	NA	NA	Troglohyphantes sp. 17	TRUE	species	Linyphiidae	Troglohyphantes	sp. 17	NA	NA	NA	NA	NA	NA	NA	NA	NA	NA	NA	NA	NA	NA	NA	NA	NA	NA	NA	NA	NA	NA	NA
28336	NA	Cetinjska pećina (04-004)	42.38875	18.92133	NA	NA	MNE	NA	NA	NA	NA	NA	NA	NA	Terrestrial	Cave	NA	NA	Troglohyphantes sp. 17	TRUE	species	Linyphiidae	Troglohyphantes	sp. 17	NA	NA	NA	NA	NA	NA	NA	NA	NA	NA	NA	NA	NA	NA	NA	NA	NA	NA	NA	NA	NA	NA	NA
28337	NA	Cetinjska pećina (04-004)	42.38875	18.92133	NA	NA	MNE	NA	NA	NA	NA	NA	NA	NA	Terrestrial	Cave	NA	NA	Troglohyphantes sp. 17	TRUE	species	Linyphiidae	Troglohyphantes	sp. 17	NA	NA	NA	NA	NA	NA	NA	NA	NA	NA	NA	NA	NA	NA	NA	NA	NA	NA	NA	NA	NA	NA	NA
28969	NA	Cetinjska pećina (04-004)	42.38875	18.92133	NA	NA	MNE	NA	NA	2015-10-28	NA	NA	NA	NA	Terrestrial	Cave	NA	NA	Troglohyphantes sp. 6	TRUE	species	Linyphiidae	Troglohyphantes	sp. 6	NA	NA	NA	Martina Pavlek	1	NA	NA	NA	NA	NA	Croatian Biospeleological Society, Zagreb, Croatia (CBSS)	NA	NA	NA	NA	NA	NA	NA	NA	NA	NA	NA	NA
30684	NA	Cetinjska pećina (04-004)	42.38875	18.92133	NA	NA	MNE	NA	NA	NA	NA	NA	NA	NA	Terrestrial	Cave	NA	NA	Palliduphantes trnovensis	NA	species	Linyphiidae	Palliduphantes	trnovensis	NA	NA	NA	NA	NA	NA	NA	NA	NA	NA	NA	NA	NA	NA	NA	NA	NA	NA	NA	NA	NA	NA	NA
188	NA	Cetinjska pećina (04-004)	42.38875	18.92133	NA	NA	MNE	Cettigne	NA	NA	NA	NA	NA	NA	Terrestrial	Cave	NA	NA	Typhlonesticus absoloni	NA	species	Nesticidae	Typhlonesticus	absoloni	NA	NA	NA	NA	NA	NA	NA	NA	NA	NA	NA	NA	NA	NA	NA	NA	NA	NA	NA	NA	NA	NA	NA
557	NA	Cetinjska pećina (04-004)	42.38875	18.92133	NA	NA	MNE	Cettigne	NA	NA	NA	NA	NA	NA	Terrestrial	Cave	NA	NA	Kryptonesticus arenstorffi	NA	species	Nesticidae	Kryptonesticus	arenstorffi	NA	NA	NA	NA	NA	NA	NA	NA	NA	NA	NA	NA	NA	NA	NA	NA	NA	NA	NA	NA	NA	NA	NA
21815	NA	Cetinjska pećina (04-004)	42.38875	18.92133	NA	NA	MNE	Cettigne	NA	NA	NA	NA	NA	NA	Terrestrial	Cave	NA	NA	Stygopholcus montenegrinus	NA	species	Pholcidae	Stygopholcus	montenegrinus	NA	NA	NA	NA	NA	NA	NA	NA	NA	NA	Marjan Komnenov Collection, Skopje, Macedonia (CMK)	NA	NA	NA	NA	NA	NA	NA	NA	NA	NA	NA	NA
21865	NA	Cetinjska pećina (04-004)	42.38875	18.92133	NA	NA	MNE	Cettigne	NA	NA	NA	NA	NA	NA	Terrestrial	Cave	NA	NA	Folkia mrazeki	NA	species	Dysderidae	Folkia	mrazeki	NA	NA	NA	NA	NA	NA	NA	NA	NA	NA	NA	NA	NA	NA	NA	NA	NA	NA	NA	NA	NA	NA	NA
28338	NA	Cetinjska pećina (04-004)	42.38875	18.92133	NA	NA	MNE	Cettigne	NA	NA	NA	NA	NA	NA	Terrestrial	Cave	NA	NA	Troglohyphantes sp. 17	TRUE	species	Linyphiidae	Troglohyphantes	sp. 17	NA	NA	NA	NA	NA	NA	NA	NA	NA	NA	NA	NA	NA	NA	NA	NA	NA	NA	NA	NA	NA	NA	NA
30685	NA	Cetinjska pećina (04-004)	42.38875	18.92133	NA	NA	MNE	Cettigne	NA	NA	NA	NA	NA	NA	Terrestrial	Cave	NA	NA	Palliduphantes trnovensis	NA	species	Linyphiidae	Palliduphantes	trnovensis	NA	NA	NA	NA	NA	NA	NA	NA	NA	NA	NA	NA	NA	NA	NA	NA	NA	NA	NA	NA	NA	NA	NA
19741	NA	Chrysopigi, Nasioutsik cave	41.16649	23.5583	NA	NA	GRC	Serron	NA	NA	NA	NA	NA	NA	Terrestrial	Cave	NA	NA	Metellina merianae	NA	species	Tetragnathidae	Metellina	merianae	NA	NA	NA	NA	NA	NA	NA	NA	NA	NA	NA	NA	NA	NA	NA	NA	NA	NA	NA	NA	NA	NA	NA
6249	NA	Chrysopigi, Nasioutsik cave	41.16649	23.5583	NA	NA	GRC	Serron	NA	NA	NA	NA	NA	NA	Terrestrial	Cave	NA	NA	Tegenaria domestica	NA	species	Agelenidae	Tegenaria	domestica	NA	NA	NA	NA	NA	NA	NA	NA	NA	NA	NA	NA	NA	NA	NA	NA	NA	NA	NA	NA	NA	NA	NA
10106	NA	Črna jama	45.69932	14.85154	NA	NA	SVN	Mala gora, Koblarji	NA	NA	NA	NA	NA	NA	Terrestrial	Cave	NA	NA	Stalita hadzii	NA	species	Dysderidae	Stalita	hadzii	NA	NA	NA	NA	NA	NA	NA	NA	NA	NA	SubBioDB, managed by SubBioLab, Dept. of Biology, Biotechnical Faculty, University of Ljubljana	NA	NA	NA	NA	NA	NA	NA	NA	NA	NA	NA	NA
27585	NA	Črna jama	45.69932	14.85154	NA	NA	SVN	Mala gora, Koblarji	NA	NA	NA	NA	NA	NA	Terrestrial	Cave	NA	NA	Meta sp.	TRUE	genus	Tetragnathidae	Meta	sp.	NA	NA	NA	NA	NA	NA	NA	NA	NA	NA	SubBioDB, managed by SubBioLab, Dept. of Biology, Biotechnical Faculty, University of Ljubljana	NA	NA	NA	NA	NA	NA	NA	NA	NA	NA	NA	NA
27695	NA	Črna jama	45.69932	14.85154	NA	NA	SVN	Mala gora, Koblarji	NA	NA	NA	NA	NA	NA	Terrestrial	Cave	NA	NA	Stalita sp.	TRUE	genus	Dysderidae	Stalita	sp.	NA	NA	NA	NA	NA	NA	NA	NA	NA	NA	SubBioDB, managed by SubBioLab, Dept. of Biology, Biotechnical Faculty, University of Ljubljana	NA	NA	NA	NA	NA	NA	NA	NA	NA	NA	NA	NA
30179	NA	Črna jama	45.79943	14.20735	NA	NA	SVN	NA	NA	1914-04-27	NA	NA	NA	NA	Terrestrial	Cave	NA	NA	Stalita taenaria	NA	species	Dysderidae	Stalita	taenaria	NA	NA	NA	NA	2	NA	NA	NA	NA	NA	NA	NA	NA	NA	NA	NA	NA	NA	NA	NA	NA	NA	NA
30183	NA	Črna jama	45.79943	14.20735	NA	NA	SVN	NA	NA	1925-09-19	NA	NA	NA	NA	Terrestrial	Cave	NA	NA	Stalita taenaria	NA	species	Dysderidae	Stalita	taenaria	NA	NA	NA	NA	NA	NA	NA	NA	NA	NA	NA	NA	NA	NA	NA	NA	NA	NA	NA	NA	NA	NA	NA
30195	NA	Črna jama	45.79943	14.20735	NA	NA	SVN	NA	NA	NA	NA	NA	NA	NA	Terrestrial	Cave	NA	NA	Stalita taenaria	NA	species	Dysderidae	Stalita	taenaria	NA	NA	NA	NA	NA	NA	NA	NA	NA	NA	NA	NA	NA	NA	NA	NA	NA	NA	NA	NA	NA	NA	NA
30404	NA	Črna jama	45.79943	14.20735	NA	NA	SVN	Veliki Otok, Postojna	NA	NA	NA	NA	NA	NA	Terrestrial	Cave	NA	NA	Stalita taenaria	NA	species	Dysderidae	Stalita	taenaria	NA	NA	NA	NA	NA	NA	NA	NA	NA	NA	NA	NA	NA	NA	NA	NA	NA	NA	NA	NA	NA	NA	NA
30405	NA	Črna jama	45.79943	14.20735	NA	NA	SVN	Veliki Otok, Postojna	NA	NA	NA	NA	NA	NA	Terrestrial	Cave	NA	NA	Stalita taenaria	NA	species	Dysderidae	Stalita	taenaria	NA	NA	NA	NA	NA	NA	NA	NA	NA	NA	NA	NA	NA	NA	NA	NA	NA	NA	NA	NA	NA	NA	NA
30406	NA	Črna jama	45.79943	14.20735	NA	NA	SVN	Veliki Otok, Postojna	NA	NA	NA	NA	NA	NA	Terrestrial	Cave	NA	NA	Stalita taenaria	NA	species	Dysderidae	Stalita	taenaria	NA	NA	NA	NA	NA	NA	NA	NA	NA	NA	NA	NA	NA	NA	NA	NA	NA	NA	NA	NA	NA	NA	NA
30407	NA	Črna jama	45.79943	14.20735	NA	NA	SVN	Veliki Otok, Postojna	NA	NA	NA	NA	NA	NA	Terrestrial	Cave	NA	NA	Stalita taenaria	NA	species	Dysderidae	Stalita	taenaria	NA	NA	NA	NA	NA	NA	NA	NA	NA	NA	Absolon Collection	NA	NA	NA	NA	NA	NA	NA	NA	NA	NA	NA	NA
30471	NA	Črna jama	45.79943	14.20735	NA	NA	SVN	NA	NA	1913-04	NA	NA	NA	NA	Terrestrial	Cave	NA	NA	Stalita taenaria	NA	species	Dysderidae	Stalita	taenaria	NA	NA	NA	NA	1	NA	NA	NA	NA	NA	NA	NA	NA	NA	NA	NA	NA	NA	NA	NA	NA	NA	NA
10064	NA	Črna jama	45.69932	14.85154	NA	NA	SVN	NA	NA	2011-02-11	NA	NA	NA	NA	Terrestrial	Cave	NA	NA	Stalita hadzii	NA	species	Dysderidae	Stalita	hadzii	NA	NA	NA	Martina Pavlek	1	NA	NA	NA	NA	NA	SubBioDB, managed by SubBioLab, Dept. of Biology, Biotechnical Faculty, University of Ljubljana	NA	NA	NA	NA	NA	NA	NA	NA	NA	NA	NA	NA
10569	NA	Cueva de La Puerta	28.39324	-16.34431	NA	NA	ESP	Tenerife	NA	NA	NA	NA	NA	NA	Terrestrial	Cave	NA	NA	Dysdera hernandezi	NA	species	Dysderidae	Dysdera	hernandezi	NA	NA	NA	NA	NA	NA	NA	NA	NA	NA	NA	NA	NA	NA	NA	NA	NA	NA	NA	NA	NA	NA	NA
796	NA	Cueva de La Puerta	28.39324	-16.34431	NA	NA	ESP	Tenerife	NA	NA	NA	NA	NA	NA	Terrestrial	Cave	NA	NA	Pholcus baldiosensis	NA	species	Pholcidae	Pholcus	baldiosensis	NA	NA	NA	NA	NA	NA	NA	NA	NA	NA	NA	NA	NA	NA	NA	NA	NA	NA	NA	NA	NA	NA	NA
1867	NA	Cueva de Las Mechas	28.43865	-16.41275	NA	NA	ESP	Tenerife	NA	NA	NA	NA	NA	NA	Terrestrial	Cave	NA	NA	Meta bourneti	NA	species	Tetragnathidae	Meta	bourneti	NA	NA	NA	NA	NA	NA	NA	NA	NA	NA	NA	NA	NA	NA	NA	NA	NA	NA	NA	NA	NA	NA	NA
1868	NA	Cueva de Las Mechas	28.43865	-16.41275	NA	NA	ESP	Tenerife	NA	NA	NA	NA	NA	NA	Terrestrial	Cave	NA	NA	Meta bourneti	NA	species	Tetragnathidae	Meta	bourneti	NA	NA	NA	NA	NA	NA	NA	NA	NA	NA	NA	NA	NA	NA	NA	NA	NA	NA	NA	NA	NA	NA	NA
436	NA	Cueva de Las Mechas	28.43865	-16.41275	NA	NA	ESP	Tenerife	NA	NA	NA	NA	NA	NA	Terrestrial	Cave	NA	NA	Dysdera ambulotenta	NA	species	Dysderidae	Dysdera	ambulotenta	NA	NA	NA	NA	NA	NA	NA	NA	NA	NA	NA	NA	NA	NA	NA	NA	NA	NA	NA	NA	NA	NA	NA
28215	NA	Cueva de Las Mechas	28.43865	-16.41275	NA	NA	ESP	Tenerife	NA	NA	NA	NA	NA	NA	Terrestrial	Cave	NA	NA	Meta sp. 1	TRUE	species	Tetragnathidae	Meta	sp. 1	NA	NA	NA	NA	NA	NA	NA	NA	NA	NA	NA	NA	NA	NA	NA	NA	NA	NA	NA	NA	NA	NA	NA
1821	NA	Cueva de Mendikute (Aranz-176)	43.14395	-2.12511	NA	NA	ESP	Gipuzkoa	NA	NA	NA	NA	NA	NA	Terrestrial	Cave	NA	NA	Meta bourneti	NA	species	Tetragnathidae	Meta	bourneti	NA	NA	NA	NA	NA	NA	NA	NA	NA	NA	NA	NA	NA	NA	NA	NA	NA	NA	NA	NA	NA	NA	NA
264	NA	Cueva de Mendikute (Aranz-176)	43.14395	-2.12511	NA	NA	ESP	Gipuzkoa	NA	NA	NA	NA	NA	NA	Terrestrial	Cave	NA	NA	Troglohyphantes alluaudi	NA	species	Linyphiidae	Troglohyphantes	alluaudi	NA	NA	NA	NA	NA	NA	NA	NA	NA	NA	Carlos Prieto & Jon Fernandez Collection	NA	NA	NA	NA	NA	NA	NA	NA	NA	NA	NA	NA
1754	NA	Cueva de Mendikute (Aranz-176)	43.14395	-2.12511	NA	NA	ESP	Gipuzkoa	NA	NA	NA	NA	NA	NA	Terrestrial	Cave	NA	NA	Meta bourneti	NA	species	Tetragnathidae	Meta	bourneti	NA	NA	NA	NA	NA	NA	NA	NA	NA	NA	Carlos Prieto & Jon Fernandez Collection	NA	NA	NA	NA	NA	NA	NA	NA	NA	NA	NA	NA
9293	NA	Cueva de Mendikute (Aranz-176)	43.14395	-2.12511	NA	NA	ESP	Gipuzkoa	NA	NA	NA	NA	NA	NA	Terrestrial	Cave	NA	NA	Troglohyphantes furcifer	NA	species	Linyphiidae	Troglohyphantes	furcifer	NA	NA	NA	NA	NA	NA	NA	NA	NA	NA	Carlos Prieto & Jon Fernandez Collection	NA	NA	NA	NA	NA	NA	NA	NA	NA	NA	NA	NA
10776	NA	Cueva de Mendikute (Aranz-176)	43.14395	-2.12511	NA	NA	ESP	Gipuzkoa	NA	NA	NA	NA	NA	NA	Terrestrial	Cave	NA	NA	Eratigena inermis	NA	species	Agelenidae	Eratigena	inermis	NA	NA	NA	NA	NA	NA	NA	NA	NA	NA	Carlos Prieto & Jon Fernandez Collection	NA	NA	NA	NA	NA	NA	NA	NA	NA	NA	NA	NA
17557	NA	Cueva de Mendikute (Aranz-176)	43.14395	-2.12511	NA	NA	ESP	Gipuzkoa	NA	NA	NA	NA	NA	NA	Terrestrial	Cave	NA	NA	Meta menardi	NA	species	Tetragnathidae	Meta	menardi	NA	NA	NA	NA	NA	NA	NA	NA	NA	NA	Carlos Prieto & Jon Fernandez Collection	NA	NA	NA	NA	NA	NA	NA	NA	NA	NA	NA	NA
20784	NA	Cueva de Mendikute (Aranz-176)	43.14395	-2.12511	NA	NA	ESP	Gipuzkoa	NA	NA	NA	NA	NA	NA	Terrestrial	Cave	NA	NA	Metellina merianae	NA	species	Tetragnathidae	Metellina	merianae	NA	NA	NA	NA	NA	NA	NA	NA	NA	NA	Carlos Prieto & Jon Fernandez Collection	NA	NA	NA	NA	NA	NA	NA	NA	NA	NA	NA	NA
29894	NA	Cueva de Mendikute (Aranz-176)	43.14395	-2.12511	NA	NA	ESP	Gipuzkoa	NA	NA	NA	NA	NA	NA	Terrestrial	Cave	NA	NA	Chorizomma subterraneum	NA	species	Dictynidae	Chorizomma	subterraneum	NA	NA	NA	NA	NA	NA	NA	NA	NA	NA	Carlos Prieto & Jon Fernandez Collection	NA	NA	NA	NA	NA	NA	NA	NA	NA	NA	NA	NA
1842	NA	Cueva del Agudu	43.33333	-4.65	NA	NA	ESP	Asturias	NA	NA	NA	NA	NA	NA	Terrestrial	Cave	NA	NA	Meta bourneti	NA	species	Tetragnathidae	Meta	bourneti	NA	NA	NA	NA	NA	NA	NA	NA	NA	NA	NA	NA	NA	NA	NA	NA	NA	NA	NA	NA	NA	NA	NA
1843	NA	Cueva del Agudu	43.33333	-4.65	NA	NA	ESP	Asturias	NA	NA	NA	NA	NA	NA	Terrestrial	Cave	NA	NA	Meta bourneti	NA	species	Tetragnathidae	Meta	bourneti	NA	NA	NA	NA	NA	NA	NA	NA	NA	NA	NA	NA	NA	NA	NA	NA	NA	NA	NA	NA	NA	NA	NA
2168	NA	Cueva del Agudu	43.33333	-4.65	NA	NA	ESP	Asturias	NA	NA	NA	NA	NA	NA	Terrestrial	Cave	NA	NA	Meta bourneti	NA	species	Tetragnathidae	Meta	bourneti	NA	NA	NA	NA	NA	NA	NA	NA	NA	NA	NA	NA	NA	NA	NA	NA	NA	NA	NA	NA	NA	NA	NA
524	NA	Golodražnica (09-030)	42.50306	18.69918	NA	NA	MNE	NA	NA	2010-04-24	NA	NA	NA	NA	Terrestrial	Cave	NA	NA	Kryptonesticus arenstorffi	NA	species	Nesticidae	Kryptonesticus	arenstorffi	NA	NA	NA	Martina Pavlek	4	NA	NA	NA	NA	NA	Croatian Biospeleological Society, Zagreb, Croatia (CBSS)	NA	NA	NA	NA	NA	NA	NA	NA	NA	NA	NA	NA
525	NA	Golodražnica (09-030)	42.50306	18.69918	NA	NA	MNE	NA	NA	2012-03-31	NA	NA	NA	NA	Terrestrial	Cave	NA	NA	Kryptonesticus arenstorffi	NA	species	Nesticidae	Kryptonesticus	arenstorffi	NA	NA	NA	Martina Pavlek	5	NA	NA	NA	NA	NA	Croatian Biospeleological Society, Zagreb, Croatia (CBSS)	NA	NA	NA	NA	NA	NA	NA	NA	NA	NA	NA	NA
526	NA	Golodražnica (09-030)	42.50306	18.69918	NA	NA	MNE	NA	NA	2010-04-24	NA	NA	NA	NA	Terrestrial	Cave	NA	NA	Kryptonesticus arenstorffi	NA	species	Nesticidae	Kryptonesticus	arenstorffi	NA	NA	NA	Martina Pavlek	7	NA	NA	NA	NA	NA	Croatian Biospeleological Society, Zagreb, Croatia (CBSS)	NA	NA	NA	NA	NA	NA	NA	NA	NA	NA	NA	NA
527	NA	Golodražnica (09-030)	42.50306	18.69918	NA	NA	MNE	NA	NA	2010-04-24	NA	NA	NA	NA	Terrestrial	Cave	NA	NA	Kryptonesticus arenstorffi	NA	species	Nesticidae	Kryptonesticus	arenstorffi	NA	NA	NA	Martina Pavlek	3	NA	NA	NA	NA	NA	Croatian Biospeleological Society, Zagreb, Croatia (CBSS)	NA	NA	NA	NA	NA	NA	NA	NA	NA	NA	NA	NA
528	NA	Golodražnica (09-030)	42.50306	18.69918	NA	NA	MNE	NA	NA	2012-03-31	NA	NA	NA	NA	Terrestrial	Cave	NA	NA	Kryptonesticus arenstorffi	NA	species	Nesticidae	Kryptonesticus	arenstorffi	NA	NA	NA	Martina Pavlek	4	NA	NA	NA	NA	NA	Croatian Biospeleological Society, Zagreb, Croatia (CBSS)	NA	NA	NA	NA	NA	NA	NA	NA	NA	NA	NA	NA
529	NA	Golodražnica (09-030)	42.50306	18.69918	NA	NA	MNE	NA	NA	2012-03-31	NA	NA	NA	NA	Terrestrial	Cave	NA	NA	Kryptonesticus arenstorffi	NA	species	Nesticidae	Kryptonesticus	arenstorffi	NA	NA	NA	Martina Pavlek	2	NA	NA	NA	NA	NA	Croatian Biospeleological Society, Zagreb, Croatia (CBSS)	NA	NA	NA	NA	NA	NA	NA	NA	NA	NA	NA	NA
531	NA	Golodražnica (09-030)	42.50306	18.69918	NA	NA	MNE	NA	NA	2012-03-31	NA	NA	NA	NA	Terrestrial	Cave	NA	NA	Kryptonesticus arenstorffi	NA	species	Nesticidae	Kryptonesticus	arenstorffi	NA	NA	NA	Martina Pavlek	3	NA	NA	NA	NA	NA	Croatian Biospeleological Society, Zagreb, Croatia (CBSS)	NA	NA	NA	NA	NA	NA	NA	NA	NA	NA	NA	NA
532	NA	Golodražnica (09-030)	42.50306	18.69918	NA	NA	MNE	NA	NA	2014-12-04	NA	NA	NA	NA	Terrestrial	Cave	NA	NA	Kryptonesticus arenstorffi	NA	species	Nesticidae	Kryptonesticus	arenstorffi	NA	NA	NA	Martina Pavlek	1	NA	NA	NA	NA	NA	Croatian Biospeleological Society, Zagreb, Croatia (CBSS)	NA	NA	NA	NA	NA	NA	NA	NA	NA	NA	NA	NA
533	NA	Golodražnica (09-030)	42.50306	18.69918	NA	NA	MNE	NA	NA	2014-12-04	NA	NA	NA	NA	Terrestrial	Cave	NA	NA	Kryptonesticus arenstorffi	NA	species	Nesticidae	Kryptonesticus	arenstorffi	NA	NA	NA	Martina Pavlek	2	NA	NA	NA	NA	NA	Croatian Biospeleological Society, Zagreb, Croatia (CBSS)	NA	NA	NA	NA	NA	NA	NA	NA	NA	NA	NA	NA
556	NA	Golodražnica (09-030)	42.50306	18.69918	NA	NA	MNE	NA	NA	NA	NA	NA	NA	NA	Terrestrial	Cave	NA	NA	Kryptonesticus arenstorffi	NA	species	Nesticidae	Kryptonesticus	arenstorffi	NA	NA	NA	NA	NA	NA	NA	NA	NA	NA	NA	NA	NA	NA	NA	NA	NA	NA	NA	NA	NA	NA	NA
20576	NA	Golodražnica (09-030)	42.50306	18.69918	NA	NA	MNE	NA	NA	2012-03-31	NA	NA	NA	NA	Terrestrial	Cave	NA	NA	Metellina merianae	NA	species	Tetragnathidae	Metellina	merianae	NA	NA	NA	Martina Pavlek	5	NA	NA	NA	NA	NA	Croatian Biospeleological Society, Zagreb, Croatia (CBSS)	NA	NA	NA	NA	NA	NA	NA	NA	NA	NA	NA	NA
20595	NA	Golodražnica (09-030)	42.50306	18.69918	NA	NA	MNE	NA	NA	NA	NA	NA	NA	NA	Terrestrial	Cave	NA	NA	Metellina merianae	NA	species	Tetragnathidae	Metellina	merianae	NA	NA	NA	NA	NA	NA	NA	NA	NA	NA	NA	NA	NA	NA	NA	NA	NA	NA	NA	NA	NA	NA	NA
21775	NA	Golodražnica (09-030)	42.50306	18.69918	NA	NA	MNE	NA	NA	2010-04-24	NA	NA	NA	NA	Terrestrial	Cave	NA	NA	Stalagtia monospina	NA	species	Dysderidae	Stalagtia	monospina	NA	NA	NA	Martina Pavlek	3	NA	NA	NA	NA	NA	Croatian Biospeleological Society, Zagreb, Croatia (CBSS)	NA	NA	NA	NA	NA	NA	NA	NA	NA	NA	NA	NA
21776	NA	Golodražnica (09-030)	42.50306	18.69918	NA	NA	MNE	NA	NA	2010-04-24	NA	NA	NA	NA	Terrestrial	Cave	NA	NA	Stalagtia monospina	NA	species	Dysderidae	Stalagtia	monospina	NA	NA	NA	Martina Pavlek	1	NA	NA	NA	NA	NA	Croatian Biospeleological Society, Zagreb, Croatia (CBSS)	NA	NA	NA	NA	NA	NA	NA	NA	NA	NA	NA	NA
21777	NA	Golodražnica (09-030)	42.50306	18.69918	NA	NA	MNE	NA	NA	2012-03-31	NA	NA	NA	NA	Terrestrial	Cave	NA	NA	Stalagtia monospina	NA	species	Dysderidae	Stalagtia	monospina	NA	NA	NA	Martina Pavlek	3	NA	NA	NA	NA	NA	Croatian Biospeleological Society, Zagreb, Croatia (CBSS)	NA	NA	NA	NA	NA	NA	NA	NA	NA	NA	NA	NA
21778	NA	Golodražnica (09-030)	42.50306	18.69918	NA	NA	MNE	NA	NA	2012-03-31	NA	NA	NA	NA	Terrestrial	Cave	NA	NA	Stalagtia monospina	NA	species	Dysderidae	Stalagtia	monospina	NA	NA	NA	Martina Pavlek	1	NA	NA	NA	NA	NA	Croatian Biospeleological Society, Zagreb, Croatia (CBSS)	NA	NA	NA	NA	NA	NA	NA	NA	NA	NA	NA	NA
21780	NA	Golodražnica (09-030)	42.50306	18.69918	NA	NA	MNE	NA	NA	1917-08-01	NA	NA	NA	NA	Terrestrial	Cave	NA	NA	Stalagtia monospina	NA	species	Dysderidae	Stalagtia	monospina	NA	NA	NA	NA	4	NA	NA	NA	NA	NA	NA	NA	NA	NA	NA	NA	NA	NA	NA	NA	NA	NA	NA
21781	NA	Golodražnica (09-030)	42.50306	18.69918	NA	NA	MNE	NA	NA	1917-08-01	NA	NA	NA	NA	Terrestrial	Cave	NA	NA	Stalagtia monospina	NA	species	Dysderidae	Stalagtia	monospina	NA	NA	NA	NA	2	NA	NA	NA	NA	NA	NA	NA	NA	NA	NA	NA	NA	NA	NA	NA	NA	NA	NA
21782	NA	Golodražnica (09-030)	42.50306	18.69918	NA	NA	MNE	NA	NA	2010-04-24	NA	NA	NA	NA	Terrestrial	Cave	NA	NA	Stalagtia monospina	NA	species	Dysderidae	Stalagtia	monospina	NA	NA	NA	Martina Pavlek	1	NA	NA	NA	NA	NA	Croatian Biospeleological Society, Zagreb, Croatia (CBSS)	NA	NA	NA	NA	NA	NA	NA	NA	NA	NA	NA	NA
21783	NA	Golodražnica (09-030)	42.50306	18.69918	NA	NA	MNE	NA	NA	2012-03-31	NA	NA	NA	NA	Terrestrial	Cave	NA	NA	Stalagtia monospina	NA	species	Dysderidae	Stalagtia	monospina	NA	NA	NA	Martina Pavlek	1	NA	NA	NA	NA	NA	Croatian Biospeleological Society, Zagreb, Croatia (CBSS)	NA	NA	NA	NA	NA	NA	NA	NA	NA	NA	NA	NA
21784	NA	Golodražnica (09-030)	42.50306	18.69918	NA	NA	MNE	NA	NA	1935-07-17	NA	NA	NA	NA	Terrestrial	Cave	NA	NA	Stalagtia monospina	NA	species	Dysderidae	Stalagtia	monospina	NA	NA	NA	NA	11	NA	NA	NA	NA	NA	NA	NA	NA	NA	NA	NA	NA	NA	NA	NA	NA	NA	NA
21787	NA	Golodražnica (09-030)	42.50306	18.69918	NA	NA	MNE	NA	NA	2014-12-04	NA	NA	NA	NA	Terrestrial	Cave	NA	NA	Stalagtia monospina	NA	species	Dysderidae	Stalagtia	monospina	NA	NA	NA	Martina Pavlek	2	NA	NA	NA	NA	NA	Croatian Biospeleological Society, Zagreb, Croatia (CBSS)	NA	NA	NA	NA	NA	NA	NA	NA	NA	NA	NA	NA
24162	NA	Golodražnica (09-030)	42.50306	18.69918	NA	NA	MNE	NA	NA	NA	NA	NA	NA	NA	Terrestrial	Cave	NA	NA	Zangherella relicta	NA	species	Anapidae	Zangherella	relicta	NA	NA	NA	NA	NA	NA	NA	NA	NA	NA	NA	NA	NA	NA	NA	NA	NA	NA	NA	NA	NA	NA	NA
26245	NA	Golodražnica (09-030)	42.50306	18.69918	NA	NA	MNE	NA	NA	NA	NA	NA	NA	NA	Terrestrial	Cave	NA	NA	Stygopholcus skotophilus	NA	species	Pholcidae	Stygopholcus	skotophilus	NA	NA	NA	NA	NA	NA	NA	NA	NA	NA	NA	NA	NA	NA	NA	NA	NA	NA	NA	NA	NA	NA	NA
26249	NA	Golodražnica (09-030)	42.50306	18.69918	NA	NA	MNE	NA	NA	NA	NA	NA	NA	NA	Terrestrial	Cave	NA	NA	Stygopholcus skotophilus	NA	species	Pholcidae	Stygopholcus	skotophilus	NA	NA	NA	NA	NA	NA	NA	NA	NA	NA	NA	NA	NA	NA	NA	NA	NA	NA	NA	NA	NA	NA	NA
30777	NA	Golodražnica (09-030)	42.50306	18.69918	NA	NA	MNE	NA	NA	NA	NA	NA	NA	NA	Terrestrial	Cave	NA	NA	Troglohyphantes troglodytes	NA	species	Linyphiidae	Troglohyphantes	troglodytes	NA	NA	NA	NA	NA	NA	NA	NA	NA	NA	NA	NA	NA	NA	NA	NA	NA	NA	NA	NA	NA	NA	NA
558	NA	Golodražnica (09-030)	42.50306	18.69918	NA	NA	MNE	Perasto	NA	NA	NA	NA	NA	NA	Terrestrial	Cave	NA	NA	Kryptonesticus arenstorffi	NA	species	Nesticidae	Kryptonesticus	arenstorffi	NA	NA	NA	NA	NA	NA	NA	NA	NA	NA	NA	NA	NA	NA	NA	NA	NA	NA	NA	NA	NA	NA	NA
20597	NA	Golodražnica (09-030)	42.50306	18.69918	NA	NA	MNE	Perasto	NA	NA	NA	NA	NA	NA	Terrestrial	Cave	NA	NA	Metellina merianae	NA	species	Tetragnathidae	Metellina	merianae	NA	NA	NA	NA	NA	NA	NA	NA	NA	NA	NA	NA	NA	NA	NA	NA	NA	NA	NA	NA	NA	NA	NA
21788	NA	Golodražnica (09-030)	42.50306	18.69918	NA	NA	MNE	Perasto	NA	NA	NA	NA	NA	NA	Terrestrial	Cave	NA	NA	Stalagtia monospina	NA	species	Dysderidae	Stalagtia	monospina	NA	NA	NA	NA	NA	NA	NA	NA	NA	NA	NA	NA	NA	NA	NA	NA	NA	NA	NA	NA	NA	NA	NA
24163	NA	Golodražnica (09-030)	42.50306	18.69918	NA	NA	MNE	Perasto	NA	NA	NA	NA	NA	NA	Terrestrial	Cave	NA	NA	Zangherella relicta	NA	species	Anapidae	Zangherella	relicta	NA	NA	NA	NA	NA	NA	NA	NA	NA	NA	NA	NA	NA	NA	NA	NA	NA	NA	NA	NA	NA	NA	NA
26255	NA	Golodražnica (09-030)	42.50306	18.69918	NA	NA	MNE	Perasto	NA	NA	NA	NA	NA	NA	Terrestrial	Cave	NA	NA	Stygopholcus skotophilus	NA	species	Pholcidae	Stygopholcus	skotophilus	NA	NA	NA	NA	NA	NA	NA	NA	NA	NA	NA	NA	NA	NA	NA	NA	NA	NA	NA	NA	NA	NA	NA
30783	NA	Golodražnica (09-030)	42.50306	18.69918	NA	NA	MNE	Perasto	NA	NA	NA	NA	NA	NA	Terrestrial	Cave	NA	NA	Troglohyphantes troglodytes	NA	species	Linyphiidae	Troglohyphantes	troglodytes	NA	NA	NA	NA	NA	NA	NA	NA	NA	NA	NA	NA	NA	NA	NA	NA	NA	NA	NA	NA	NA	NA	NA
174	NA	Grbočica (01-003)	42.28736	19.03538	NA	NA	MNE	NA	NA	2015-11-09	NA	NA	NA	NA	Terrestrial	Cave	NA	NA	Typhlonesticus absoloni	NA	species	Nesticidae	Typhlonesticus	absoloni	NA	NA	NA	Martina Pavlek	5	NA	NA	NA	NA	NA	Croatian Biospeleological Society, Zagreb, Croatia (CBSS)	NA	NA	NA	NA	NA	NA	NA	NA	NA	NA	NA	NA
175	NA	Grbočica (01-003)	42.28736	19.03538	NA	NA	MNE	NA	NA	2019-04-27	NA	NA	NA	NA	Terrestrial	Cave	NA	NA	Typhlonesticus absoloni	NA	species	Nesticidae	Typhlonesticus	absoloni	NA	NA	NA	Martina Pavlek	1	NA	NA	NA	NA	NA	Croatian Biospeleological Society, Zagreb, Croatia (CBSS)	NA	NA	NA	NA	NA	NA	NA	NA	NA	NA	NA	NA
179	NA	Grbočica (01-003)	42.28736	19.03538	NA	NA	MNE	NA	NA	2015-11-09	NA	NA	NA	NA	Terrestrial	Cave	NA	NA	Typhlonesticus absoloni	NA	species	Nesticidae	Typhlonesticus	absoloni	NA	NA	NA	Martina Pavlek	6	NA	NA	NA	NA	NA	Croatian Biospeleological Society, Zagreb, Croatia (CBSS)	NA	NA	NA	NA	NA	NA	NA	NA	NA	NA	NA	NA
180	NA	Grbočica (01-003)	42.28736	19.03538	NA	NA	MNE	NA	NA	2015-11-09	NA	NA	NA	NA	Terrestrial	Cave	NA	NA	Typhlonesticus absoloni	NA	species	Nesticidae	Typhlonesticus	absoloni	NA	NA	NA	Martina Pavlek	1	NA	NA	NA	NA	NA	Croatian Biospeleological Society, Zagreb, Croatia (CBSS)	NA	NA	NA	NA	NA	NA	NA	NA	NA	NA	NA	NA
183	NA	Grbočica (01-003)	42.28736	19.03538	NA	NA	MNE	NA	NA	2015-11-09	NA	NA	NA	NA	Terrestrial	Cave	NA	NA	Typhlonesticus absoloni	NA	species	Nesticidae	Typhlonesticus	absoloni	NA	NA	NA	Martina Pavlek	6	NA	NA	NA	NA	NA	Croatian Biospeleological Society, Zagreb, Croatia (CBSS)	NA	NA	NA	NA	NA	NA	NA	NA	NA	NA	NA	NA
185	NA	Grbočica (01-003)	42.28736	19.03538	NA	NA	MNE	NA	NA	1971-08-02	NA	NA	NA	NA	Terrestrial	Cave	NA	NA	Typhlonesticus absoloni	NA	species	Nesticidae	Typhlonesticus	absoloni	NA	NA	NA	NA	3	NA	NA	NA	NA	NA	NA	NA	NA	NA	NA	NA	NA	NA	NA	NA	NA	NA	NA
1681	NA	Grbočica (01-003)	42.28736	19.03538	NA	NA	MNE	NA	NA	2015-11-09	NA	NA	NA	NA	Terrestrial	Cave	NA	NA	Meta bourneti	NA	species	Tetragnathidae	Meta	bourneti	NA	NA	NA	Martina Pavlek	2	NA	NA	NA	NA	NA	Croatian Biospeleological Society, Zagreb, Croatia (CBSS)	NA	NA	NA	NA	NA	NA	NA	NA	NA	NA	NA	NA
21796	NA	Grbočica (01-003)	42.28736	19.03538	NA	NA	MNE	NA	NA	2015-11-09	NA	NA	NA	NA	Terrestrial	Cave	NA	NA	Stygopholcus montenegrinus	NA	species	Pholcidae	Stygopholcus	montenegrinus	NA	NA	NA	Martina Pavlek	2	NA	NA	NA	NA	NA	Croatian Biospeleological Society, Zagreb, Croatia (CBSS)	NA	NA	NA	NA	NA	NA	NA	NA	NA	NA	NA	NA
21840	NA	Grbočica (01-003)	42.28736	19.03538	NA	NA	MNE	NA	NA	2015-11-09	NA	NA	NA	NA	Terrestrial	Cave	NA	NA	Folkia mrazeki	NA	species	Dysderidae	Folkia	mrazeki	NA	NA	NA	Martina Pavlek	1	NA	NA	NA	NA	NA	Croatian Biospeleological Society, Zagreb, Croatia (CBSS)	NA	NA	NA	NA	NA	NA	NA	NA	NA	NA	NA	NA
21841	NA	Grbočica (01-003)	42.28736	19.03538	NA	NA	MNE	NA	NA	2015-11-09	NA	NA	NA	NA	Terrestrial	Cave	NA	NA	Folkia mrazeki	NA	species	Dysderidae	Folkia	mrazeki	NA	NA	NA	Martina Pavlek	4	NA	NA	NA	NA	NA	Croatian Biospeleological Society, Zagreb, Croatia (CBSS)	NA	NA	NA	NA	NA	NA	NA	NA	NA	NA	NA	NA
21845	NA	Grbočica (01-003)	42.28736	19.03538	NA	NA	MNE	NA	NA	2022-09-23	NA	NA	NA	NA	Terrestrial	Cave	NA	NA	Folkia mrazeki	NA	species	Dysderidae	Folkia	mrazeki	NA	NA	NA	Nikola Pischiutta	2	NA	NA	NA	NA	NA	Croatian Biospeleological Society, Zagreb, Croatia (CBSS)	NA	NA	NA	NA	NA	NA	NA	NA	NA	NA	NA	NA
21850	NA	Grbočica (01-003)	42.28736	19.03538	NA	NA	MNE	NA	NA	1971-08-03	NA	NA	NA	NA	Terrestrial	Cave	NA	NA	Folkia mrazeki	NA	species	Dysderidae	Folkia	mrazeki	NA	NA	NA	NA	1	NA	NA	NA	NA	NA	NA	NA	NA	NA	NA	NA	NA	NA	NA	NA	NA	NA	NA
21855	NA	Grbočica (01-003)	42.28736	19.03538	NA	NA	MNE	NA	NA	2015-11-09	NA	NA	NA	NA	Terrestrial	Cave	NA	NA	Folkia mrazeki	NA	species	Dysderidae	Folkia	mrazeki	NA	NA	NA	Martina Pavlek	1	NA	NA	NA	NA	NA	Croatian Biospeleological Society, Zagreb, Croatia (CBSS)	NA	NA	NA	NA	NA	NA	NA	NA	NA	NA	NA	NA
21857	NA	Grbočica (01-003)	42.28736	19.03538	NA	NA	MNE	NA	NA	2015-11-09	NA	NA	NA	NA	Terrestrial	Cave	NA	NA	Folkia mrazeki	NA	species	Dysderidae	Folkia	mrazeki	NA	NA	NA	Martina Pavlek	1	NA	NA	NA	NA	NA	Croatian Biospeleological Society, Zagreb, Croatia (CBSS)	NA	NA	NA	NA	NA	NA	NA	NA	NA	NA	NA	NA
28315	NA	Grbočica (01-003)	42.28736	19.03538	NA	NA	MNE	NA	NA	2015-11-09	NA	NA	NA	NA	Terrestrial	Cave	NA	NA	Troglohyphantes sp. 17	TRUE	species	Linyphiidae	Troglohyphantes	sp. 17	NA	NA	NA	Martina Pavlek	1	NA	NA	NA	NA	NA	Croatian Biospeleological Society, Zagreb, Croatia (CBSS)	NA	NA	NA	NA	NA	NA	NA	NA	NA	NA	NA	NA
187	NA	Grbočica (01-003)	42.28736	19.03538	NA	NA	MNE	Gađi	NA	NA	NA	NA	NA	NA	Terrestrial	Cave	NA	NA	Typhlonesticus absoloni	NA	species	Nesticidae	Typhlonesticus	absoloni	NA	NA	NA	NA	NA	NA	NA	NA	NA	NA	NA	NA	NA	NA	NA	NA	NA	NA	NA	NA	NA	NA	NA
21864	NA	Grbočica (01-003)	42.28736	19.03538	NA	NA	MNE	Gađi	NA	NA	NA	NA	NA	NA	Terrestrial	Cave	NA	NA	Folkia mrazeki	NA	species	Dysderidae	Folkia	mrazeki	NA	NA	NA	NA	NA	NA	NA	NA	NA	NA	NA	NA	NA	NA	NA	NA	NA	NA	NA	NA	NA	NA	NA
13302	NA	Griffner Schlossberg-Gipfelhöhle (2751/1)	46.7041	14.73	NA	NA	AUT	Griffen	NA	NA	NA	NA	NA	NA	Terrestrial	NA	NA	NA	Meta menardi	NA	species	Tetragnathidae	Meta	menardi	NA	NA	NA	NA	NA	NA	NA	NA	NA	NA	NA	NA	NA	NA	NA	NA	NA	NA	NA	NA	NA	NA	NA
644	NA	Griffner Schlossberg-Gipfelhöhle (2751/1)	46.7041	14.73	NA	NA	AUT	Griffen	NA	NA	NA	NA	NA	NA	Terrestrial	Cave	NA	NA	Eratigena atrica	NA	species	Agelenidae	Eratigena	atrica	NA	NA	NA	NA	NA	NA	NA	NA	NA	NA	Christian Komposch Collection	NA	NA	NA	NA	NA	NA	NA	NA	NA	NA	NA	NA
646	NA	Griffner Schlossberg-Gipfelhöhle (2751/1)	46.7041	14.73	NA	NA	AUT	Griffen	NA	NA	NA	NA	NA	NA	Terrestrial	Cave	NA	NA	Eratigena atrica	NA	species	Agelenidae	Eratigena	atrica	NA	NA	NA	NA	NA	NA	NA	NA	NA	NA	NA	NA	NA	NA	NA	NA	NA	NA	NA	NA	NA	NA	NA
8828	NA	Griffner Schlossberg-Gipfelhöhle (2751/1)	46.7041	14.73	NA	NA	AUT	Griffen	NA	NA	NA	NA	NA	NA	Terrestrial	Cave	NA	NA	Amaurobius ferox	NA	species	Amaurobiidae	Amaurobius	ferox	NA	NA	NA	NA	NA	NA	NA	NA	NA	NA	Christian Komposch Collection	NA	NA	NA	NA	NA	NA	NA	NA	NA	NA	NA	NA
8829	NA	Griffner Schlossberg-Gipfelhöhle (2751/1)	46.7041	14.73	NA	NA	AUT	Griffen	NA	NA	NA	NA	NA	NA	Terrestrial	Cave	NA	NA	Amaurobius ferox	NA	species	Amaurobiidae	Amaurobius	ferox	NA	NA	NA	NA	NA	NA	NA	NA	NA	NA	NA	NA	NA	NA	NA	NA	NA	NA	NA	NA	NA	NA	NA
13288	NA	Griffner Schlossberg-Gipfelhöhle (2751/1)	46.7041	14.73	NA	NA	AUT	Griffen	NA	NA	NA	NA	NA	NA	Terrestrial	Cave	NA	NA	Meta menardi	NA	species	Tetragnathidae	Meta	menardi	NA	NA	NA	NA	NA	NA	NA	NA	NA	NA	Christian Komposch Collection	NA	NA	NA	NA	NA	NA	NA	NA	NA	NA	NA	NA
19199	NA	Griffner Schlossberg-Gipfelhöhle (2751/1)	46.7041	14.73	NA	NA	AUT	Griffen	NA	NA	NA	NA	NA	NA	Terrestrial	Cave	NA	NA	Metellina merianae	NA	species	Tetragnathidae	Metellina	merianae	NA	NA	NA	NA	NA	NA	NA	NA	NA	NA	Christian Komposch Collection	NA	NA	NA	NA	NA	NA	NA	NA	NA	NA	NA	NA
19204	NA	Griffner Schlossberg-Gipfelhöhle (2751/1)	46.7041	14.73	NA	NA	AUT	Griffen	NA	NA	NA	NA	NA	NA	Terrestrial	Cave	NA	NA	Metellina merianae	NA	species	Tetragnathidae	Metellina	merianae	NA	NA	NA	NA	NA	NA	NA	NA	NA	NA	NA	NA	NA	NA	NA	NA	NA	NA	NA	NA	NA	NA	NA
23084	NA	Griffner Schlossberg-Gipfelhöhle (2751/1)	46.7041	14.73	NA	NA	AUT	Griffen	NA	NA	NA	NA	NA	NA	Terrestrial	Cave	NA	NA	Pholcus phalangioides	NA	species	Pholcidae	Pholcus	phalangioides	NA	NA	NA	NA	NA	NA	NA	NA	NA	NA	Christian Komposch Collection	NA	NA	NA	NA	NA	NA	NA	NA	NA	NA	NA	NA
25280	NA	Griffner Schlossberg-Gipfelhöhle (2751/1)	46.7041	14.73	NA	NA	AUT	Griffen	NA	NA	NA	NA	NA	NA	Terrestrial	Cave	NA	NA	Tegenaria silvestris	NA	species	Agelenidae	Tegenaria	silvestris	NA	NA	NA	NA	NA	NA	NA	NA	NA	NA	Christian Komposch Collection	NA	NA	NA	NA	NA	NA	NA	NA	NA	NA	NA	NA
26338	NA	Griffner Schlossberg-Gipfelhöhle (2751/1)	46.7041	14.73	NA	NA	AUT	Griffen	NA	NA	NA	NA	NA	NA	Terrestrial	Cave	NA	NA	Troglohyphantes sp.	TRUE	genus	Linyphiidae	Troglohyphantes	sp.	NA	NA	NA	NA	NA	NA	NA	NA	NA	NA	Christian Komposch Collection	NA	NA	NA	NA	NA	NA	NA	NA	NA	NA	NA	NA
26339	NA	Griffner Schlossberg-Gipfelhöhle (2751/1)	46.7041	14.73	NA	NA	AUT	Griffen	NA	NA	NA	NA	NA	NA	Terrestrial	Cave	NA	NA	Troglohyphantes sp.	TRUE	genus	Linyphiidae	Troglohyphantes	sp.	NA	NA	NA	NA	NA	NA	NA	NA	NA	NA	Christian Komposch Collection	NA	NA	NA	NA	NA	NA	NA	NA	NA	NA	NA	NA
26340	NA	Griffner Schlossberg-Gipfelhöhle (2751/1)	46.7041	14.73	NA	NA	AUT	Griffen	NA	NA	NA	NA	NA	NA	Terrestrial	Cave	NA	NA	Troglohyphantes sp.	TRUE	genus	Linyphiidae	Troglohyphantes	sp.	NA	NA	NA	NA	NA	NA	NA	NA	NA	NA	Christian Komposch Collection	NA	NA	NA	NA	NA	NA	NA	NA	NA	NA	NA	NA
26341	NA	Griffner Schlossberg-Gipfelhöhle (2751/1)	46.7041	14.73	NA	NA	AUT	Griffen	NA	NA	NA	NA	NA	NA	Terrestrial	Cave	NA	NA	Troglohyphantes sp.	TRUE	genus	Linyphiidae	Troglohyphantes	sp.	NA	NA	NA	NA	NA	NA	NA	NA	NA	NA	Christian Komposch Collection	NA	NA	NA	NA	NA	NA	NA	NA	NA	NA	NA	NA
26342	NA	Griffner Schlossberg-Gipfelhöhle (2751/1)	46.7041	14.73	NA	NA	AUT	Griffen	NA	NA	NA	NA	NA	NA	Terrestrial	Cave	NA	NA	Troglohyphantes sp.	TRUE	genus	Linyphiidae	Troglohyphantes	sp.	NA	NA	NA	NA	NA	NA	NA	NA	NA	NA	Christian Komposch Collection	NA	NA	NA	NA	NA	NA	NA	NA	NA	NA	NA	NA
26343	NA	Griffner Schlossberg-Gipfelhöhle (2751/1)	46.7041	14.73	NA	NA	AUT	Griffen	NA	NA	NA	NA	NA	NA	Terrestrial	Cave	NA	NA	Troglohyphantes sp.	TRUE	genus	Linyphiidae	Troglohyphantes	sp.	NA	NA	NA	NA	NA	NA	NA	NA	NA	NA	Christian Komposch Collection	NA	NA	NA	NA	NA	NA	NA	NA	NA	NA	NA	NA
26344	NA	Griffner Schlossberg-Gipfelhöhle (2751/1)	46.7041	14.73	NA	NA	AUT	Griffen	NA	NA	NA	NA	NA	NA	Terrestrial	Cave	NA	NA	Troglohyphantes sp.	TRUE	genus	Linyphiidae	Troglohyphantes	sp.	NA	NA	NA	NA	NA	NA	NA	NA	NA	NA	Christian Komposch Collection	NA	NA	NA	NA	NA	NA	NA	NA	NA	NA	NA	NA
26345	NA	Griffner Schlossberg-Gipfelhöhle (2751/1)	46.7041	14.73	NA	NA	AUT	Griffen	NA	NA	NA	NA	NA	NA	Terrestrial	Cave	NA	NA	Troglohyphantes sp.	TRUE	genus	Linyphiidae	Troglohyphantes	sp.	NA	NA	NA	NA	NA	NA	NA	NA	NA	NA	Christian Komposch Collection	NA	NA	NA	NA	NA	NA	NA	NA	NA	NA	NA	NA
30076	NA	Grotta degli Archi (FVG 372)	45.70976	13.80057	NA	NA	ITA	NA	NA	1982-08-02	NA	NA	NA	NA	Terrestrial	Cave	NA	NA	Stalita taenaria	NA	species	Dysderidae	Stalita	taenaria	NA	NA	NA	NA	2	NA	NA	NA	NA	NA	NA	NA	NA	NA	NA	NA	NA	NA	NA	NA	NA	NA	NA
7945	NA	Grotta degli Archi (FVG 372)	45.70976	13.80057	NA	NA	ITA	Monrupino	NA	NA	NA	NA	NA	NA	Terrestrial	Cave	NA	NA	Kryptonesticus eremita	NA	species	Nesticidae	Kryptonesticus	eremita	NA	NA	NA	NA	NA	NA	NA	NA	NA	NA	NA	NA	NA	NA	NA	NA	NA	NA	NA	NA	NA	NA	NA
22640	NA	Grotta degli Archi (FVG 372)	45.70976	13.80057	NA	NA	ITA	Monrupino	NA	NA	NA	NA	NA	NA	Terrestrial	Cave	NA	NA	Palliduphantes pallidus	NA	species	Linyphiidae	Palliduphantes	pallidus	NA	NA	NA	NA	NA	NA	NA	NA	NA	NA	NA	NA	NA	NA	NA	NA	NA	NA	NA	NA	NA	NA	NA
30134	NA	Grotta degli Archi (FVG 372)	45.70976	13.80057	NA	NA	ITA	Monrupino	NA	NA	NA	NA	NA	NA	Terrestrial	Cave	NA	NA	Stalita taenaria	NA	species	Dysderidae	Stalita	taenaria	NA	NA	NA	NA	NA	NA	NA	NA	NA	NA	NA	NA	NA	NA	NA	NA	NA	NA	NA	NA	NA	NA	NA
1101	NA	Grotta inferiore del Pugnetto (=Tana del Lupo) (Pi 1502)	45.27162	7.4136	NA	NA	ITA	Mezzenile	NA	NA	NA	NA	NA	NA	Terrestrial	Cave	NA	NA	Troglohyphantes bornensis	NA	species	Linyphiidae	Troglohyphantes	bornensis	NA	NA	NA	NA	NA	NA	NA	NA	NA	NA	NA	NA	NA	NA	NA	NA	NA	NA	NA	NA	NA	NA	NA
1102	NA	Grotta inferiore del Pugnetto (=Tana del Lupo) (Pi 1502)	45.27162	7.4136	NA	NA	ITA	Mezzenile	NA	NA	NA	NA	NA	NA	Terrestrial	Cave	NA	NA	Troglohyphantes bornensis	NA	species	Linyphiidae	Troglohyphantes	bornensis	NA	NA	NA	NA	NA	NA	NA	NA	NA	NA	NA	NA	NA	NA	NA	NA	NA	NA	NA	NA	NA	NA	NA
1133	NA	Grotta inferiore del Pugnetto (=Tana del Lupo) (Pi 1502)	45.27162	7.4136	NA	NA	ITA	Mezzenile	NA	NA	NA	NA	NA	NA	Terrestrial	Cave	NA	NA	Troglohyphantes bornensis	NA	species	Linyphiidae	Troglohyphantes	bornensis	NA	NA	NA	NA	NA	NA	NA	NA	NA	NA	NA	NA	NA	NA	NA	NA	NA	NA	NA	NA	NA	NA	NA
8060	NA	Grotta inferiore del Pugnetto (=Tana del Lupo) (Pi 1502)	45.27162	7.4136	NA	NA	ITA	Mezzenile	NA	NA	NA	NA	NA	NA	Terrestrial	Cave	NA	NA	Kryptonesticus eremita	NA	species	Nesticidae	Kryptonesticus	eremita	NA	NA	NA	NA	NA	NA	NA	NA	NA	NA	NA	NA	NA	NA	NA	NA	NA	NA	NA	NA	NA	NA	NA
9842	NA	Grotta inferiore del Pugnetto (=Tana del Lupo) (Pi 1502)	45.27162	7.4136	NA	NA	ITA	Mezzenile	NA	NA	NA	NA	NA	NA	Terrestrial	Cave	NA	NA	Pimoa graphitica	NA	species	Pimoidae	Pimoa	graphitica	NA	NA	NA	NA	NA	NA	NA	NA	NA	NA	NA	NA	NA	NA	NA	NA	NA	NA	NA	NA	NA	NA	NA
12406	NA	Grotta inferiore del Pugnetto (=Tana del Lupo) (Pi 1502)	45.27162	7.4136	NA	NA	ITA	Mezzenile	NA	NA	NA	NA	NA	NA	Terrestrial	Cave	NA	NA	Troglohyphantes lucifer	NA	species	Linyphiidae	Troglohyphantes	lucifer	NA	NA	NA	NA	NA	NA	NA	NA	NA	NA	NA	NA	NA	NA	NA	NA	NA	NA	NA	NA	NA	NA	NA
12407	NA	Grotta inferiore del Pugnetto (=Tana del Lupo) (Pi 1502)	45.27162	7.4136	NA	NA	ITA	Mezzenile	NA	NA	NA	NA	NA	NA	Terrestrial	Cave	NA	NA	Troglohyphantes lucifer	NA	species	Linyphiidae	Troglohyphantes	lucifer	NA	NA	NA	NA	NA	NA	NA	NA	NA	NA	NA	NA	NA	NA	NA	NA	NA	NA	NA	NA	NA	NA	NA
12439	NA	Grotta inferiore del Pugnetto (=Tana del Lupo) (Pi 1502)	45.27162	7.4136	NA	NA	ITA	Mezzenile	NA	NA	NA	NA	NA	NA	Terrestrial	Cave	NA	NA	Troglohyphantes lucifer	NA	species	Linyphiidae	Troglohyphantes	lucifer	NA	NA	NA	NA	NA	NA	NA	NA	NA	NA	NA	NA	NA	NA	NA	NA	NA	NA	NA	NA	NA	NA	NA
12539	NA	Grotta inferiore del Pugnetto (=Tana del Lupo) (Pi 1502)	45.27162	7.4136	NA	NA	ITA	Mezzenile	NA	NA	NA	NA	NA	NA	Terrestrial	Cave	NA	NA	Troglohyphantes lucifuga	NA	species	Linyphiidae	Troglohyphantes	lucifuga	NA	NA	NA	NA	NA	NA	NA	NA	NA	NA	NA	NA	NA	NA	NA	NA	NA	NA	NA	NA	NA	NA	NA
15195	NA	Grotta inferiore del Pugnetto (=Tana del Lupo) (Pi 1502)	45.27162	7.4136	NA	NA	ITA	Mezzenile	NA	NA	NA	NA	NA	NA	Terrestrial	Cave	NA	NA	Meta menardi	NA	species	Tetragnathidae	Meta	menardi	NA	NA	NA	NA	NA	NA	NA	NA	NA	NA	NA	NA	NA	NA	NA	NA	NA	NA	NA	NA	NA	NA	NA
15497	NA	Grotta inferiore del Pugnetto (=Tana del Lupo) (Pi 1502)	45.27162	7.4136	NA	NA	ITA	Mezzenile	NA	NA	NA	NA	NA	NA	Terrestrial	Cave	NA	NA	Meta menardi	NA	species	Tetragnathidae	Meta	menardi	NA	NA	NA	NA	NA	NA	NA	NA	NA	NA	NA	NA	NA	NA	NA	NA	NA	NA	NA	NA	NA	NA	NA
16372	NA	Grotta inferiore del Pugnetto (=Tana del Lupo) (Pi 1502)	45.27162	7.4136	NA	NA	ITA	Mezzenile	NA	NA	NA	NA	NA	NA	Terrestrial	Cave	NA	NA	Meta menardi	NA	species	Tetragnathidae	Meta	menardi	NA	NA	NA	NA	NA	NA	NA	NA	NA	NA	NA	NA	NA	NA	NA	NA	NA	NA	NA	NA	NA	NA	NA
20384	NA	Grotta inferiore del Pugnetto (=Tana del Lupo) (Pi 1502)	45.27162	7.4136	NA	NA	ITA	Mezzenile	NA	NA	NA	NA	NA	NA	Terrestrial	Cave	NA	NA	Metellina merianae	NA	species	Tetragnathidae	Metellina	merianae	NA	NA	NA	NA	NA	NA	NA	NA	NA	NA	NA	NA	NA	NA	NA	NA	NA	NA	NA	NA	NA	NA	NA
1111	NA	Grotta inferiore del Pugnetto (=Tana del Lupo) (Pi 1502)	45.27162	7.4136	NA	NA	ITA	Mezzenile	NA	NA	NA	NA	NA	NA	Terrestrial	Cave	NA	NA	Troglohyphantes bornensis	NA	species	Linyphiidae	Troglohyphantes	bornensis	NA	NA	NA	NA	NA	NA	NA	NA	NA	NA	NA	NA	NA	NA	NA	NA	NA	NA	NA	NA	NA	NA	NA
1112	NA	Grotta inferiore del Pugnetto (=Tana del Lupo) (Pi 1502)	45.27162	7.4136	NA	NA	ITA	Mezzenile	NA	NA	NA	NA	NA	NA	Terrestrial	Cave	NA	NA	Troglohyphantes bornensis	NA	species	Linyphiidae	Troglohyphantes	bornensis	NA	NA	NA	NA	NA	NA	NA	NA	NA	NA	NA	NA	NA	NA	NA	NA	NA	NA	NA	NA	NA	NA	NA
1122	NA	Grotta inferiore del Pugnetto (=Tana del Lupo) (Pi 1502)	45.27162	7.4136	NA	NA	ITA	Mezzenile	NA	NA	NA	NA	NA	NA	Terrestrial	Cave	NA	NA	Troglohyphantes bornensis	NA	species	Linyphiidae	Troglohyphantes	bornensis	NA	NA	NA	NA	NA	NA	NA	NA	NA	NA	NA	NA	NA	NA	NA	NA	NA	NA	NA	NA	NA	NA	NA
1123	NA	Grotta inferiore del Pugnetto (=Tana del Lupo) (Pi 1502)	45.27162	7.4136	NA	NA	ITA	Mezzenile	NA	NA	NA	NA	NA	NA	Terrestrial	Cave	NA	NA	Troglohyphantes bornensis	NA	species	Linyphiidae	Troglohyphantes	bornensis	NA	NA	NA	NA	NA	NA	NA	NA	NA	NA	Marco Isaia Collection at Dipartimento di Biologia Animale e dell’Uomo, University of Torino, Torino, Italy (CI)	NA	NA	NA	NA	NA	NA	NA	NA	NA	NA	NA	NA
1124	NA	Grotta inferiore del Pugnetto (=Tana del Lupo) (Pi 1502)	45.27162	7.4136	NA	NA	ITA	Mezzenile	NA	NA	NA	NA	NA	NA	Terrestrial	Cave	NA	NA	Troglohyphantes bornensis	NA	species	Linyphiidae	Troglohyphantes	bornensis	NA	NA	NA	NA	NA	NA	NA	NA	NA	NA	Marco Isaia Collection at Dipartimento di Biologia Animale e dell’Uomo, University of Torino, Torino, Italy (CI)	NA	NA	NA	NA	NA	NA	NA	NA	NA	NA	NA	NA
7848	NA	Grotta inferiore del Pugnetto (=Tana del Lupo) (Pi 1502)	45.27162	7.4136	NA	NA	ITA	Mezzenile	NA	NA	NA	NA	NA	NA	Terrestrial	Cave	NA	NA	Kryptonesticus eremita	NA	species	Nesticidae	Kryptonesticus	eremita	NA	NA	NA	NA	NA	NA	NA	NA	NA	NA	NA	NA	NA	NA	NA	NA	NA	NA	NA	NA	NA	NA	NA
7849	NA	Grotta inferiore del Pugnetto (=Tana del Lupo) (Pi 1502)	45.27162	7.4136	NA	NA	ITA	Mezzenile	NA	NA	NA	NA	NA	NA	Terrestrial	Cave	NA	NA	Kryptonesticus eremita	NA	species	Nesticidae	Kryptonesticus	eremita	NA	NA	NA	NA	NA	NA	NA	NA	NA	NA	NA	NA	NA	NA	NA	NA	NA	NA	NA	NA	NA	NA	NA
12427	NA	Grotta inferiore del Pugnetto (=Tana del Lupo) (Pi 1502)	45.27162	7.4136	NA	NA	ITA	Mezzenile	NA	NA	NA	NA	NA	NA	Terrestrial	Cave	NA	NA	Troglohyphantes lucifer	NA	species	Linyphiidae	Troglohyphantes	lucifer	NA	NA	NA	NA	NA	NA	NA	NA	NA	NA	Marco Isaia Collection at Dipartimento di Biologia Animale e dell’Uomo, University of Torino, Torino, Italy (CI)	NA	NA	NA	NA	NA	NA	NA	NA	NA	NA	NA	NA
12428	NA	Grotta inferiore del Pugnetto (=Tana del Lupo) (Pi 1502)	45.27162	7.4136	NA	NA	ITA	Mezzenile	NA	NA	NA	NA	NA	NA	Terrestrial	Cave	NA	NA	Troglohyphantes lucifer	NA	species	Linyphiidae	Troglohyphantes	lucifer	NA	NA	NA	NA	NA	NA	NA	NA	NA	NA	Marco Isaia Collection at Dipartimento di Biologia Animale e dell’Uomo, University of Torino, Torino, Italy (CI)	NA	NA	NA	NA	NA	NA	NA	NA	NA	NA	NA	NA
12429	NA	Grotta inferiore del Pugnetto (=Tana del Lupo) (Pi 1502)	45.27162	7.4136	NA	NA	ITA	Mezzenile	NA	NA	NA	NA	NA	NA	Terrestrial	Cave	NA	NA	Troglohyphantes lucifer	NA	species	Linyphiidae	Troglohyphantes	lucifer	NA	NA	NA	NA	NA	NA	NA	NA	NA	NA	Marco Isaia Collection at Dipartimento di Biologia Animale e dell’Uomo, University of Torino, Torino, Italy (CI)	NA	NA	NA	NA	NA	NA	NA	NA	NA	NA	NA	NA
12580	NA	Grotta inferiore del Pugnetto (=Tana del Lupo) (Pi 1502)	45.27162	7.4136	NA	NA	ITA	Mezzenile	NA	NA	NA	NA	NA	NA	Terrestrial	Cave	NA	NA	Troglohyphantes lucifuga	NA	species	Linyphiidae	Troglohyphantes	lucifuga	NA	NA	NA	NA	NA	NA	NA	NA	NA	NA	NA	NA	NA	NA	NA	NA	NA	NA	NA	NA	NA	NA	NA
12581	NA	Grotta inferiore del Pugnetto (=Tana del Lupo) (Pi 1502)	45.27162	7.4136	NA	NA	ITA	Mezzenile	NA	NA	NA	NA	NA	NA	Terrestrial	Cave	NA	NA	Troglohyphantes lucifuga	NA	species	Linyphiidae	Troglohyphantes	lucifuga	NA	NA	NA	NA	NA	NA	NA	NA	NA	NA	NA	NA	NA	NA	NA	NA	NA	NA	NA	NA	NA	NA	NA
12694	NA	Grotta inferiore del Pugnetto (=Tana del Lupo) (Pi 1502)	45.27162	7.4136	NA	NA	ITA	Mezzenile	NA	NA	NA	NA	NA	NA	Terrestrial	Cave	NA	NA	Troglohyphantes lucifuga	NA	species	Linyphiidae	Troglohyphantes	lucifuga	NA	NA	NA	NA	NA	NA	NA	NA	NA	NA	Marco Isaia Collection at Dipartimento di Biologia Animale e dell’Uomo, University of Torino, Torino, Italy (CI)	NA	NA	NA	NA	NA	NA	NA	NA	NA	NA	NA	NA
16078	NA	Grotta inferiore del Pugnetto (=Tana del Lupo) (Pi 1502)	45.27162	7.4136	NA	NA	ITA	Mezzenile	NA	NA	NA	NA	NA	NA	Terrestrial	Cave	NA	NA	Meta menardi	NA	species	Tetragnathidae	Meta	menardi	NA	NA	NA	NA	NA	NA	NA	NA	NA	NA	NA	NA	NA	NA	NA	NA	NA	NA	NA	NA	NA	NA	NA
16079	NA	Grotta inferiore del Pugnetto (=Tana del Lupo) (Pi 1502)	45.27162	7.4136	NA	NA	ITA	Mezzenile	NA	NA	NA	NA	NA	NA	Terrestrial	Cave	NA	NA	Meta menardi	NA	species	Tetragnathidae	Meta	menardi	NA	NA	NA	NA	NA	NA	NA	NA	NA	NA	NA	NA	NA	NA	NA	NA	NA	NA	NA	NA	NA	NA	NA
16080	NA	Grotta inferiore del Pugnetto (=Tana del Lupo) (Pi 1502)	45.27162	7.4136	NA	NA	ITA	Mezzenile	NA	NA	NA	NA	NA	NA	Terrestrial	Cave	NA	NA	Meta menardi	NA	species	Tetragnathidae	Meta	menardi	NA	NA	NA	NA	NA	NA	NA	NA	NA	NA	NA	NA	NA	NA	NA	NA	NA	NA	NA	NA	NA	NA	NA
16081	NA	Grotta inferiore del Pugnetto (=Tana del Lupo) (Pi 1502)	45.27162	7.4136	NA	NA	ITA	Mezzenile	NA	NA	NA	NA	NA	NA	Terrestrial	Cave	NA	NA	Meta menardi	NA	species	Tetragnathidae	Meta	menardi	NA	NA	NA	NA	NA	NA	NA	NA	NA	NA	NA	NA	NA	NA	NA	NA	NA	NA	NA	NA	NA	NA	NA
20161	NA	Grotta inferiore del Pugnetto (=Tana del Lupo) (Pi 1502)	45.27162	7.4136	NA	NA	ITA	Mezzenile	NA	NA	NA	NA	NA	NA	Terrestrial	Cave	NA	NA	Metellina merianae	NA	species	Tetragnathidae	Metellina	merianae	NA	NA	NA	NA	NA	NA	NA	NA	NA	NA	NA	NA	NA	NA	NA	NA	NA	NA	NA	NA	NA	NA	NA
20162	NA	Grotta inferiore del Pugnetto (=Tana del Lupo) (Pi 1502)	45.27162	7.4136	NA	NA	ITA	Mezzenile	NA	NA	NA	NA	NA	NA	Terrestrial	Cave	NA	NA	Metellina merianae	NA	species	Tetragnathidae	Metellina	merianae	NA	NA	NA	NA	NA	NA	NA	NA	NA	NA	NA	NA	NA	NA	NA	NA	NA	NA	NA	NA	NA	NA	NA
10097	NA	Kevderca na Lubniku	46.16468	14.26334	NA	NA	SVN	Mt. Lubnik	NA	NA	NA	NA	NA	NA	Terrestrial	Cave	NA	NA	Stalita hadzii	NA	species	Dysderidae	Stalita	hadzii	NA	NA	NA	NA	NA	NA	NA	NA	NA	NA	SubBioDB, managed by SubBioLab, Dept. of Biology, Biotechnical Faculty, University of Ljubljana	NA	NA	NA	NA	NA	NA	NA	NA	NA	NA	NA	NA
10098	NA	Kevderca na Lubniku	46.16468	14.26334	NA	NA	SVN	Mt. Lubnik	NA	NA	NA	NA	NA	NA	Terrestrial	Cave	NA	NA	Stalita hadzii	NA	species	Dysderidae	Stalita	hadzii	NA	NA	NA	NA	NA	NA	NA	NA	NA	NA	SubBioDB, managed by SubBioLab, Dept. of Biology, Biotechnical Faculty, University of Ljubljana	NA	NA	NA	NA	NA	NA	NA	NA	NA	NA	NA	NA
27638	NA	Kevderca na Lubniku	46.16468	14.26334	NA	NA	SVN	Mt. Lubnik	NA	NA	NA	NA	NA	NA	Terrestrial	Cave	NA	NA	Meta sp.	TRUE	genus	Tetragnathidae	Meta	sp.	NA	NA	NA	NA	NA	NA	NA	NA	NA	NA	SubBioDB, managed by SubBioLab, Dept. of Biology, Biotechnical Faculty, University of Ljubljana	NA	NA	NA	NA	NA	NA	NA	NA	NA	NA	NA	NA
30806	NA	Kevderca na Lubniku	46.16468	14.26334	NA	NA	SVN	Mt. Lubnik	NA	NA	NA	NA	NA	NA	Terrestrial	Cave	NA	NA	Troglohyphantes typhlonetiformis	NA	species	Linyphiidae	Troglohyphantes	typhlonetiformis	NA	NA	NA	NA	NA	NA	NA	NA	NA	NA	SubBioDB, managed by SubBioLab, Dept. of Biology, Biotechnical Faculty, University of Ljubljana	NA	NA	NA	NA	NA	NA	NA	NA	NA	NA	NA	NA
30807	NA	Kevderca na Lubniku	46.16468	14.26334	NA	NA	SVN	Mt. Lubnik	NA	NA	NA	NA	NA	NA	Terrestrial	Cave	NA	NA	Troglohyphantes typhlonetiformis	NA	species	Linyphiidae	Troglohyphantes	typhlonetiformis	NA	NA	NA	NA	NA	NA	NA	NA	NA	NA	SubBioDB, managed by SubBioLab, Dept. of Biology, Biotechnical Faculty, University of Ljubljana	NA	NA	NA	NA	NA	NA	NA	NA	NA	NA	NA	NA
30808	NA	Kevderca na Lubniku	46.16468	14.26334	NA	NA	SVN	Mt. Lubnik	NA	NA	NA	NA	NA	NA	Terrestrial	Cave	NA	NA	Troglohyphantes typhlonetiformis	NA	species	Linyphiidae	Troglohyphantes	typhlonetiformis	NA	NA	NA	NA	NA	NA	NA	NA	NA	NA	SubBioDB, managed by SubBioLab, Dept. of Biology, Biotechnical Faculty, University of Ljubljana	NA	NA	NA	NA	NA	NA	NA	NA	NA	NA	NA	NA
10066	NA	Kevderca na Lubniku	46.16468	14.26334	NA	NA	SVN	NA	NA	NA	NA	NA	NA	NA	Terrestrial	Cave	NA	NA	Stalita hadzii	NA	species	Dysderidae	Stalita	hadzii	NA	NA	NA	NA	NA	NA	NA	NA	NA	NA	NA	NA	NA	NA	NA	NA	NA	NA	NA	NA	NA	NA	NA
10128	NA	Kevderca na Lubniku	46.16468	14.26334	NA	NA	SVN	NA	NA	NA	NA	NA	NA	NA	Terrestrial	Cave	NA	NA	Stalita hadzii	NA	species	Dysderidae	Stalita	hadzii	NA	NA	NA	NA	NA	NA	NA	NA	NA	NA	NA	NA	NA	NA	NA	NA	NA	NA	NA	NA	NA	NA	NA
30801	NA	Kevderca na Lubniku	46.16468	14.26334	NA	NA	SVN	NA	NA	NA	NA	NA	NA	NA	Terrestrial	Cave	NA	NA	Troglohyphantes typhlonetiformis	NA	species	Linyphiidae	Troglohyphantes	typhlonetiformis	NA	NA	NA	NA	2	NA	NA	NA	NA	NA	NA	NA	NA	NA	NA	NA	NA	NA	NA	NA	NA	NA	NA
30803	NA	Kevderca na Lubniku	46.16468	14.26334	NA	NA	SVN	NA	NA	1970-10-24	NA	NA	NA	NA	Terrestrial	Cave	NA	NA	Troglohyphantes typhlonetiformis	NA	species	Linyphiidae	Troglohyphantes	typhlonetiformis	NA	NA	NA	NA	5	NA	NA	NA	NA	NA	NA	NA	NA	NA	NA	NA	NA	NA	NA	NA	NA	NA	NA
30804	NA	Kevderca na Lubniku	46.16468	14.26334	NA	NA	SVN	NA	NA	NA	NA	NA	NA	NA	Terrestrial	Cave	NA	NA	Troglohyphantes typhlonetiformis	NA	species	Linyphiidae	Troglohyphantes	typhlonetiformis	NA	NA	NA	NA	NA	NA	NA	NA	NA	NA	NA	NA	NA	NA	NA	NA	NA	NA	NA	NA	NA	NA	NA
30811	NA	Kevderca na Lubniku	46.16468	14.26334	NA	NA	SVN	NA	NA	NA	NA	NA	NA	NA	Terrestrial	Cave	NA	NA	Troglohyphantes typhlonetiformis	NA	species	Linyphiidae	Troglohyphantes	typhlonetiformis	NA	NA	NA	NA	NA	NA	NA	NA	NA	NA	NA	NA	NA	NA	NA	NA	NA	NA	NA	NA	NA	NA	NA
3472	NA	Kostelčeva špilja	44.90202	15.60768	NA	NA	HRV	NA	NA	2021-05-12	NA	NA	NA	NA	Terrestrial	Cave	NA	NA	Nesticus cellulanus	NA	species	Nesticidae	Nesticus	cellulanus	NA	NA	NA	Tin Rožman	2	NA	NA	NA	NA	NA	Croatian Biospeleological Society, Zagreb, Croatia (CBSS)	NA	NA	NA	NA	NA	NA	NA	NA	NA	NA	NA	NA
25366	NA	Kostelčeva špilja	44.90202	15.60768	NA	NA	HRV	NA	NA	2021-05-12	NA	NA	NA	NA	Terrestrial	Cave	NA	NA	Tegenaria silvestris	NA	species	Agelenidae	Tegenaria	silvestris	NA	NA	NA	Tin Rožman	1	NA	NA	NA	NA	NA	Croatian Biospeleological Society, Zagreb, Croatia (CBSS)	NA	NA	NA	NA	NA	NA	NA	NA	NA	NA	NA	NA
3501	NA	Kostelčeva špilja	44.90202	15.60768	NA	NA	HRV	NA	NA	2021-05-12	NA	NA	NA	NA	Terrestrial, Surface	Shallow Subterranean Habitats (SSH)	NA	NA	Nesticus cellulanus	NA	species	Nesticidae	Nesticus	cellulanus	NA	NA	NA	Tin Rožman	1	NA	NA	NA	NA	NA	Croatian Biospeleological Society, Zagreb, Croatia (CBSS)	NA	NA	NA	NA	NA	NA	NA	NA	NA	NA	NA	NA
11488	NA	Košuljica	44.90102	15.62312	NA	NA	HRV	NA	NA	2023-09-15	NA	NA	NA	NA	Terrestrial	Cave	NA	NA	Troglohyphantes kordunlikanus	NA	species	Linyphiidae	Troglohyphantes	kordunlikanus	NA	NA	NA	Martina Pavlek	3	NA	NA	NA	NA	NA	Croatian Biospeleological Society, Zagreb, Croatia (CBSS)	NA	NA	NA	NA	NA	NA	NA	NA	NA	NA	NA	NA
29275	NA	Košuljica	44.90102	15.62312	NA	NA	HRV	NA	NA	2023-09-15	NA	NA	NA	NA	Terrestrial, Surface	Shallow Subterranean Habitats (SSH)	NA	NA	Dysderocrates storkani	NA	species	Dysderidae	Dysderocrates	storkani	NA	NA	NA	Iva Čupić	1	NA	NA	NA	NA	NA	Croatian Biospeleological Society, Zagreb, Croatia (CBSS)	NA	NA	NA	NA	NA	NA	NA	NA	NA	NA	NA	NA
29359	NA	Ledenica (Resanovci)	44.29922	16.28138	NA	NA	BIH	Resanovci	NA	NA	NA	NA	NA	NA	Terrestrial	Cave	NA	NA	Parastalita stygia	NA	species	Dysderidae	Parastalita	stygia	NA	NA	NA	NA	NA	NA	NA	NA	NA	NA	NA	NA	NA	NA	NA	NA	NA	NA	NA	NA	NA	NA	NA
29360	NA	Ledenica (Resanovci)	44.29922	16.28138	NA	NA	BIH	Resanovci	NA	NA	NA	NA	NA	NA	Terrestrial	Cave	NA	NA	Parastalita stygia	NA	species	Dysderidae	Parastalita	stygia	NA	NA	NA	NA	NA	NA	NA	NA	NA	NA	NA	NA	NA	NA	NA	NA	NA	NA	NA	NA	NA	NA	NA
5943	NA	Ledenica (Resanovci)	44.29922	16.28138	NA	NA	BIH	NA	NA	2017-08-09	NA	NA	NA	NA	Terrestrial	Cave	NA	NA	Troglohyphantes dekkingae	NA	species	Linyphiidae	Troglohyphantes	dekkingae	NA	NA	NA	Martina Pavlek	1	NA	NA	NA	NA	NA	Croatian Biospeleological Society, Zagreb, Croatia (CBSS)	NA	NA	NA	NA	NA	NA	NA	NA	NA	NA	NA	NA
29355	NA	Ledenica (Resanovci)	44.29922	16.28138	NA	NA	BIH	NA	NA	1966-07-26	NA	NA	NA	NA	Terrestrial	Cave	NA	NA	Parastalita stygia	NA	species	Dysderidae	Parastalita	stygia	NA	NA	NA	NA	1	NA	NA	NA	NA	NA	NA	NA	NA	NA	NA	NA	NA	NA	NA	NA	NA	NA	NA
29356	NA	Ledenica (Resanovci)	44.29922	16.28138	NA	NA	BIH	NA	NA	1966-07-26	NA	NA	NA	NA	Terrestrial	Cave	NA	NA	Parastalita stygia	NA	species	Dysderidae	Parastalita	stygia	NA	NA	NA	NA	4	NA	NA	NA	NA	NA	NA	NA	NA	NA	NA	NA	NA	NA	NA	NA	NA	NA	NA
29357	NA	Ledenica (Resanovci)	44.29922	16.28138	NA	NA	BIH	NA	NA	1966-07-28	NA	NA	NA	NA	Terrestrial	Cave	NA	NA	Parastalita stygia	NA	species	Dysderidae	Parastalita	stygia	NA	NA	NA	NA	3	NA	NA	NA	NA	NA	NA	NA	NA	NA	NA	NA	NA	NA	NA	NA	NA	NA	NA
29358	NA	Ledenica (Resanovci)	44.29922	16.28138	NA	NA	BIH	NA	NA	2017-08-09	NA	NA	NA	NA	Terrestrial	Cave	NA	NA	Parastalita stygia	NA	species	Dysderidae	Parastalita	stygia	NA	NA	NA	Martina Pavlek	2	NA	NA	NA	NA	NA	Croatian Biospeleological Society, Zagreb, Croatia (CBSS)	NA	NA	NA	NA	NA	NA	NA	NA	NA	NA	NA	NA
29362	NA	Ledenica (Resanovci)	44.29922	16.28138	NA	NA	BIH	NA	NA	2016-09-26	NA	NA	NA	NA	Terrestrial	Cave	NA	NA	Parastalita stygia	NA	species	Dysderidae	Parastalita	stygia	NA	NA	NA	Martina Pavlek	5	NA	NA	NA	NA	NA	SubBioDB, managed by SubBioLab, Dept. of Biology, Biotechnical Faculty, University of Ljubljana	NA	NA	NA	NA	NA	NA	NA	NA	NA	NA	NA	NA
29363	NA	Ledenica (Resanovci)	44.29922	16.28138	NA	NA	BIH	NA	NA	2017-08-09	NA	NA	NA	NA	Terrestrial	Cave	NA	NA	Parastalita stygia	NA	species	Dysderidae	Parastalita	stygia	NA	NA	NA	Martina Pavlek	4	NA	NA	NA	NA	NA	Croatian Biospeleological Society, Zagreb, Croatia (CBSS)	NA	NA	NA	NA	NA	NA	NA	NA	NA	NA	NA	NA
28889	NA	Male Ponte	42.76139	17.43079	NA	NA	HRV	NA	NA	2021-02-24	NA	NA	NA	NA	Terrestrial	Cave	NA	NA	Folkia sp. 5	TRUE	species	Dysderidae	Folkia	sp. 5	NA	NA	NA	Nikola Pischiutta	2	NA	NA	NA	NA	NA	Croatian Biospeleological Society, Zagreb, Croatia (CBSS)	NA	NA	NA	NA	NA	NA	NA	NA	NA	NA	NA	NA
28898	NA	Male Ponte	42.76139	17.43079	NA	NA	HRV	NA	NA	2021-02-14	NA	NA	NA	NA	Terrestrial	Cave	NA	NA	Folkia sp. 5	TRUE	species	Dysderidae	Folkia	sp. 5	NA	NA	NA	Martina Pavlek	1	NA	NA	NA	NA	NA	Croatian Biospeleological Society, Zagreb, Croatia (CBSS)	NA	NA	NA	NA	NA	NA	NA	NA	NA	NA	NA	NA
28899	NA	Male Ponte	42.76139	17.43079	NA	NA	HRV	NA	NA	2021-02-14	NA	NA	NA	NA	Terrestrial	Cave	NA	NA	Folkia sp. 5	TRUE	species	Dysderidae	Folkia	sp. 5	NA	NA	NA	Martina Pavlek	1	NA	NA	NA	NA	NA	Croatian Biospeleological Society, Zagreb, Croatia (CBSS)	NA	NA	NA	NA	NA	NA	NA	NA	NA	NA	NA	NA
28900	NA	Male Ponte	42.76139	17.43079	NA	NA	HRV	NA	NA	2021-02-14	NA	NA	NA	NA	Terrestrial	Cave	NA	NA	Folkia sp. 5	TRUE	species	Dysderidae	Folkia	sp. 5	NA	NA	NA	Martina Pavlek	1	NA	NA	NA	NA	NA	Croatian Biospeleological Society, Zagreb, Croatia (CBSS)	NA	NA	NA	NA	NA	NA	NA	NA	NA	NA	NA	NA
28902	NA	Male Ponte	42.76139	17.43079	NA	NA	HRV	NA	NA	2021-02-14	NA	NA	NA	NA	Terrestrial	Cave	NA	NA	Folkia sp. 5	TRUE	species	Dysderidae	Folkia	sp. 5	NA	NA	NA	Nikola Pischiutta	1	NA	NA	NA	NA	NA	Croatian Biospeleological Society, Zagreb, Croatia (CBSS)	NA	NA	NA	NA	NA	NA	NA	NA	NA	NA	NA	NA
28907	NA	Male Ponte	42.76139	17.43079	NA	NA	HRV	NA	NA	2021-02-14	NA	NA	NA	NA	Terrestrial	Cave	NA	NA	Folkia sp. 5	TRUE	species	Dysderidae	Folkia	sp. 5	NA	NA	NA	Nikola Pischiutta	1	NA	NA	NA	NA	NA	Croatian Biospeleological Society, Zagreb, Croatia (CBSS)	NA	NA	NA	NA	NA	NA	NA	NA	NA	NA	NA	NA
945	NA	Male Ponte	42.76139	17.43079	NA	NA	HRV	NA	NA	2019-09-27	NA	NA	NA	NA	Terrestrial	Cave	NA	NA	Histopona bidens	NA	species	Agelenidae	Histopona	bidens	NA	NA	NA	Martina Pavlek	4	NA	NA	NA	NA	NA	Croatian Biospeleological Society, Zagreb, Croatia (CBSS)	NA	NA	NA	NA	NA	NA	NA	NA	NA	NA	NA	NA
949	NA	Male Ponte	42.76139	17.43079	NA	NA	HRV	NA	NA	2008-04-27	NA	NA	NA	NA	Terrestrial	Cave	NA	NA	Histopona bidens	NA	species	Agelenidae	Histopona	bidens	NA	NA	NA	Martina Pavlek	2	NA	NA	NA	NA	NA	Croatian Biospeleological Society, Zagreb, Croatia (CBSS)	NA	NA	NA	NA	NA	NA	NA	NA	NA	NA	NA	NA
957	NA	Male Ponte	42.76139	17.43079	NA	NA	HRV	NA	NA	2007-04-09	NA	NA	NA	NA	Terrestrial	Cave	NA	NA	Histopona bidens	NA	species	Agelenidae	Histopona	bidens	NA	NA	NA	Martina Pavlek	1	NA	NA	NA	NA	NA	Croatian Biospeleological Society, Zagreb, Croatia (CBSS)	NA	NA	NA	NA	NA	NA	NA	NA	NA	NA	NA	NA
963	NA	Male Ponte	42.76139	17.43079	NA	NA	HRV	NA	NA	2001-06-21	NA	NA	NA	NA	Terrestrial	Cave	NA	NA	Histopona bidens	NA	species	Agelenidae	Histopona	bidens	NA	NA	NA	Martina Pavlek	3	NA	NA	NA	NA	NA	Croatian Biospeleological Society, Zagreb, Croatia (CBSS)	NA	NA	NA	NA	NA	NA	NA	NA	NA	NA	NA	NA
978	NA	Male Ponte	42.76139	17.43079	NA	NA	HRV	NA	NA	2007-04-09	NA	NA	NA	NA	Terrestrial	Cave	NA	NA	Histopona bidens	NA	species	Agelenidae	Histopona	bidens	NA	NA	NA	Martina Pavlek	2	NA	NA	NA	NA	NA	Croatian Biospeleological Society, Zagreb, Croatia (CBSS)	NA	NA	NA	NA	NA	NA	NA	NA	NA	NA	NA	NA
981	NA	Male Ponte	42.76139	17.43079	NA	NA	HRV	NA	NA	2008-04-27	NA	NA	NA	NA	Terrestrial	Cave	NA	NA	Histopona bidens	NA	species	Agelenidae	Histopona	bidens	NA	NA	NA	Martina Pavlek	1	NA	NA	NA	NA	NA	Croatian Biospeleological Society, Zagreb, Croatia (CBSS)	NA	NA	NA	NA	NA	NA	NA	NA	NA	NA	NA	NA
996	NA	Male Ponte	42.76139	17.43079	NA	NA	HRV	NA	NA	NA	NA	NA	NA	NA	Terrestrial	Cave	NA	NA	Histopona bidens	NA	species	Agelenidae	Histopona	bidens	NA	NA	NA	NA	NA	NA	NA	NA	NA	NA	NA	NA	NA	NA	NA	NA	NA	NA	NA	NA	NA	NA	NA
997	NA	Male Ponte	42.76139	17.43079	NA	NA	HRV	Goveđari	NA	NA	NA	NA	NA	NA	Terrestrial	Cave	NA	NA	Histopona bidens	NA	species	Agelenidae	Histopona	bidens	NA	NA	NA	NA	NA	NA	NA	NA	NA	NA	NA	NA	NA	NA	NA	NA	NA	NA	NA	NA	NA	NA	NA
998	NA	Male Ponte	42.76139	17.43079	NA	NA	HRV	Goveđari	NA	NA	NA	NA	NA	NA	Terrestrial	Cave	NA	NA	Histopona bidens	NA	species	Agelenidae	Histopona	bidens	NA	NA	NA	NA	NA	NA	NA	NA	NA	NA	NA	NA	NA	NA	NA	NA	NA	NA	NA	NA	NA	NA	NA
13018	NA	Male Ponte	42.76139	17.43079	NA	NA	HRV	NA	NA	2007-04-09	NA	NA	NA	NA	Terrestrial	Cave	NA	NA	Barusia maheni	NA	species	Leptonetidae	Barusia	maheni	NA	NA	NA	Martina Pavlek	1	NA	NA	NA	NA	NA	Croatian Biospeleological Society, Zagreb, Croatia (CBSS)	NA	NA	NA	NA	NA	NA	NA	NA	NA	NA	NA	NA
13082	NA	Male Ponte	42.76139	17.43079	NA	NA	HRV	NA	NA	NA	NA	NA	NA	NA	Terrestrial	Cave	NA	NA	Barusia maheni	NA	species	Leptonetidae	Barusia	maheni	NA	NA	NA	NA	NA	NA	NA	NA	NA	NA	NA	NA	NA	NA	NA	NA	NA	NA	NA	NA	NA	NA	NA
13084	NA	Male Ponte	42.76139	17.43079	NA	NA	HRV	Goveđari	NA	NA	NA	NA	NA	NA	Terrestrial	Cave	NA	NA	Barusia maheni	NA	species	Leptonetidae	Barusia	maheni	NA	NA	NA	NA	NA	NA	NA	NA	NA	NA	NA	NA	NA	NA	NA	NA	NA	NA	NA	NA	NA	NA	NA
13085	NA	Male Ponte	42.76139	17.43079	NA	NA	HRV	Goveđari	NA	NA	NA	NA	NA	NA	Terrestrial	Cave	NA	NA	Barusia maheni	NA	species	Leptonetidae	Barusia	maheni	NA	NA	NA	NA	NA	NA	NA	NA	NA	NA	NA	NA	NA	NA	NA	NA	NA	NA	NA	NA	NA	NA	NA
21987	NA	Male Ponte	42.76139	17.43079	NA	NA	HRV	NA	NA	2015-10-19	NA	NA	NA	NA	Terrestrial	Cave	NA	NA	Sulcia nocturna	NA	species	Leptonetidae	Sulcia	nocturna	NA	NA	NA	Martina Pavlek	2	NA	NA	NA	NA	NA	Croatian Biospeleological Society, Zagreb, Croatia (CBSS)	NA	NA	NA	NA	NA	NA	NA	NA	NA	NA	NA	NA
21988	NA	Male Ponte	42.76139	17.43079	NA	NA	HRV	NA	NA	2024-04-16	NA	NA	NA	NA	Terrestrial	Cave	NA	NA	Sulcia nocturna	NA	species	Leptonetidae	Sulcia	nocturna	NA	NA	NA	Martina Pavlek	1	NA	NA	NA	NA	NA	Croatian Biospeleological Society, Zagreb, Croatia (CBSS)	NA	NA	NA	NA	NA	NA	NA	NA	NA	NA	NA	NA
21989	NA	Male Ponte	42.76139	17.43079	NA	NA	HRV	NA	NA	2021-06-16	NA	NA	NA	NA	Terrestrial	Cave	NA	NA	Sulcia nocturna	NA	species	Leptonetidae	Sulcia	nocturna	NA	NA	NA	Martina Pavlek	1	NA	NA	NA	NA	NA	Croatian Biospeleological Society, Zagreb, Croatia (CBSS)	NA	NA	NA	NA	NA	NA	NA	NA	NA	NA	NA	NA
21993	NA	Male Ponte	42.76139	17.43079	NA	NA	HRV	NA	NA	2024-04-16	NA	NA	NA	NA	Terrestrial	Cave	NA	NA	Sulcia nocturna	NA	species	Leptonetidae	Sulcia	nocturna	NA	NA	NA	Martina Pavlek	1	NA	NA	NA	NA	NA	Croatian Biospeleological Society, Zagreb, Croatia (CBSS)	NA	NA	NA	NA	NA	NA	NA	NA	NA	NA	NA	NA
21995	NA	Male Ponte	42.76139	17.43079	NA	NA	HRV	NA	NA	2007-04-09	NA	NA	NA	NA	Terrestrial	Cave	NA	NA	Sulcia nocturna	NA	species	Leptonetidae	Sulcia	nocturna	NA	NA	NA	Martina Pavlek	3	NA	NA	NA	NA	NA	Croatian Biospeleological Society, Zagreb, Croatia (CBSS)	NA	NA	NA	NA	NA	NA	NA	NA	NA	NA	NA	NA
21996	NA	Male Ponte	42.76139	17.43079	NA	NA	HRV	NA	NA	2007-04-14	NA	NA	NA	NA	Terrestrial	Cave	NA	NA	Sulcia nocturna	NA	species	Leptonetidae	Sulcia	nocturna	NA	NA	NA	Martina Pavlek	2	NA	NA	NA	NA	NA	Croatian Biospeleological Society, Zagreb, Croatia (CBSS)	NA	NA	NA	NA	NA	NA	NA	NA	NA	NA	NA	NA
21999	NA	Male Ponte	42.76139	17.43079	NA	NA	HRV	NA	NA	2015-10-19	NA	NA	NA	NA	Terrestrial	Cave	NA	NA	Sulcia nocturna	NA	species	Leptonetidae	Sulcia	nocturna	NA	NA	NA	Martina Pavlek	8	NA	NA	NA	NA	NA	Croatian Biospeleological Society, Zagreb, Croatia (CBSS)	NA	NA	NA	NA	NA	NA	NA	NA	NA	NA	NA	NA
22002	NA	Male Ponte	42.76139	17.43079	NA	NA	HRV	NA	NA	2021-06-16	NA	NA	NA	NA	Terrestrial	Cave	NA	NA	Sulcia nocturna	NA	species	Leptonetidae	Sulcia	nocturna	NA	NA	NA	Martina Pavlek	1	NA	NA	NA	NA	NA	Croatian Biospeleological Society, Zagreb, Croatia (CBSS)	NA	NA	NA	NA	NA	NA	NA	NA	NA	NA	NA	NA
22008	NA	Male Ponte	42.76139	17.43079	NA	NA	HRV	NA	NA	NA	NA	NA	NA	NA	Terrestrial	Cave	NA	NA	Sulcia nocturna	NA	species	Leptonetidae	Sulcia	nocturna	NA	NA	NA	NA	NA	NA	NA	NA	NA	NA	NA	NA	NA	NA	NA	NA	NA	NA	NA	NA	NA	NA	NA
22009	NA	Male Ponte	42.76139	17.43079	NA	NA	HRV	Goveđari	NA	NA	NA	NA	NA	NA	Terrestrial	Cave	NA	NA	Sulcia nocturna	NA	species	Leptonetidae	Sulcia	nocturna	NA	NA	NA	NA	NA	NA	NA	NA	NA	NA	NA	NA	NA	NA	NA	NA	NA	NA	NA	NA	NA	NA	NA
22010	NA	Male Ponte	42.76139	17.43079	NA	NA	HRV	Goveđari	NA	NA	NA	NA	NA	NA	Terrestrial	Cave	NA	NA	Sulcia nocturna	NA	species	Leptonetidae	Sulcia	nocturna	NA	NA	NA	NA	NA	NA	NA	NA	NA	NA	NA	NA	NA	NA	NA	NA	NA	NA	NA	NA	NA	NA	NA
22014	NA	Male Ponte	42.76139	17.43079	NA	NA	HRV	NA	NA	2011-04-13	NA	NA	NA	NA	Terrestrial	Cave	NA	NA	Sulcia nocturna	NA	species	Leptonetidae	Sulcia	nocturna	NA	NA	NA	Martina Pavlek	3	NA	NA	NA	NA	NA	Croatian Biospeleological Society, Zagreb, Croatia (CBSS)	NA	NA	NA	NA	NA	NA	NA	NA	NA	NA	NA	NA
28006	NA	Male Ponte	42.76139	17.43079	NA	NA	HRV	NA	NA	2015-10-19	NA	NA	NA	NA	Terrestrial	Cave	NA	NA	Centromerus sp. 1	TRUE	species	Linyphiidae	Centromerus	sp. 1	NA	NA	NA	Christo Deltshev	1	NA	NA	NA	NA	NA	Croatian Biospeleological Society, Zagreb, Croatia (CBSS)	NA	NA	NA	NA	NA	NA	NA	NA	NA	NA	NA	NA
28034	NA	Male Ponte	42.76139	17.43079	NA	NA	HRV	NA	NA	2008-04-27	NA	NA	NA	NA	Terrestrial	Cave	NA	NA	Palliduphantes sp. 1	TRUE	species	Linyphiidae	Palliduphantes	sp. 1	NA	NA	NA	Martina Pavlek	1	NA	NA	NA	NA	NA	Croatian Biospeleological Society, Zagreb, Croatia (CBSS)	NA	NA	NA	NA	NA	NA	NA	NA	NA	NA	NA	NA
28036	NA	Male Ponte	42.76139	17.43079	NA	NA	HRV	NA	NA	2007-04-09	NA	NA	NA	NA	Terrestrial	Cave	NA	NA	Palliduphantes sp. 1	TRUE	species	Linyphiidae	Palliduphantes	sp. 1	NA	NA	NA	Martina Pavlek	1	NA	NA	NA	NA	NA	Croatian Biospeleological Society, Zagreb, Croatia (CBSS)	NA	NA	NA	NA	NA	NA	NA	NA	NA	NA	NA	NA
28038	NA	Male Ponte	42.76139	17.43079	NA	NA	HRV	NA	NA	2015-10-19	NA	NA	NA	NA	Terrestrial	Cave	NA	NA	Palliduphantes sp. 1	TRUE	species	Linyphiidae	Palliduphantes	sp. 1	NA	NA	NA	Martina Pavlek	3	NA	NA	NA	NA	NA	Croatian Biospeleological Society, Zagreb, Croatia (CBSS)	NA	NA	NA	NA	NA	NA	NA	NA	NA	NA	NA	NA
28041	NA	Male Ponte	42.76139	17.43079	NA	NA	HRV	NA	NA	2021-06-16	NA	NA	NA	NA	Terrestrial	Cave	NA	NA	Palliduphantes sp. 1	TRUE	species	Linyphiidae	Palliduphantes	sp. 1	NA	NA	NA	Martina Pavlek	2	NA	NA	NA	NA	NA	Croatian Biospeleological Society, Zagreb, Croatia (CBSS)	NA	NA	NA	NA	NA	NA	NA	NA	NA	NA	NA	NA
28885	NA	Male Ponte	42.76139	17.43079	NA	NA	HRV	NA	NA	2015-10-19	NA	NA	NA	NA	Terrestrial	Cave	NA	NA	Folkia sp. 5	TRUE	species	Dysderidae	Folkia	sp. 5	NA	NA	NA	Martina Pavlek	1	NA	NA	NA	NA	NA	Croatian Biospeleological Society, Zagreb, Croatia (CBSS)	NA	NA	NA	NA	NA	NA	NA	NA	NA	NA	NA	NA
28886	NA	Male Ponte	42.76139	17.43079	NA	NA	HRV	NA	NA	2021-06-16	NA	NA	NA	NA	Terrestrial	Cave	NA	NA	Folkia sp. 5	TRUE	species	Dysderidae	Folkia	sp. 5	NA	NA	NA	Martina Pavlek	1	NA	NA	NA	NA	NA	Croatian Biospeleological Society, Zagreb, Croatia (CBSS)	NA	NA	NA	NA	NA	NA	NA	NA	NA	NA	NA	NA
28887	NA	Male Ponte	42.76139	17.43079	NA	NA	HRV	NA	NA	2001-06-21	NA	NA	NA	NA	Terrestrial	Cave	NA	NA	Folkia sp. 5	TRUE	species	Dysderidae	Folkia	sp. 5	NA	NA	NA	Martina Pavlek	4	NA	NA	NA	NA	NA	Croatian Biospeleological Society, Zagreb, Croatia (CBSS)	NA	NA	NA	NA	NA	NA	NA	NA	NA	NA	NA	NA
28888	NA	Male Ponte	42.76139	17.43079	NA	NA	HRV	NA	NA	2019-09-27	NA	NA	NA	NA	Terrestrial	Cave	NA	NA	Folkia sp. 5	TRUE	species	Dysderidae	Folkia	sp. 5	NA	NA	NA	Martina Pavlek	2	NA	NA	NA	NA	NA	Croatian Biospeleological Society, Zagreb, Croatia (CBSS)	NA	NA	NA	NA	NA	NA	NA	NA	NA	NA	NA	NA
28893	NA	Male Ponte	42.76139	17.43079	NA	NA	HRV	NA	NA	2007-04-09	NA	NA	NA	NA	Terrestrial	Cave	NA	NA	Folkia sp. 5	TRUE	species	Dysderidae	Folkia	sp. 5	NA	NA	NA	Martina Pavlek	1	NA	NA	NA	NA	NA	Croatian Biospeleological Society, Zagreb, Croatia (CBSS)	NA	NA	NA	NA	NA	NA	NA	NA	NA	NA	NA	NA
28894	NA	Male Ponte	42.76139	17.43079	NA	NA	HRV	NA	NA	2007-04-13	NA	NA	NA	NA	Terrestrial	Cave	NA	NA	Folkia sp. 5	TRUE	species	Dysderidae	Folkia	sp. 5	NA	NA	NA	Martina Pavlek	1	NA	NA	NA	NA	NA	Croatian Biospeleological Society, Zagreb, Croatia (CBSS)	NA	NA	NA	NA	NA	NA	NA	NA	NA	NA	NA	NA
28896	NA	Male Ponte	42.76139	17.43079	NA	NA	HRV	NA	NA	2015-10-19	NA	NA	NA	NA	Terrestrial	Cave	NA	NA	Folkia sp. 5	TRUE	species	Dysderidae	Folkia	sp. 5	NA	NA	NA	Martina Pavlek	1	NA	NA	NA	NA	NA	Croatian Biospeleological Society, Zagreb, Croatia (CBSS)	NA	NA	NA	NA	NA	NA	NA	NA	NA	NA	NA	NA
28903	NA	Male Ponte	42.76139	17.43079	NA	NA	HRV	NA	NA	2021-06-16	NA	NA	NA	NA	Terrestrial	Cave	NA	NA	Folkia sp. 5	TRUE	species	Dysderidae	Folkia	sp. 5	NA	NA	NA	Martina Pavlek	1	NA	NA	NA	NA	NA	Croatian Biospeleological Society, Zagreb, Croatia (CBSS)	NA	NA	NA	NA	NA	NA	NA	NA	NA	NA	NA	NA
28904	NA	Male Ponte	42.76139	17.43079	NA	NA	HRV	NA	NA	2024-04-16	NA	NA	NA	NA	Terrestrial	Cave	NA	NA	Folkia sp. 5	TRUE	species	Dysderidae	Folkia	sp. 5	NA	NA	NA	Martina Pavlek	1	NA	NA	NA	NA	NA	Croatian Biospeleological Society, Zagreb, Croatia (CBSS)	NA	NA	NA	NA	NA	NA	NA	NA	NA	NA	NA	NA
28906	NA	Male Ponte	42.76139	17.43079	NA	NA	HRV	NA	NA	2011-04-13	NA	NA	NA	NA	Terrestrial	Cave	NA	NA	Folkia sp. 5	TRUE	species	Dysderidae	Folkia	sp. 5	NA	NA	NA	Martina Pavlek	3	NA	NA	NA	NA	NA	Croatian Biospeleological Society, Zagreb, Croatia (CBSS)	NA	NA	NA	NA	NA	NA	NA	NA	NA	NA	NA	NA
7156	NA	Markova špilja (Hvar)	43.19058	16.40291	NA	NA	HRV	HvarIsl.	NA	NA	NA	NA	NA	NA	Terrestrial	Cave	NA	NA	Kryptonesticus eremita	NA	species	Nesticidae	Kryptonesticus	eremita	NA	NA	NA	NA	NA	NA	NA	NA	NA	NA	University of Barcelona (CRBA)	NA	NA	NA	NA	NA	NA	NA	NA	NA	NA	NA	NA
7157	NA	Markova špilja (Hvar)	43.19058	16.40291	NA	NA	HRV	HvarIsl.	NA	NA	NA	NA	NA	NA	Terrestrial	Cave	NA	NA	Kryptonesticus eremita	NA	species	Nesticidae	Kryptonesticus	eremita	NA	NA	NA	NA	NA	NA	NA	NA	NA	NA	University of Barcelona (CRBA)	NA	NA	NA	NA	NA	NA	NA	NA	NA	NA	NA	NA
3004	NA	Markova špilja (Hvar)	43.19058	16.40291	NA	NA	HRV	NA	NA	2025-03-02	NA	NA	NA	NA	Terrestrial	Cave	NA	NA	Centromerus cavernarum	NA	species	Linyphiidae	Centromerus	cavernarum	NA	NA	NA	Martina Pavlek	1	NA	NA	NA	NA	NA	Croatian Biospeleological Society, Zagreb, Croatia (CBSS)	NA	NA	NA	NA	NA	NA	NA	NA	NA	NA	NA	NA
3005	NA	Markova špilja (Hvar)	43.19058	16.40291	NA	NA	HRV	NA	NA	2025-03-02	NA	NA	NA	NA	Terrestrial	Cave	NA	NA	Centromerus cavernarum	NA	species	Linyphiidae	Centromerus	cavernarum	NA	NA	NA	Martina Pavlek	2	NA	NA	NA	NA	NA	Croatian Biospeleological Society, Zagreb, Croatia (CBSS)	NA	NA	NA	NA	NA	NA	NA	NA	NA	NA	NA	NA
6789	NA	Markova špilja (Hvar)	43.19058	16.40291	NA	NA	HRV	NA	NA	2011-05-06	NA	NA	NA	NA	Terrestrial	Cave	NA	NA	Kryptonesticus eremita	NA	species	Nesticidae	Kryptonesticus	eremita	NA	NA	NA	Martina Pavlek	5	NA	NA	NA	NA	NA	Croatian Biospeleological Society, Zagreb, Croatia (CBSS)	NA	NA	NA	NA	NA	NA	NA	NA	NA	NA	NA	NA
6967	NA	Markova špilja (Hvar)	43.19058	16.40291	NA	NA	HRV	NA	NA	2011-03-15	NA	NA	NA	NA	Terrestrial	Cave	NA	NA	Kryptonesticus eremita	NA	species	Nesticidae	Kryptonesticus	eremita	NA	NA	NA	Martina Pavlek	1	NA	NA	NA	NA	NA	Croatian Biospeleological Society, Zagreb, Croatia (CBSS)	NA	NA	NA	NA	NA	NA	NA	NA	NA	NA	NA	NA
7037	NA	Markova špilja (Hvar)	43.19058	16.40291	NA	NA	HRV	NA	NA	2025-03-02	NA	NA	NA	NA	Terrestrial	Cave	NA	NA	Kryptonesticus eremita	NA	species	Nesticidae	Kryptonesticus	eremita	NA	NA	NA	Martina Pavlek	1	NA	NA	NA	NA	NA	Croatian Biospeleological Society, Zagreb, Croatia (CBSS)	NA	NA	NA	NA	NA	NA	NA	NA	NA	NA	NA	NA
7296	NA	Markova špilja (Hvar)	43.19058	16.40291	NA	NA	HRV	NA	NA	2006-08-15	NA	NA	NA	NA	Terrestrial	Cave	NA	NA	Kryptonesticus eremita	NA	species	Nesticidae	Kryptonesticus	eremita	NA	NA	NA	NA	23	NA	NA	NA	NA	NA	NA	NA	NA	NA	NA	NA	NA	NA	NA	NA	NA	NA	NA
7300	NA	Markova špilja (Hvar)	43.19058	16.40291	NA	NA	HRV	NA	NA	2011-05-06	NA	NA	NA	NA	Terrestrial	Cave	NA	NA	Kryptonesticus eremita	NA	species	Nesticidae	Kryptonesticus	eremita	NA	NA	NA	Martina Pavlek	3	NA	NA	NA	NA	NA	Croatian Biospeleological Society, Zagreb, Croatia (CBSS)	NA	NA	NA	NA	NA	NA	NA	NA	NA	NA	NA	NA
11165	NA	Markova špilja (Hvar)	43.19058	16.40291	NA	NA	HRV	NA	NA	2006-08-15	NA	NA	NA	NA	Terrestrial	Cave	NA	NA	Palliduphantes istrianus	NA	species	Linyphiidae	Palliduphantes	istrianus	NA	NA	NA	NA	1	NA	NA	NA	NA	NA	NA	NA	NA	NA	NA	NA	NA	NA	NA	NA	NA	NA	NA
12998	NA	Markova špilja (Hvar)	43.19058	16.40291	NA	NA	HRV	NA	NA	NA	NA	NA	NA	NA	Terrestrial	Cave	NA	NA	Barusia maheni	NA	species	Leptonetidae	Barusia	maheni	NA	NA	NA	NA	NA	NA	NA	NA	NA	NA	NA	NA	NA	NA	NA	NA	NA	NA	NA	NA	NA	NA	NA
19256	NA	Markova špilja (Hvar)	43.19058	16.40291	NA	NA	HRV	NA	NA	NA	NA	NA	NA	NA	Terrestrial	Cave	NA	NA	Metellina merianae	NA	species	Tetragnathidae	Metellina	merianae	NA	NA	NA	NA	NA	NA	NA	NA	NA	NA	NA	NA	NA	NA	NA	NA	NA	NA	NA	NA	NA	NA	NA
29075	NA	Markova špilja (Hvar)	43.19058	16.40291	NA	NA	HRV	NA	NA	NA	NA	NA	NA	NA	Terrestrial	Cave	NA	NA	Palliduphantes spelaeorum	NA	species	Linyphiidae	Palliduphantes	spelaeorum	NA	NA	NA	NA	NA	NA	NA	NA	NA	NA	NA	NA	NA	NA	NA	NA	NA	NA	NA	NA	NA	NA	NA
29145	NA	Markova špilja (Hvar)	43.19058	16.40291	NA	NA	HRV	NA	NA	2025-03-02	NA	NA	NA	NA	Terrestrial	Cave	NA	NA	Palliduphants spelaeorum	NA	species	Linyphiidae	Palliduphants	spelaeorum	NA	NA	NA	Martina Pavlek	2	NA	NA	NA	NA	NA	Croatian Biospeleological Society, Zagreb, Croatia (CBSS)	NA	NA	NA	NA	NA	NA	NA	NA	NA	NA	NA	NA
30523	NA	Markova špilja (Hvar)	43.19058	16.40291	NA	NA	HRV	NA	NA	NA	NA	NA	NA	NA	Terrestrial	Cave	NA	NA	Hadites tegenarioides	NA	species	Agelenidae	Hadites	tegenarioides	NA	NA	NA	NA	1	NA	NA	NA	NA	NA	NA	NA	NA	NA	NA	NA	NA	NA	NA	NA	NA	NA	NA
30524	NA	Markova špilja (Hvar)	43.19058	16.40291	NA	NA	HRV	NA	NA	NA	NA	NA	NA	NA	Terrestrial	Cave	NA	NA	Hadites tegenarioides	NA	species	Agelenidae	Hadites	tegenarioides	NA	NA	NA	NA	3	NA	NA	NA	NA	NA	NA	NA	NA	NA	NA	NA	NA	NA	NA	NA	NA	NA	NA
10159	NA	Megali Spilia Cave	37.81258	20.72272	NA	NA	GRC	Ionio	NA	NA	NA	NA	NA	NA	Terrestrial	Cave	NA	NA	Histopona hauseri	NA	species	Dysderidae	Histopona	hauseri	NA	NA	NA	NA	NA	NA	NA	NA	NA	NA	NA	NA	NA	NA	NA	NA	NA	NA	NA	NA	NA	NA	NA
6246	NA	Megali Spilia Cave	37.81258	20.72272	NA	NA	GRC	Ionio	NA	NA	NA	NA	NA	NA	Terrestrial	Cave	NA	NA	Tegenaria domestica	NA	species	Agelenidae	Tegenaria	domestica	NA	NA	NA	NA	NA	NA	NA	NA	NA	NA	NA	NA	NA	NA	NA	NA	NA	NA	NA	NA	NA	NA	NA
22792	NA	Megali Spilia Cave	37.81258	20.72272	NA	NA	GRC	Ionio	NA	NA	NA	NA	NA	NA	Terrestrial	Cave	NA	NA	Tegenaria parietina	NA	species	Agelenidae	Tegenaria	parietina	NA	NA	NA	NA	NA	NA	NA	NA	NA	NA	NA	NA	NA	NA	NA	NA	NA	NA	NA	NA	NA	NA	NA
4992	NA	Megara (2358)	43.71463	18.08447	NA	NA	BIH	NA	NA	NA	NA	NA	NA	NA	Terrestrial	Cave	NA	NA	Porrhomma convexum	NA	species	Linyphiidae	Porrhomma	convexum	NA	NA	NA	NA	NA	NA	NA	NA	NA	NA	NA	NA	NA	NA	NA	NA	NA	NA	NA	NA	NA	NA	NA
9283	NA	Megara (2358)	43.71463	18.08447	NA	NA	BIH	NA	NA	2015-11-05	NA	NA	NA	NA	Terrestrial	Cave	NA	NA	Troglohyphantes fugax	NA	species	Linyphiidae	Troglohyphantes	fugax	NA	NA	NA	Martina Pavlek	2	NA	NA	NA	NA	NA	Croatian Biospeleological Society, Zagreb, Croatia (CBSS)	NA	NA	NA	NA	NA	NA	NA	NA	NA	NA	NA	NA
9284	NA	Megara (2358)	43.71463	18.08447	NA	NA	BIH	NA	NA	2015-11-05	NA	NA	NA	NA	Terrestrial	Cave	NA	NA	Troglohyphantes fugax	NA	species	Linyphiidae	Troglohyphantes	fugax	NA	NA	NA	Martina Pavlek	2	NA	NA	NA	NA	NA	Croatian Biospeleological Society, Zagreb, Croatia (CBSS)	NA	NA	NA	NA	NA	NA	NA	NA	NA	NA	NA	NA
9286	NA	Megara (2358)	43.71463	18.08447	NA	NA	BIH	NA	NA	2011-11-20	NA	NA	NA	NA	Terrestrial	Cave	NA	NA	Troglohyphantes fugax	NA	species	Linyphiidae	Troglohyphantes	fugax	NA	NA	NA	Martina Pavlek	2	NA	NA	NA	NA	NA	Croatian Biospeleological Society, Zagreb, Croatia (CBSS)	NA	NA	NA	NA	NA	NA	NA	NA	NA	NA	NA	NA
9288	NA	Megara (2358)	43.71463	18.08447	NA	NA	BIH	NA	NA	NA	NA	NA	NA	NA	Terrestrial	Cave	NA	NA	Troglohyphantes fugax	NA	species	Linyphiidae	Troglohyphantes	fugax	NA	NA	NA	NA	NA	NA	NA	NA	NA	NA	NA	NA	NA	NA	NA	NA	NA	NA	NA	NA	NA	NA	NA
11825	NA	Megara (2358)	43.71463	18.08447	NA	NA	BIH	NA	NA	1908-10-13	NA	NA	NA	NA	Terrestrial	Cave	NA	NA	Lepthyphantes leprosus	NA	species	Linyphiidae	Lepthyphantes	leprosus	NA	NA	NA	NA	1	NA	NA	NA	NA	NA	NA	NA	NA	NA	NA	NA	NA	NA	NA	NA	NA	NA	NA
11826	NA	Megara (2358)	43.71463	18.08447	NA	NA	BIH	NA	NA	NA	NA	NA	NA	NA	Terrestrial	Cave	NA	NA	Lepthyphantes leprosus	NA	species	Linyphiidae	Lepthyphantes	leprosus	NA	NA	NA	NA	NA	NA	NA	NA	NA	NA	NA	NA	NA	NA	NA	NA	NA	NA	NA	NA	NA	NA	NA
13360	NA	Megara (2358)	43.71463	18.08447	NA	NA	BIH	NA	NA	1908-10-13	NA	NA	NA	NA	Terrestrial	Cave	NA	NA	Meta menardi	NA	species	Tetragnathidae	Meta	menardi	NA	NA	NA	NA	2	NA	NA	NA	NA	NA	NA	NA	NA	NA	NA	NA	NA	NA	NA	NA	NA	NA	NA
29254	NA	Megara (2358)	43.71463	18.08447	NA	NA	BIH	NA	NA	1973-08-07	NA	NA	NA	NA	Terrestrial	Cave	NA	NA	Rhode stalitoides	NA	species	Dysderidae	Rhode	stalitoides	NA	NA	NA	NA	1	NA	NA	NA	NA	NA	NA	NA	NA	NA	NA	NA	NA	NA	NA	NA	NA	NA	NA
29255	NA	Megara (2358)	43.71463	18.08447	NA	NA	BIH	NA	NA	2015-11-05	NA	NA	NA	NA	Terrestrial	Cave	NA	NA	Rhode stalitoides	NA	species	Dysderidae	Rhode	stalitoides	NA	NA	NA	Martina Pavlek	3	NA	NA	NA	NA	NA	Croatian Biospeleological Society, Zagreb, Croatia (CBSS)	NA	NA	NA	NA	NA	NA	NA	NA	NA	NA	NA	NA
29256	NA	Megara (2358)	43.71463	18.08447	NA	NA	BIH	NA	NA	1973-08-07	NA	NA	NA	NA	Terrestrial	Cave	NA	NA	Rhode stalitoides	NA	species	Dysderidae	Rhode	stalitoides	NA	NA	NA	NA	1	NA	NA	NA	NA	NA	NA	NA	NA	NA	NA	NA	NA	NA	NA	NA	NA	NA	NA
29257	NA	Megara (2358)	43.71463	18.08447	NA	NA	BIH	NA	NA	2015-11-05	NA	NA	NA	NA	Terrestrial	Cave	NA	NA	Rhode stalitoides	NA	species	Dysderidae	Rhode	stalitoides	NA	NA	NA	Martina Pavlek	1	NA	NA	NA	NA	NA	Croatian Biospeleological Society, Zagreb, Croatia (CBSS)	NA	NA	NA	NA	NA	NA	NA	NA	NA	NA	NA	NA
29258	NA	Megara (2358)	43.71463	18.08447	NA	NA	BIH	NA	NA	2011-11-20	NA	NA	NA	NA	Terrestrial	Cave	NA	NA	Rhode stalitoides	NA	species	Dysderidae	Rhode	stalitoides	NA	NA	NA	Martina Pavlek	1	NA	NA	NA	NA	NA	Croatian Biospeleological Society, Zagreb, Croatia (CBSS)	NA	NA	NA	NA	NA	NA	NA	NA	NA	NA	NA	NA
29259	NA	Megara (2358)	43.71463	18.08447	NA	NA	BIH	NA	NA	2015-11-05	NA	NA	NA	NA	Terrestrial	Cave	NA	NA	Rhode stalitoides	NA	species	Dysderidae	Rhode	stalitoides	NA	NA	NA	Martina Pavlek	2	NA	NA	NA	NA	NA	Croatian Biospeleological Society, Zagreb, Croatia (CBSS)	NA	NA	NA	NA	NA	NA	NA	NA	NA	NA	NA	NA
29260	NA	Megara (2358)	43.71463	18.08447	NA	NA	BIH	NA	NA	NA	NA	NA	NA	NA	Terrestrial	Cave	NA	NA	Rhode stalitoides	NA	species	Dysderidae	Rhode	stalitoides	NA	NA	NA	NA	NA	NA	NA	NA	NA	NA	NA	NA	NA	NA	NA	NA	NA	NA	NA	NA	NA	NA	NA
4433	NA	Megara (2358)	43.71463	18.08447	NA	NA	BIH	Lanište	NA	NA	NA	NA	NA	NA	Terrestrial	Cave	NA	NA	Lepthyphantes centromeroides	NA	species	Linyphiidae	Lepthyphantes	centromeroides	NA	NA	NA	NA	NA	NA	NA	NA	NA	NA	NA	NA	NA	NA	NA	NA	NA	NA	NA	NA	NA	NA	NA
4993	NA	Megara (2358)	43.71463	18.08447	NA	NA	BIH	Lanište	NA	NA	NA	NA	NA	NA	Terrestrial	Cave	NA	NA	Porrhomma convexum	NA	species	Linyphiidae	Porrhomma	convexum	NA	NA	NA	NA	NA	NA	NA	NA	NA	NA	NA	NA	NA	NA	NA	NA	NA	NA	NA	NA	NA	NA	NA
9289	NA	Megara (2358)	43.71463	18.08447	NA	NA	BIH	Lanište	NA	NA	NA	NA	NA	NA	Terrestrial	Cave	NA	NA	Troglohyphantes fugax	NA	species	Linyphiidae	Troglohyphantes	fugax	NA	NA	NA	NA	NA	NA	NA	NA	NA	NA	NA	NA	NA	NA	NA	NA	NA	NA	NA	NA	NA	NA	NA
11827	NA	Megara (2358)	43.71463	18.08447	NA	NA	BIH	Lanište	NA	NA	NA	NA	NA	NA	Terrestrial	Cave	NA	NA	Lepthyphantes leprosus	NA	species	Linyphiidae	Lepthyphantes	leprosus	NA	NA	NA	NA	NA	NA	NA	NA	NA	NA	NA	NA	NA	NA	NA	NA	NA	NA	NA	NA	NA	NA	NA
13363	NA	Megara (2358)	43.71463	18.08447	NA	NA	BIH	Lanište	NA	NA	NA	NA	NA	NA	Terrestrial	Cave	NA	NA	Meta menardi	NA	species	Tetragnathidae	Meta	menardi	NA	NA	NA	NA	NA	NA	NA	NA	NA	NA	NA	NA	NA	NA	NA	NA	NA	NA	NA	NA	NA	NA	NA
22968	NA	Megara (2358)	43.71463	18.08447	NA	NA	BIH	Lanište	NA	NA	NA	NA	NA	NA	Terrestrial	Cave	NA	NA	Fageiella patellata	NA	species	Linyphiidae	Fageiella	patellata	NA	NA	NA	NA	NA	NA	NA	NA	NA	NA	NA	NA	NA	NA	NA	NA	NA	NA	NA	NA	NA	NA	NA
29261	NA	Megara (2358)	43.71463	18.08447	NA	NA	BIH	Lanište	NA	NA	NA	NA	NA	NA	Terrestrial	Cave	NA	NA	Rhode stalitoides	NA	species	Dysderidae	Rhode	stalitoides	NA	NA	NA	NA	NA	NA	NA	NA	NA	NA	NA	NA	NA	NA	NA	NA	NA	NA	NA	NA	NA	NA	NA
9124	NA	Metalleio, Agios Kirikos (30m)	37.6191	26.2941	NA	NA	GRC	Dodekanisou	NA	NA	NA	NA	NA	NA	Terrestrial	Artificial gallery	NA	NA	Hoplopholcus figulus	NA	species	Pholcidae	Hoplopholcus	figulus	NA	NA	NA	NA	NA	NA	NA	NA	NA	NA	NA	NA	NA	NA	NA	NA	NA	NA	NA	NA	NA	NA	NA
10147	NA	Metalleio, Agios Kirikos (30m)	37.6191	26.2941	NA	NA	GRC	Dodekanisou	NA	NA	NA	NA	NA	NA	Terrestrial	Artificial gallery	NA	NA	Icariella hauseri	NA	species	Linyphiidae	Icariella	hauseri	NA	NA	NA	NA	NA	NA	NA	NA	NA	NA	NA	NA	NA	NA	NA	NA	NA	NA	NA	NA	NA	NA	NA
23335	NA	Metalleio, Agios Kirikos (30m)	37.6191	26.2941	NA	NA	GRC	Dodekanisou	NA	NA	NA	NA	NA	NA	Terrestrial	Cave	NA	NA	Pholcus phalangioides	NA	species	Pholcidae	Pholcus	phalangioides	NA	NA	NA	NA	NA	NA	NA	NA	NA	NA	NA	NA	NA	NA	NA	NA	NA	NA	NA	NA	NA	NA	NA
21728	NA	Milatos Cave	35.3082	25.57805	NA	NA	GRC	Lasithiou	NA	NA	NA	NA	NA	NA	Terrestrial	Cave	NA	NA	Hoplopholcus minotaurinus	NA	species	Pholcidae	Hoplopholcus	minotaurinus	NA	NA	NA	NA	NA	NA	NA	NA	NA	NA	NA	NA	NA	NA	NA	NA	NA	NA	NA	NA	NA	NA	NA
21729	NA	Milatos Cave	35.3082	25.57805	NA	NA	GRC	Lasithiou	NA	NA	NA	NA	NA	NA	Terrestrial	Cave	NA	NA	Hoplopholcus minotaurinus	NA	species	Pholcidae	Hoplopholcus	minotaurinus	NA	NA	NA	NA	NA	NA	NA	NA	NA	NA	NA	NA	NA	NA	NA	NA	NA	NA	NA	NA	NA	NA	NA
21730	NA	Milatos Cave	35.3082	25.57805	NA	NA	GRC	Lasithiou	NA	NA	NA	NA	NA	NA	Terrestrial	Cave	NA	NA	Hoplopholcus minotaurinus	NA	species	Pholcidae	Hoplopholcus	minotaurinus	NA	NA	NA	NA	NA	NA	NA	NA	NA	NA	NA	NA	NA	NA	NA	NA	NA	NA	NA	NA	NA	NA	NA
762	NA	Milatos Cave	35.30847	25.57805	NA	NA	GRC	Lasithiou	NA	NA	NA	NA	NA	NA	Terrestrial	Cave	NA	NA	Minotauria attemsi	NA	species	Dysderidae	Minotauria	attemsi	NA	NA	NA	NA	NA	NA	NA	NA	NA	NA	NA	NA	NA	NA	NA	NA	NA	NA	NA	NA	NA	NA	NA
5561	NA	Milatos Cave	35.30847	25.57805	NA	NA	GRC	Lasithiou	NA	NA	NA	NA	NA	NA	Terrestrial	Cave	NA	NA	Sulcia cretica	NA	species	Leptonetidae	Sulcia	cretica	NA	NA	NA	NA	NA	NA	NA	NA	NA	NA	NA	NA	NA	NA	NA	NA	NA	NA	NA	NA	NA	NA	NA
5562	NA	Milatos Cave	35.30847	25.57805	NA	NA	GRC	Lasithiou	NA	NA	NA	NA	NA	NA	Terrestrial	Cave	NA	NA	Sulcia cretica	NA	species	Leptonetidae	Sulcia	cretica	NA	NA	NA	NA	NA	NA	NA	NA	NA	NA	NA	NA	NA	NA	NA	NA	NA	NA	NA	NA	NA	NA	NA
22810	NA	Milatos Cave	35.30847	25.57805	NA	NA	GRC	Lasithiou	NA	NA	NA	NA	NA	NA	Terrestrial	Cave	NA	NA	Tegenaria parietina	NA	species	Agelenidae	Tegenaria	parietina	NA	NA	NA	NA	NA	NA	NA	NA	NA	NA	NA	NA	NA	NA	NA	NA	NA	NA	NA	NA	NA	NA	NA
17834	NA	Mina San Francisco, Muskiz	43.32654	-3.147	NA	NA	ESP	Vizcaya	NA	NA	NA	NA	NA	NA	Terrestrial	Cave	NA	NA	Meta menardi	NA	species	Tetragnathidae	Meta	menardi	NA	NA	NA	NA	NA	NA	NA	NA	NA	NA	NA	NA	NA	NA	NA	NA	NA	NA	NA	NA	NA	NA	NA
17740	NA	Mina San Francisco, Muskiz	43.32654	-3.147	NA	NA	ESP	NA	NA	NA	NA	NA	NA	NA	Terrestrial	Cave	NA	NA	Meta menardi	NA	species	Tetragnathidae	Meta	menardi	NA	NA	NA	NA	NA	NA	NA	NA	NA	NA	NA	NA	NA	NA	NA	NA	NA	NA	NA	NA	NA	NA	NA
4312	NA	Mina San Joaquín, Oiartzun	43.28576	-1.79859	NA	NA	ESP	Gipuzkoa	NA	NA	NA	NA	NA	NA	Terrestrial	Cave	NA	NA	Nesticus cellulanus	NA	species	Nesticidae	Nesticus	cellulanus	NA	NA	NA	NA	NA	NA	NA	NA	NA	NA	NA	NA	NA	NA	NA	NA	NA	NA	NA	NA	NA	NA	NA
4291	NA	Mina San Joaquín, Oiartzun	43.28576	-1.79859	NA	NA	ESP	NA	NA	NA	NA	NA	NA	NA	Terrestrial	Cave	NA	NA	Nesticus cellulanus	NA	species	Nesticidae	Nesticus	cellulanus	NA	NA	NA	NA	NA	NA	NA	NA	NA	NA	NA	NA	NA	NA	NA	NA	NA	NA	NA	NA	NA	NA	NA
3776	NA	Naousa Cave	40.628	22.07	NA	NA	GRC	Imathias	NA	NA	NA	NA	NA	NA	Terrestrial	Cave	NA	NA	Nesticus cellulanus	NA	species	Nesticidae	Nesticus	cellulanus	NA	NA	NA	NA	NA	NA	NA	NA	NA	NA	NA	NA	NA	NA	NA	NA	NA	NA	NA	NA	NA	NA	NA
5225	NA	Naousa Cave	40.628	22.07	NA	NA	GRC	Imathias	NA	NA	NA	NA	NA	NA	Terrestrial	Cave	NA	NA	Porrhomma convexum	NA	species	Linyphiidae	Porrhomma	convexum	NA	NA	NA	NA	NA	NA	NA	NA	NA	NA	NA	NA	NA	NA	NA	NA	NA	NA	NA	NA	NA	NA	NA
1432	NA	Naousa Cave	40.628	22.07	NA	NA	GRC	Imathias	NA	NA	NA	NA	NA	NA	Terrestrial	Cave	NA	NA	Meta bourneti	NA	species	Tetragnathidae	Meta	bourneti	NA	NA	NA	NA	NA	NA	NA	NA	NA	NA	NA	NA	NA	NA	NA	NA	NA	NA	NA	NA	NA	NA	NA
19733	NA	Naousa Cave	40.628	22.07	NA	NA	GRC	Imathias	NA	NA	NA	NA	NA	NA	Terrestrial	Cave	NA	NA	Metellina merianae	NA	species	Tetragnathidae	Metellina	merianae	NA	NA	NA	NA	NA	NA	NA	NA	NA	NA	NA	NA	NA	NA	NA	NA	NA	NA	NA	NA	NA	NA	NA
22793	NA	Naousa Cave	40.628	22.07	NA	NA	GRC	Imathias	NA	NA	NA	NA	NA	NA	Terrestrial	Cave	NA	NA	Tegenaria parietina	NA	species	Agelenidae	Tegenaria	parietina	NA	NA	NA	NA	NA	NA	NA	NA	NA	NA	NA	NA	NA	NA	NA	NA	NA	NA	NA	NA	NA	NA	NA
13515	NA	Neka škuljica	44.95631	15.53096	NA	NA	HRV	NA	NA	2022-09-13	NA	NA	NA	NA	Terrestrial	Cave	NA	NA	Meta menardi	NA	species	Tetragnathidae	Meta	menardi	NA	NA	NA	Tin Rožman	1	NA	NA	NA	NA	NA	Croatian Biospeleological Society, Zagreb, Croatia (CBSS)	NA	NA	NA	NA	NA	NA	NA	NA	NA	NA	NA	NA
19287	NA	Neka škuljica	44.95631	15.53096	NA	NA	HRV	NA	NA	2022-09-13	NA	NA	NA	NA	Terrestrial	Cave	NA	NA	Metellina merianae	NA	species	Tetragnathidae	Metellina	merianae	NA	NA	NA	Tin Rožman	1	NA	NA	NA	NA	NA	Croatian Biospeleological Society, Zagreb, Croatia (CBSS)	NA	NA	NA	NA	NA	NA	NA	NA	NA	NA	NA	NA
25333	NA	Neka škuljica	44.95631	15.53096	NA	NA	HRV	NA	NA	2022-09-13	NA	NA	NA	NA	Terrestrial	Cave	NA	NA	Tegenaria silvestris	NA	species	Agelenidae	Tegenaria	silvestris	NA	NA	NA	Tin Rožman	1	NA	NA	NA	NA	NA	Croatian Biospeleological Society, Zagreb, Croatia (CBSS)	NA	NA	NA	NA	NA	NA	NA	NA	NA	NA	NA	NA
25335	NA	Neka škuljica	44.95631	15.53096	NA	NA	HRV	NA	NA	2022-09-17	NA	NA	NA	NA	Terrestrial	Cave	NA	NA	Tegenaria silvestris	NA	species	Agelenidae	Tegenaria	silvestris	NA	NA	NA	Tin Rožman	2	NA	NA	NA	NA	NA	Croatian Biospeleological Society, Zagreb, Croatia (CBSS)	NA	NA	NA	NA	NA	NA	NA	NA	NA	NA	NA	NA
11534	NA	Neka škuljica	44.95631	15.53096	NA	NA	HRV	NA	NA	2022-09-13	NA	NA	NA	NA	Terrestrial, Surface	Shallow Subterranean Habitats (SSH)	NA	NA	Troglohyphantes kordunlikanus	NA	species	Linyphiidae	Troglohyphantes	kordunlikanus	NA	NA	NA	Tin Rožman	1	NA	NA	NA	NA	NA	Croatian Biospeleological Society, Zagreb, Croatia (CBSS)	NA	NA	NA	NA	NA	NA	NA	NA	NA	NA	NA	NA
25379	NA	Neka škuljica	44.95631	15.53096	NA	NA	HRV	NA	NA	2022-09-13	NA	NA	NA	NA	Terrestrial, Surface	Shallow Subterranean Habitats (SSH)	NA	NA	Tegenaria silvestris	NA	species	Agelenidae	Tegenaria	silvestris	NA	NA	NA	Tin Rožman	1	NA	NA	NA	NA	NA	Croatian Biospeleological Society, Zagreb, Croatia (CBSS)	NA	NA	NA	NA	NA	NA	NA	NA	NA	NA	NA	NA
3251	NA	Nikolićeva pećina	44.90603	15.61746	NA	NA	HRV	NA	NA	2024-06-05	NA	NA	NA	NA	Terrestrial	Cave	NA	NA	Nesticus cellulanus	NA	species	Nesticidae	Nesticus	cellulanus	NA	NA	NA	Iva Čupić	2	NA	NA	NA	NA	NA	Croatian Biospeleological Society, Zagreb, Croatia (CBSS)	NA	NA	NA	NA	NA	NA	NA	NA	NA	NA	NA	NA
3349	NA	Nikolićeva pećina	44.90603	15.61746	NA	NA	HRV	NA	NA	2023-05-08	NA	NA	NA	NA	Terrestrial	Cave	NA	NA	Nesticus cellulanus	NA	species	Nesticidae	Nesticus	cellulanus	NA	NA	NA	Martina Pavlek	1	NA	NA	NA	NA	NA	Croatian Biospeleological Society, Zagreb, Croatia (CBSS)	NA	NA	NA	NA	NA	NA	NA	NA	NA	NA	NA	NA
3433	NA	Nikolićeva pećina	44.90603	15.61746	NA	NA	HRV	NA	NA	2024-06-05	NA	NA	NA	NA	Terrestrial	Cave	NA	NA	Nesticus cellulanus	NA	species	Nesticidae	Nesticus	cellulanus	NA	NA	NA	Iva Čupić	1	NA	NA	NA	NA	NA	Croatian Biospeleological Society, Zagreb, Croatia (CBSS)	NA	NA	NA	NA	NA	NA	NA	NA	NA	NA	NA	NA
3488	NA	Nikolićeva pećina	44.90603	15.61746	NA	NA	HRV	NA	NA	2023-09-15	NA	NA	NA	NA	Terrestrial	Cave	NA	NA	Nesticus cellulanus	NA	species	Nesticidae	Nesticus	cellulanus	NA	NA	NA	Martina Pavlek	3	NA	NA	NA	NA	NA	Croatian Biospeleological Society, Zagreb, Croatia (CBSS)	NA	NA	NA	NA	NA	NA	NA	NA	NA	NA	NA	NA
13599	NA	Nikolićeva pećina	44.90603	15.61746	NA	NA	HRV	NA	NA	2023-09-15	NA	NA	NA	NA	Terrestrial	Cave	NA	NA	Meta menardi	NA	species	Tetragnathidae	Meta	menardi	NA	NA	NA	Martina Pavlek	1	NA	NA	NA	NA	NA	Croatian Biospeleological Society, Zagreb, Croatia (CBSS)	NA	NA	NA	NA	NA	NA	NA	NA	NA	NA	NA	NA
25350	NA	Nikolićeva pećina	44.90603	15.61746	NA	NA	HRV	NA	NA	2023-05-08	NA	NA	NA	NA	Terrestrial	Cave	NA	NA	Tegenaria silvestris	NA	species	Agelenidae	Tegenaria	silvestris	NA	NA	NA	Martina Pavlek	1	NA	NA	NA	NA	NA	Croatian Biospeleological Society, Zagreb, Croatia (CBSS)	NA	NA	NA	NA	NA	NA	NA	NA	NA	NA	NA	NA
29272	NA	Nikolićeva pećina	44.90603	15.61746	NA	NA	HRV	NA	NA	2023-05-08	NA	NA	NA	NA	Terrestrial	Cave	NA	NA	Dysderocrates storkani	NA	species	Dysderidae	Dysderocrates	storkani	NA	NA	NA	Iva Čupić	1	NA	NA	NA	NA	NA	Croatian Biospeleological Society, Zagreb, Croatia (CBSS)	NA	NA	NA	NA	NA	NA	NA	NA	NA	NA	NA	NA
25378	NA	Nikolićeva pećina	44.90603	15.61746	NA	NA	HRV	NA	NA	2023-09-15	NA	NA	NA	NA	Terrestrial, Surface	Shallow Subterranean Habitats (SSH)	NA	NA	Tegenaria silvestris	NA	species	Agelenidae	Tegenaria	silvestris	NA	NA	NA	Martina Pavlek	1	NA	NA	NA	NA	NA	Croatian Biospeleological Society, Zagreb, Croatia (CBSS)	NA	NA	NA	NA	NA	NA	NA	NA	NA	NA	NA	NA
28268	NA	Ostaševica	42.74896	17.5444	NA	NA	HRV	NA	NA	2021-10-04	NA	NA	NA	NA	Terrestrial, Surface	Shallow Subterranean Habitats (SSH)	NA	NA	Harpactea sp. 12	TRUE	species	Dysderidae	Harpactea	sp. 12	NA	NA	NA	Martina Pavlek	1	NA	NA	NA	NA	NA	Croatian Biospeleological Society, Zagreb, Croatia (CBSS)	NA	NA	NA	NA	NA	NA	NA	NA	NA	NA	NA	NA
4865	NA	Pavlova pećina (2514)	42.66667	18.3075	NA	NA	BIH	NA	NA	NA	NA	NA	NA	NA	Terrestrial	Cave	NA	NA	Histopona conveniens	NA	species	Agelenidae	Histopona	conveniens	NA	NA	NA	NA	NA	NA	NA	NA	NA	NA	NA	NA	NA	NA	NA	NA	NA	NA	NA	NA	NA	NA	NA
22898	NA	Pavlova pećina (2514)	42.66667	18.3075	NA	NA	BIH	NA	NA	2015-11-05	NA	NA	NA	NA	Terrestrial	Cave	NA	NA	Typhlonesticus parvus	NA	species	Nesticidae	Typhlonesticus	parvus	NA	NA	NA	Martina Pavlek	1	NA	NA	NA	NA	NA	Croatian Biospeleological Society, Zagreb, Croatia (CBSS)	NA	NA	NA	NA	NA	NA	NA	NA	NA	NA	NA	NA
22899	NA	Pavlova pećina (2514)	42.66667	18.3075	NA	NA	BIH	NA	NA	2012-03-30	NA	NA	NA	NA	Terrestrial	Cave	NA	NA	Typhlonesticus parvus	NA	species	Nesticidae	Typhlonesticus	parvus	NA	NA	NA	Martina Pavlek	3	NA	NA	NA	NA	NA	Croatian Biospeleological Society, Zagreb, Croatia (CBSS)	NA	NA	NA	NA	NA	NA	NA	NA	NA	NA	NA	NA
22900	NA	Pavlova pećina (2514)	42.66667	18.3075	NA	NA	BIH	NA	NA	2012-03-30	NA	NA	NA	NA	Terrestrial	Cave	NA	NA	Typhlonesticus parvus	NA	species	Nesticidae	Typhlonesticus	parvus	NA	NA	NA	Martina Pavlek	1	NA	NA	NA	NA	NA	Croatian Biospeleological Society, Zagreb, Croatia (CBSS)	NA	NA	NA	NA	NA	NA	NA	NA	NA	NA	NA	NA
22901	NA	Pavlova pećina (2514)	42.66667	18.3075	NA	NA	BIH	NA	NA	2015-11-06	NA	NA	NA	NA	Terrestrial	Cave	NA	NA	Typhlonesticus parvus	NA	species	Nesticidae	Typhlonesticus	parvus	NA	NA	NA	Martina Pavlek	3	NA	NA	NA	NA	NA	Croatian Biospeleological Society, Zagreb, Croatia (CBSS)	NA	NA	NA	NA	NA	NA	NA	NA	NA	NA	NA	NA
22904	NA	Pavlova pećina (2514)	42.66667	18.3075	NA	NA	BIH	NA	NA	NA	NA	NA	NA	NA	Terrestrial	Cave	NA	NA	Typhlonesticus parvus	NA	species	Nesticidae	Typhlonesticus	parvus	NA	NA	NA	NA	2	NA	NA	NA	NA	NA	NA	NA	NA	NA	NA	NA	NA	NA	NA	NA	NA	NA	NA
22905	NA	Pavlova pećina (2514)	42.66667	18.3075	NA	NA	BIH	NA	NA	NA	NA	NA	NA	NA	Terrestrial	Cave	NA	NA	Typhlonesticus parvus	NA	species	Nesticidae	Typhlonesticus	parvus	NA	NA	NA	NA	NA	NA	NA	NA	NA	NA	NA	NA	NA	NA	NA	NA	NA	NA	NA	NA	NA	NA	NA
22906	NA	Pavlova pećina (2514)	42.66667	18.3075	NA	NA	BIH	NA	NA	2010-04-19	NA	NA	NA	NA	Terrestrial	Cave	NA	NA	Typhlonesticus parvus	NA	species	Nesticidae	Typhlonesticus	parvus	NA	NA	NA	Martina Pavlek	1	NA	NA	NA	NA	NA	Croatian Biospeleological Society, Zagreb, Croatia (CBSS)	NA	NA	NA	NA	NA	NA	NA	NA	NA	NA	NA	NA
22907	NA	Pavlova pećina (2514)	42.66667	18.3075	NA	NA	BIH	NA	NA	2012-03-30	NA	NA	NA	NA	Terrestrial	Cave	NA	NA	Typhlonesticus parvus	NA	species	Nesticidae	Typhlonesticus	parvus	NA	NA	NA	Martina Pavlek	3	NA	NA	NA	NA	NA	Croatian Biospeleological Society, Zagreb, Croatia (CBSS)	NA	NA	NA	NA	NA	NA	NA	NA	NA	NA	NA	NA
22908	NA	Pavlova pećina (2514)	42.66667	18.3075	NA	NA	BIH	NA	NA	2015-10-25	NA	NA	NA	NA	Terrestrial	Cave	NA	NA	Typhlonesticus parvus	NA	species	Nesticidae	Typhlonesticus	parvus	NA	NA	NA	Martina Pavlek	12	NA	NA	NA	NA	NA	Croatian Biospeleological Society, Zagreb, Croatia (CBSS)	NA	NA	NA	NA	NA	NA	NA	NA	NA	NA	NA	NA
22909	NA	Pavlova pećina (2514)	42.66667	18.3075	NA	NA	BIH	NA	NA	2015-10-25	NA	NA	NA	NA	Terrestrial	Cave	NA	NA	Typhlonesticus parvus	NA	species	Nesticidae	Typhlonesticus	parvus	NA	NA	NA	Martina Pavlek	4	NA	NA	NA	NA	NA	Croatian Biospeleological Society, Zagreb, Croatia (CBSS)	NA	NA	NA	NA	NA	NA	NA	NA	NA	NA	NA	NA
22912	NA	Pavlova pećina (2514)	42.66667	18.3075	NA	NA	BIH	NA	NA	NA	NA	NA	NA	NA	Terrestrial	Cave	NA	NA	Typhlonesticus parvus	NA	species	Nesticidae	Typhlonesticus	parvus	NA	NA	NA	NA	NA	NA	NA	NA	NA	NA	NA	NA	NA	NA	NA	NA	NA	NA	NA	NA	NA	NA	NA
26178	NA	Pavlova pećina (2514)	42.66667	18.3075	NA	NA	BIH	NA	NA	1912-07-20	NA	NA	NA	NA	Terrestrial	Cave	NA	NA	Stygopholcus skotophilus	NA	species	Pholcidae	Stygopholcus	skotophilus	NA	NA	NA	NA	NA	NA	NA	NA	NA	NA	NA	NA	NA	NA	NA	NA	NA	NA	NA	NA	NA	NA	NA
26186	NA	Pavlova pećina (2514)	42.66667	18.3075	NA	NA	BIH	NA	NA	NA	NA	NA	NA	NA	Terrestrial	Cave	NA	NA	Stygopholcus skotophilus	NA	species	Pholcidae	Stygopholcus	skotophilus	NA	NA	NA	NA	NA	NA	NA	NA	NA	NA	NA	NA	NA	NA	NA	NA	NA	NA	NA	NA	NA	NA	NA
26187	NA	Pavlova pećina (2514)	42.66667	18.3075	NA	NA	BIH	NA	NA	NA	NA	NA	NA	NA	Terrestrial	Cave	NA	NA	Stygopholcus skotophilus	NA	species	Pholcidae	Stygopholcus	skotophilus	NA	NA	NA	NA	NA	NA	NA	NA	NA	NA	NA	NA	NA	NA	NA	NA	NA	NA	NA	NA	NA	NA	NA
28377	NA	Pavlova pećina (2514)	42.66667	18.3075	NA	NA	BIH	NA	NA	2010-04-19	NA	NA	NA	NA	Terrestrial	Cave	NA	NA	Stalagtia sp. 2	TRUE	species	Dysderidae	Stalagtia	sp. 2	NA	NA	NA	Nikola Pischiutta	3	NA	NA	NA	NA	NA	Croatian Biospeleological Society, Zagreb, Croatia (CBSS)	NA	NA	NA	NA	NA	NA	NA	NA	NA	NA	NA	NA
28379	NA	Pavlova pećina (2514)	42.66667	18.3075	NA	NA	BIH	NA	NA	2015-11-06	NA	NA	NA	NA	Terrestrial	Cave	NA	NA	Stalagtia sp. 2	TRUE	species	Dysderidae	Stalagtia	sp. 2	NA	NA	NA	Nikola Pischiutta	2	NA	NA	NA	NA	NA	Croatian Biospeleological Society, Zagreb, Croatia (CBSS)	NA	NA	NA	NA	NA	NA	NA	NA	NA	NA	NA	NA
28381	NA	Pavlova pećina (2514)	42.66667	18.3075	NA	NA	BIH	NA	NA	2010-04-19	NA	NA	NA	NA	Terrestrial	Cave	NA	NA	Stalagtia sp. 2	TRUE	species	Dysderidae	Stalagtia	sp. 2	NA	NA	NA	Nikola Pischiutta	1	NA	NA	NA	NA	NA	Croatian Biospeleological Society, Zagreb, Croatia (CBSS)	NA	NA	NA	NA	NA	NA	NA	NA	NA	NA	NA	NA
28382	NA	Pavlova pećina (2514)	42.66667	18.3075	NA	NA	BIH	NA	NA	2012-03-30	NA	NA	NA	NA	Terrestrial	Cave	NA	NA	Stalagtia sp. 2	TRUE	species	Dysderidae	Stalagtia	sp. 2	NA	NA	NA	Nikola Pischiutta	2	NA	NA	NA	NA	NA	Croatian Biospeleological Society, Zagreb, Croatia (CBSS)	NA	NA	NA	NA	NA	NA	NA	NA	NA	NA	NA	NA
28384	NA	Pavlova pećina (2514)	42.66667	18.3075	NA	NA	BIH	NA	NA	2007-01-28	NA	NA	NA	NA	Terrestrial	Cave	NA	NA	Stalagtia sp. 2	TRUE	species	Dysderidae	Stalagtia	sp. 2	NA	NA	NA	Nikola Pischiutta	1	NA	NA	NA	NA	NA	Croatian Biospeleological Society, Zagreb, Croatia (CBSS)	NA	NA	NA	NA	NA	NA	NA	NA	NA	NA	NA	NA
28385	NA	Pavlova pećina (2514)	42.66667	18.3075	NA	NA	BIH	NA	NA	2020-09-08	NA	NA	NA	NA	Terrestrial	Cave	NA	NA	Stalagtia sp. 2	TRUE	species	Dysderidae	Stalagtia	sp. 2	NA	NA	NA	Nikola Pischiutta	2	NA	NA	NA	NA	NA	Croatian Biospeleological Society, Zagreb, Croatia (CBSS)	NA	NA	NA	NA	NA	NA	NA	NA	NA	NA	NA	NA
28386	NA	Pavlova pećina (2514)	42.66667	18.3075	NA	NA	BIH	NA	NA	2007-01-28	NA	NA	NA	NA	Terrestrial	Cave	NA	NA	Stalagtia sp. 2	TRUE	species	Dysderidae	Stalagtia	sp. 2	NA	NA	NA	Nikola Pischiutta	1	NA	NA	NA	NA	NA	Croatian Biospeleological Society, Zagreb, Croatia (CBSS)	NA	NA	NA	NA	NA	NA	NA	NA	NA	NA	NA	NA
28387	NA	Pavlova pećina (2514)	42.66667	18.3075	NA	NA	BIH	NA	NA	2010-04-19	NA	NA	NA	NA	Terrestrial	Cave	NA	NA	Stalagtia sp. 2	TRUE	species	Dysderidae	Stalagtia	sp. 2	NA	NA	NA	Nikola Pischiutta	1	NA	NA	NA	NA	NA	Croatian Biospeleological Society, Zagreb, Croatia (CBSS)	NA	NA	NA	NA	NA	NA	NA	NA	NA	NA	NA	NA
28388	NA	Pavlova pećina (2514)	42.66667	18.3075	NA	NA	BIH	NA	NA	2012-03-30	NA	NA	NA	NA	Terrestrial	Cave	NA	NA	Stalagtia sp. 2	TRUE	species	Dysderidae	Stalagtia	sp. 2	NA	NA	NA	Nikola Pischiutta	1	NA	NA	NA	NA	NA	Croatian Biospeleological Society, Zagreb, Croatia (CBSS)	NA	NA	NA	NA	NA	NA	NA	NA	NA	NA	NA	NA
28389	NA	Pavlova pećina (2514)	42.66667	18.3075	NA	NA	BIH	NA	NA	2015-10-25	NA	NA	NA	NA	Terrestrial	Cave	NA	NA	Stalagtia sp. 2	TRUE	species	Dysderidae	Stalagtia	sp. 2	NA	NA	NA	Nikola Pischiutta	1	NA	NA	NA	NA	NA	Croatian Biospeleological Society, Zagreb, Croatia (CBSS)	NA	NA	NA	NA	NA	NA	NA	NA	NA	NA	NA	NA
28390	NA	Pavlova pećina (2514)	42.66667	18.3075	NA	NA	BIH	NA	NA	2015-11-06	NA	NA	NA	NA	Terrestrial	Cave	NA	NA	Stalagtia sp. 2	TRUE	species	Dysderidae	Stalagtia	sp. 2	NA	NA	NA	Nikola Pischiutta	1	NA	NA	NA	NA	NA	Croatian Biospeleological Society, Zagreb, Croatia (CBSS)	NA	NA	NA	NA	NA	NA	NA	NA	NA	NA	NA	NA
28391	NA	Pavlova pećina (2514)	42.66667	18.3075	NA	NA	BIH	NA	NA	NA	NA	NA	NA	NA	Terrestrial	Cave	NA	NA	Stalagtia sp. 2	TRUE	species	Dysderidae	Stalagtia	sp. 2	NA	NA	NA	NA	NA	NA	NA	NA	NA	NA	NA	NA	NA	NA	NA	NA	NA	NA	NA	NA	NA	NA	NA
28399	NA	Pavlova pećina (2514)	42.66667	18.3075	NA	NA	BIH	NA	NA	2010-04-19	NA	NA	NA	NA	Terrestrial	Cave	NA	NA	Stalagtia sp. 2	TRUE	species	Dysderidae	Stalagtia	sp. 2	NA	NA	NA	Nikola Pischiutta	1	NA	NA	NA	NA	NA	Croatian Biospeleological Society, Zagreb, Croatia (CBSS)	NA	NA	NA	NA	NA	NA	NA	NA	NA	NA	NA	NA
28400	NA	Pavlova pećina (2514)	42.66667	18.3075	NA	NA	BIH	NA	NA	2012-03-30	NA	NA	NA	NA	Terrestrial	Cave	NA	NA	Stalagtia sp. 2	TRUE	species	Dysderidae	Stalagtia	sp. 2	NA	NA	NA	Nikola Pischiutta	2	NA	NA	NA	NA	NA	Croatian Biospeleological Society, Zagreb, Croatia (CBSS)	NA	NA	NA	NA	NA	NA	NA	NA	NA	NA	NA	NA
28403	NA	Pavlova pećina (2514)	42.66667	18.3075	NA	NA	BIH	NA	NA	2015-10-25	NA	NA	NA	NA	Terrestrial	Cave	NA	NA	Stalagtia sp. 2	TRUE	species	Dysderidae	Stalagtia	sp. 2	NA	NA	NA	Martina Pavlek	1	NA	NA	NA	NA	NA	Croatian Biospeleological Society, Zagreb, Croatia (CBSS)	NA	NA	NA	NA	NA	NA	NA	NA	NA	NA	NA	NA
28404	NA	Pavlova pećina (2514)	42.66667	18.3075	NA	NA	BIH	NA	NA	NA	NA	NA	NA	NA	Terrestrial	Cave	NA	NA	Stalagtia sp. 2	TRUE	species	Dysderidae	Stalagtia	sp. 2	NA	NA	NA	NA	1	NA	NA	NA	NA	NA	NA	NA	NA	NA	NA	NA	NA	NA	NA	NA	NA	NA	NA
28405	NA	Pavlova pećina (2514)	42.66667	18.3075	NA	NA	BIH	NA	NA	NA	NA	NA	NA	NA	Terrestrial	Cave	NA	NA	Stalagtia sp. 2	TRUE	species	Dysderidae	Stalagtia	sp. 2	NA	NA	NA	NA	NA	NA	NA	NA	NA	NA	NA	NA	NA	NA	NA	NA	NA	NA	NA	NA	NA	NA	NA
28407	NA	Pavlova pećina (2514)	42.66667	18.3075	NA	NA	BIH	NA	NA	2015-10-25	NA	NA	NA	NA	Terrestrial	Cave	NA	NA	Stalagtia sp. 2	TRUE	species	Dysderidae	Stalagtia	sp. 2	NA	NA	NA	Martina Pavlek	NA	NA	NA	NA	NA	NA	Croatian Biospeleological Society, Zagreb, Croatia (CBSS)	NA	NA	NA	NA	NA	NA	NA	NA	NA	NA	NA	NA
29837	NA	Pavlova pećina (2514)	42.66667	18.3075	NA	NA	BIH	NA	NA	2015-11-06	NA	NA	NA	NA	Terrestrial	Cave	NA	NA	Centromerus subcaecus	NA	species	Linyphiidae	Centromerus	subcaecus	NA	NA	NA	Christo Deltshev	2	NA	NA	NA	NA	NA	Croatian Biospeleological Society, Zagreb, Croatia (CBSS)	NA	NA	NA	NA	NA	NA	NA	NA	NA	NA	NA	NA
29838	NA	Pavlova pećina (2514)	42.66667	18.3075	NA	NA	BIH	NA	NA	2012-03-30	NA	NA	NA	NA	Terrestrial	Cave	NA	NA	Centromerus subcaecus	NA	species	Linyphiidae	Centromerus	subcaecus	NA	NA	NA	Christo Deltshev	2	NA	NA	NA	NA	NA	Croatian Biospeleological Society, Zagreb, Croatia (CBSS)	NA	NA	NA	NA	NA	NA	NA	NA	NA	NA	NA	NA
29839	NA	Pavlova pećina (2514)	42.66667	18.3075	NA	NA	BIH	NA	NA	2007-01-28	NA	NA	NA	NA	Terrestrial	Cave	NA	NA	Centromerus subcaecus	NA	species	Linyphiidae	Centromerus	subcaecus	NA	NA	NA	Christo Deltshev	1	NA	NA	NA	NA	NA	Croatian Biospeleological Society, Zagreb, Croatia (CBSS)	NA	NA	NA	NA	NA	NA	NA	NA	NA	NA	NA	NA
29840	NA	Pavlova pećina (2514)	42.66667	18.3075	NA	NA	BIH	NA	NA	2012-03-30	NA	NA	NA	NA	Terrestrial	Cave	NA	NA	Centromerus subcaecus	NA	species	Linyphiidae	Centromerus	subcaecus	NA	NA	NA	Christo Deltshev	5	NA	NA	NA	NA	NA	Croatian Biospeleological Society, Zagreb, Croatia (CBSS)	NA	NA	NA	NA	NA	NA	NA	NA	NA	NA	NA	NA
29841	NA	Pavlova pećina (2514)	42.66667	18.3075	NA	NA	BIH	NA	NA	2015-10-25	NA	NA	NA	NA	Terrestrial	Cave	NA	NA	Centromerus subcaecus	NA	species	Linyphiidae	Centromerus	subcaecus	NA	NA	NA	Christo Deltshev	5	NA	NA	NA	NA	NA	Croatian Biospeleological Society, Zagreb, Croatia (CBSS)	NA	NA	NA	NA	NA	NA	NA	NA	NA	NA	NA	NA
29842	NA	Pavlova pećina (2514)	42.66667	18.3075	NA	NA	BIH	NA	NA	NA	NA	NA	NA	NA	Terrestrial	Cave	NA	NA	Centromerus subcaecus	NA	species	Linyphiidae	Centromerus	subcaecus	NA	NA	NA	NA	1	NA	NA	NA	NA	NA	NA	NA	NA	NA	NA	NA	NA	NA	NA	NA	NA	NA	NA
29843	NA	Pavlova pećina (2514)	42.66667	18.3075	NA	NA	BIH	NA	NA	2010-04-19	NA	NA	NA	NA	Terrestrial	Cave	NA	NA	Centromerus subcaecus	NA	species	Linyphiidae	Centromerus	subcaecus	NA	NA	NA	Christo Deltshev	1	NA	NA	NA	NA	NA	Croatian Biospeleological Society, Zagreb, Croatia (CBSS)	NA	NA	NA	NA	NA	NA	NA	NA	NA	NA	NA	NA
29844	NA	Pavlova pećina (2514)	42.66667	18.3075	NA	NA	BIH	NA	NA	2012-03-30	NA	NA	NA	NA	Terrestrial	Cave	NA	NA	Centromerus subcaecus	NA	species	Linyphiidae	Centromerus	subcaecus	NA	NA	NA	Christo Deltshev	7	NA	NA	NA	NA	NA	Croatian Biospeleological Society, Zagreb, Croatia (CBSS)	NA	NA	NA	NA	NA	NA	NA	NA	NA	NA	NA	NA
29846	NA	Pavlova pećina (2514)	42.66667	18.3075	NA	NA	BIH	NA	NA	2015-10-25	NA	NA	NA	NA	Terrestrial	Cave	NA	NA	Centromerus subcaecus	NA	species	Linyphiidae	Centromerus	subcaecus	NA	NA	NA	Christo Deltshev	7	NA	NA	NA	NA	NA	Croatian Biospeleological Society, Zagreb, Croatia (CBSS)	NA	NA	NA	NA	NA	NA	NA	NA	NA	NA	NA	NA
29847	NA	Pavlova pećina (2514)	42.66667	18.3075	NA	NA	BIH	NA	NA	2015-10-25	NA	NA	NA	NA	Terrestrial	Cave	NA	NA	Centromerus subcaecus	NA	species	Linyphiidae	Centromerus	subcaecus	NA	NA	NA	Christo Deltshev	1	NA	NA	NA	NA	NA	Croatian Biospeleological Society, Zagreb, Croatia (CBSS)	NA	NA	NA	NA	NA	NA	NA	NA	NA	NA	NA	NA
29852	NA	Pavlova pećina (2514)	42.66667	18.3075	NA	NA	BIH	NA	NA	NA	NA	NA	NA	NA	Terrestrial	Cave	NA	NA	Centromerus subcaecus	NA	species	Linyphiidae	Centromerus	subcaecus	NA	NA	NA	NA	NA	NA	NA	NA	NA	NA	NA	NA	NA	NA	NA	NA	NA	NA	NA	NA	NA	NA	NA
29854	NA	Pavlova pećina (2514)	42.66667	18.3075	NA	NA	BIH	NA	NA	2015-10-25	NA	NA	NA	NA	Terrestrial	Cave	NA	NA	Centromerus subcaecus	NA	species	Linyphiidae	Centromerus	subcaecus	NA	NA	NA	Christo Deltshev	1	NA	NA	NA	NA	NA	Croatian Biospeleological Society, Zagreb, Croatia (CBSS)	NA	NA	NA	NA	NA	NA	NA	NA	NA	NA	NA	NA
29855	NA	Pavlova pećina (2514)	42.66667	18.3075	NA	NA	BIH	NA	NA	2015-10-25	NA	NA	NA	NA	Terrestrial	Cave	NA	NA	Centromerus subcaecus	NA	species	Linyphiidae	Centromerus	subcaecus	NA	NA	NA	Christo Deltshev	2	NA	NA	NA	NA	NA	Croatian Biospeleological Society, Zagreb, Croatia (CBSS)	NA	NA	NA	NA	NA	NA	NA	NA	NA	NA	NA	NA
29856	NA	Pavlova pećina (2514)	42.66667	18.3075	NA	NA	BIH	NA	NA	2015-10-25	NA	NA	NA	NA	Terrestrial	Cave	NA	NA	Centromerus subcaecus	NA	species	Linyphiidae	Centromerus	subcaecus	NA	NA	NA	Christo Deltshev	12	NA	NA	NA	NA	NA	Croatian Biospeleological Society, Zagreb, Croatia (CBSS)	NA	NA	NA	NA	NA	NA	NA	NA	NA	NA	NA	NA
4867	NA	Pavlova pećina (2514)	42.66667	18.3075	NA	NA	BIH	Bihovo	NA	NA	NA	NA	NA	NA	Terrestrial	Cave	NA	NA	Histopona conveniens	NA	species	Agelenidae	Histopona	conveniens	NA	NA	NA	NA	NA	NA	NA	NA	NA	NA	NA	NA	NA	NA	NA	NA	NA	NA	NA	NA	NA	NA	NA
10388	NA	Pavlova pećina (2514)	42.66667	18.3075	NA	NA	BIH	Bihovo	NA	NA	NA	NA	NA	NA	Terrestrial	Cave	NA	NA	Stalagtia hercegovinensis	NA	species	Dysderidae	Stalagtia	hercegovinensis	NA	NA	NA	NA	NA	NA	NA	NA	NA	NA	NA	NA	NA	NA	NA	NA	NA	NA	NA	NA	NA	NA	NA
22897	NA	Pavlova pećina (2514)	42.66667	18.3075	NA	NA	BIH	Bihovo	NA	NA	NA	NA	NA	NA	Terrestrial	Cave	NA	NA	Carpathonesticus parvus	NA	species	Nesticidae	Carpathonesticus	parvus	NA	NA	NA	NA	NA	NA	NA	NA	NA	NA	NA	NA	NA	NA	NA	NA	NA	NA	NA	NA	NA	NA	NA
26188	NA	Pavlova pećina (2514)	42.66667	18.3075	NA	NA	BIH	Bihovo	NA	NA	NA	NA	NA	NA	Terrestrial	Cave	NA	NA	Stygopholcus skotophilus	NA	species	Pholcidae	Stygopholcus	skotophilus	NA	NA	NA	NA	NA	NA	NA	NA	NA	NA	NA	NA	NA	NA	NA	NA	NA	NA	NA	NA	NA	NA	NA
26192	NA	Pavlova pećina (2514)	42.66667	18.3075	NA	NA	BIH	Lapja	NA	NA	NA	NA	NA	NA	Terrestrial	Cave	NA	NA	Stygopholcus skotophilus	NA	species	Pholcidae	Stygopholcus	skotophilus	NA	NA	NA	NA	NA	NA	NA	NA	NA	NA	Zoologisches Forschungsmuseum Alexander Koenig, Bonn, Germany (ZFMK)	NA	NA	NA	NA	NA	NA	NA	NA	NA	NA	NA	NA
29853	NA	Pavlova pećina (2514)	42.66667	18.3075	NA	NA	BIH	Bihovo	NA	NA	NA	NA	NA	NA	Terrestrial	Cave	NA	NA	Centromerus subcaecus	NA	species	Linyphiidae	Centromerus	subcaecus	NA	NA	NA	NA	NA	NA	NA	NA	NA	NA	NA	NA	NA	NA	NA	NA	NA	NA	NA	NA	NA	NA	NA
534	NA	Pećina Vojvode Dakovića (11-056)	42.65578	18.6758	NA	NA	MNE	NA	NA	2015-11-06	NA	NA	NA	NA	Terrestrial	Cave	NA	NA	Kryptonesticus arenstorffi	NA	species	Nesticidae	Kryptonesticus	arenstorffi	NA	NA	NA	Martina Pavlek	1	NA	NA	NA	NA	NA	Croatian Biospeleological Society, Zagreb, Croatia (CBSS)	NA	NA	NA	NA	NA	NA	NA	NA	NA	NA	NA	NA
10315	NA	Pećina Vojvode Dakovića (11-056)	42.65578	18.6758	NA	NA	MNE	NA	NA	2015-11-06	NA	NA	NA	NA	Terrestrial	Cave	NA	NA	Micrargus herbigradus	NA	species	Linyphiidae	Micrargus	herbigradus	NA	NA	NA	Martina Pavlek	2	NA	NA	NA	NA	NA	Croatian Biospeleological Society, Zagreb, Croatia (CBSS)	NA	NA	NA	NA	NA	NA	NA	NA	NA	NA	NA	NA
11999	NA	Pećina Vojvode Dakovića (11-056)	42.65578	18.6758	NA	NA	MNE	NA	NA	2017-08-24	NA	NA	NA	NA	Terrestrial	Cave	NA	NA	Troglohyphantes lesserti	NA	species	Linyphiidae	Troglohyphantes	lesserti	NA	NA	NA	Martina Pavlek	1	NA	NA	NA	NA	NA	Croatian Biospeleological Society, Zagreb, Croatia (CBSS)	NA	NA	NA	NA	NA	NA	NA	NA	NA	NA	NA	NA
20596	NA	Pećina Vojvode Dakovića (11-056)	42.65578	18.6758	NA	NA	MNE	NA	NA	NA	NA	NA	NA	NA	Terrestrial	Cave	NA	NA	Metellina merianae	NA	species	Tetragnathidae	Metellina	merianae	NA	NA	NA	NA	NA	NA	NA	NA	NA	NA	NA	NA	NA	NA	NA	NA	NA	NA	NA	NA	NA	NA	NA
21844	NA	Pećina Vojvode Dakovića (11-056)	42.65578	18.6758	NA	NA	MNE	NA	NA	2017-08-24	NA	NA	NA	NA	Terrestrial	Cave	NA	NA	Folkia mrazeki	NA	species	Dysderidae	Folkia	mrazeki	NA	NA	NA	Martina Pavlek	1	NA	NA	NA	NA	NA	Croatian Biospeleological Society, Zagreb, Croatia (CBSS)	NA	NA	NA	NA	NA	NA	NA	NA	NA	NA	NA	NA
21851	NA	Pećina Vojvode Dakovića (11-056)	42.65578	18.6758	NA	NA	MNE	NA	NA	2019-10-10	NA	NA	NA	NA	Terrestrial	Cave	NA	NA	Folkia mrazeki	NA	species	Dysderidae	Folkia	mrazeki	NA	NA	NA	Martina Pavlek; Nikola Pischiutta	2	NA	NA	NA	NA	NA	Croatian Biospeleological Society, Zagreb, Croatia (CBSS)	NA	NA	NA	NA	NA	NA	NA	NA	NA	NA	NA	NA
21854	NA	Pećina Vojvode Dakovića (11-056)	42.65578	18.6758	NA	NA	MNE	NA	NA	2020-06-26	NA	NA	NA	NA	Terrestrial	Cave	NA	NA	Folkia mrazeki	NA	species	Dysderidae	Folkia	mrazeki	NA	NA	NA	Martina Pavlek; Nikola Pischiutta	1	NA	NA	NA	NA	NA	Croatian Biospeleological Society, Zagreb, Croatia (CBSS)	NA	NA	NA	NA	NA	NA	NA	NA	NA	NA	NA	NA
26216	NA	Pećina Vojvode Dakovića (11-056)	42.65578	18.6758	NA	NA	MNE	NA	NA	2015-11-06	NA	NA	NA	NA	Terrestrial	Cave	NA	NA	Stygopholcus skotophilus	NA	species	Pholcidae	Stygopholcus	skotophilus	NA	NA	NA	Martina Pavlek	1	NA	NA	NA	NA	NA	Croatian Biospeleological Society, Zagreb, Croatia (CBSS)	NA	NA	NA	NA	NA	NA	NA	NA	NA	NA	NA	NA
26219	NA	Pećina Vojvode Dakovića (11-056)	42.65578	18.6758	NA	NA	MNE	NA	NA	2015-11-06	NA	NA	NA	NA	Terrestrial	Cave	NA	NA	Stygopholcus skotophilus	NA	species	Pholcidae	Stygopholcus	skotophilus	NA	NA	NA	Martina Pavlek	1	NA	NA	NA	NA	NA	Croatian Biospeleological Society, Zagreb, Croatia (CBSS)	NA	NA	NA	NA	NA	NA	NA	NA	NA	NA	NA	NA
28554	NA	Pećina Vojvode Dakovića (11-056)	42.65578	18.6758	NA	NA	MNE	NA	NA	2017-08-24	NA	NA	NA	NA	Terrestrial	Cave	NA	NA	Stalagtia sp. 3	TRUE	species	Dysderidae	Stalagtia	sp. 3	NA	NA	NA	Nikola Pischiutta	1	NA	NA	NA	NA	NA	Croatian Biospeleological Society, Zagreb, Croatia (CBSS)	NA	NA	NA	NA	NA	NA	NA	NA	NA	NA	NA	NA
30715	NA	Pećina Vojvode Dakovića (11-056)	42.65578	18.6758	NA	NA	MNE	NA	NA	2015-11-06	NA	NA	NA	NA	Terrestrial	Cave	NA	NA	Troglohyphantes troglodytes	NA	species	Linyphiidae	Troglohyphantes	troglodytes	NA	NA	NA	Martina Pavlek	5	NA	NA	NA	NA	NA	Croatian Biospeleological Society, Zagreb, Croatia (CBSS)	NA	NA	NA	NA	NA	NA	NA	NA	NA	NA	NA	NA
30716	NA	Pećina Vojvode Dakovića (11-056)	42.65578	18.6758	NA	NA	MNE	NA	NA	2017-08-24	NA	NA	NA	NA	Terrestrial	Cave	NA	NA	Troglohyphantes troglodytes	NA	species	Linyphiidae	Troglohyphantes	troglodytes	NA	NA	NA	Martina Pavlek	1	NA	NA	NA	NA	NA	Croatian Biospeleological Society, Zagreb, Croatia (CBSS)	NA	NA	NA	NA	NA	NA	NA	NA	NA	NA	NA	NA
30721	NA	Pećina Vojvode Dakovića (11-056)	42.65578	18.6758	NA	NA	MNE	NA	NA	2022-04-07	NA	NA	NA	NA	Terrestrial	Cave	NA	NA	Troglohyphantes troglodytes	NA	species	Linyphiidae	Troglohyphantes	troglodytes	NA	NA	NA	Martina Pavlek	1	NA	NA	NA	NA	NA	Croatian Biospeleological Society, Zagreb, Croatia (CBSS)	NA	NA	NA	NA	NA	NA	NA	NA	NA	NA	NA	NA
30730	NA	Pećina Vojvode Dakovića (11-056)	42.65578	18.6758	NA	NA	MNE	NA	NA	2017-08-24	NA	NA	NA	NA	Terrestrial	Cave	NA	NA	Troglohyphantes troglodytes	NA	species	Linyphiidae	Troglohyphantes	troglodytes	NA	NA	NA	Martina Pavlek	1	NA	NA	NA	NA	NA	Croatian Biospeleological Society, Zagreb, Croatia (CBSS)	NA	NA	NA	NA	NA	NA	NA	NA	NA	NA	NA	NA
560	NA	Pećina Vojvode Dakovića (11-056)	42.65578	18.6758	NA	NA	MNE	Grahovo	NA	NA	NA	NA	NA	NA	Terrestrial	Cave	NA	NA	Kryptonesticus arenstorffi	NA	species	Nesticidae	Kryptonesticus	arenstorffi	NA	NA	NA	NA	NA	NA	NA	NA	NA	NA	NA	NA	NA	NA	NA	NA	NA	NA	NA	NA	NA	NA	NA
20598	NA	Pećina Vojvode Dakovića (11-056)	42.65578	18.6758	NA	NA	MNE	Grahovo	NA	NA	NA	NA	NA	NA	Terrestrial	Cave	NA	NA	Metellina merianae	NA	species	Tetragnathidae	Metellina	merianae	NA	NA	NA	NA	NA	NA	NA	NA	NA	NA	NA	NA	NA	NA	NA	NA	NA	NA	NA	NA	NA	NA	NA
11758	NA	Pirgos Dirou vill., Glyphada Dirou cave	36.63852	22.38177	NA	NA	GRC	Lakonias	NA	NA	NA	NA	NA	NA	Terrestrial	Cave	NA	NA	Barusia laconica	NA	species	Leptonetidae	Barusia	laconica	NA	NA	NA	NA	NA	NA	NA	NA	NA	NA	NA	NA	NA	NA	NA	NA	NA	NA	NA	NA	NA	NA	NA
11759	NA	Pirgos Dirou vill., Glyphada Dirou cave	36.63852	22.38177	NA	NA	GRC	Lakonias	NA	NA	NA	NA	NA	NA	Terrestrial	Cave	NA	NA	Barusia laconica	NA	species	Leptonetidae	Barusia	laconica	NA	NA	NA	NA	NA	NA	NA	NA	NA	NA	NA	NA	NA	NA	NA	NA	NA	NA	NA	NA	NA	NA	NA
1486	NA	Sa Crovassa De Pranu Pirastu (Sa 84)	39.35089	8.61481	NA	NA	ITA	Su Corovau	NA	NA	NA	NA	NA	NA	Terrestrial	Cave	NA	NA	Meta bourneti	NA	species	Tetragnathidae	Meta	bourneti	NA	NA	NA	NA	NA	NA	NA	NA	NA	NA	NA	NA	NA	NA	NA	NA	NA	NA	NA	NA	NA	NA	NA
1646	NA	Sa Crovassa De Pranu Pirastu (Sa 84)	39.35089	8.61481	NA	NA	ITA	Domusnovas	NA	NA	NA	NA	NA	NA	Terrestrial	Cave	NA	NA	Meta bourneti	NA	species	Tetragnathidae	Meta	bourneti	NA	NA	NA	NA	NA	NA	NA	NA	NA	NA	NA	NA	NA	NA	NA	NA	NA	NA	NA	NA	NA	NA	NA
19747	NA	Sarchos Cave	35.22093	24.98536	NA	NA	GRC	Irakleiou	NA	NA	NA	NA	NA	NA	Terrestrial	Cave	NA	NA	Metellina merianae	NA	species	Tetragnathidae	Metellina	merianae	NA	NA	NA	NA	NA	NA	NA	NA	NA	NA	NA	NA	NA	NA	NA	NA	NA	NA	NA	NA	NA	NA	NA
23330	NA	Sarchos Cave	35.22093	24.98536	NA	NA	GRC	Irakleiou	NA	NA	NA	NA	NA	NA	Terrestrial	Cave	NA	NA	Pholcus phalangioides	NA	species	Pholcidae	Pholcus	phalangioides	NA	NA	NA	NA	NA	NA	NA	NA	NA	NA	NA	NA	NA	NA	NA	NA	NA	NA	NA	NA	NA	NA	NA
24348	NA	Sarchos Cave	35.22093	24.98536	NA	NA	GRC	Irakleiou	NA	NA	NA	NA	NA	NA	Terrestrial	Cave	NA	NA	Loxosceles rufescens	NA	species	Sicariidae	Loxosceles	rufescens	NA	NA	NA	NA	NA	NA	NA	NA	NA	NA	NA	NA	NA	NA	NA	NA	NA	NA	NA	NA	NA	NA	NA
11715	NA	Sarchos Cave	35.22093	24.98536	NA	NA	GRC	Irakleiou	NA	NA	NA	NA	NA	NA	Terrestrial	Cave	NA	NA	Hoplopholcus labyrinthi	NA	species	Pholcidae	Hoplopholcus	labyrinthi	NA	NA	NA	NA	NA	NA	NA	NA	NA	NA	NA	NA	NA	NA	NA	NA	NA	NA	NA	NA	NA	NA	NA
2290	NA	Sima Andikaldea, Gizaburuaga	43.33997	-2.53291	NA	NA	ESP	Vizcaya	NA	NA	NA	NA	NA	NA	Terrestrial	Cave	NA	NA	Meta bourneti	NA	species	Tetragnathidae	Meta	bourneti	NA	NA	NA	NA	NA	NA	NA	NA	NA	NA	NA	NA	NA	NA	NA	NA	NA	NA	NA	NA	NA	NA	NA
314	NA	Sima Andikaldea, Gizaburuaga	43.33997	-2.53291	NA	NA	ESP	NA	NA	NA	NA	NA	NA	NA	Terrestrial	Cave	NA	NA	Troglohyphantes alluaudi	NA	species	Linyphiidae	Troglohyphantes	alluaudi	NA	NA	NA	NA	NA	NA	NA	NA	NA	NA	NA	NA	NA	NA	NA	NA	NA	NA	NA	NA	NA	NA	NA
2178	NA	Sima Andikaldea, Gizaburuaga	43.33997	-2.53291	NA	NA	ESP	NA	NA	NA	NA	NA	NA	NA	Terrestrial	Cave	NA	NA	Meta bourneti	NA	species	Tetragnathidae	Meta	bourneti	NA	NA	NA	NA	NA	NA	NA	NA	NA	NA	NA	NA	NA	NA	NA	NA	NA	NA	NA	NA	NA	NA	NA
808	NA	Sistema GEP (S0-173)	37.11921	-2.07134	NA	NA	ESP	Almería	NA	NA	NA	NA	NA	NA	Terrestrial	Cave	NA	NA	Lessertia barbara	NA	species	Linyphiidae	Lessertia	barbara	NA	NA	NA	NA	NA	NA	NA	NA	NA	NA	NA	NA	NA	NA	NA	NA	NA	NA	NA	NA	NA	NA	NA
5522	NA	Sistema GEP (S0-173)	37.11921	-2.07134	NA	NA	ESP	Almería	NA	NA	NA	NA	NA	NA	Terrestrial	Cave	NA	NA	Palliduphantes cortesi	NA	species	Linyphiidae	Palliduphantes	cortesi	NA	NA	NA	NA	NA	NA	NA	NA	NA	NA	NA	NA	NA	NA	NA	NA	NA	NA	NA	NA	NA	NA	NA
1725	NA	Sistema Malloku (Pf-015)	43.36014	-2.70171	NA	NA	PRT	Murueta	NA	NA	NA	NA	NA	NA	Terrestrial	Cave	NA	NA	Meta bourneti	NA	species	Tetragnathidae	Meta	bourneti	NA	NA	NA	NA	NA	NA	NA	NA	NA	NA	NA	NA	NA	NA	NA	NA	NA	NA	NA	NA	NA	NA	NA
1777	NA	Sistema Picón (5mt061,063)	43.29303	-3.07962	NA	NA	ESP	Vizcaya	NA	NA	NA	NA	NA	NA	Terrestrial	Cave	NA	NA	Meta bourneti	NA	species	Tetragnathidae	Meta	bourneti	NA	NA	NA	NA	NA	NA	NA	NA	NA	NA	NA	NA	NA	NA	NA	NA	NA	NA	NA	NA	NA	NA	NA
2841	NA	Sistema Picón (5mt061,063)	43.29303	-3.07962	NA	NA	ESP	Vizcaya	NA	NA	NA	NA	NA	NA	Terrestrial	Cave	NA	NA	Troglohyphantes cantabricus	NA	species	Linyphiidae	Troglohyphantes	cantabricus	NA	NA	NA	NA	NA	NA	NA	NA	NA	NA	Carlos Prieto & Jon Fernandez Collection	NA	NA	NA	NA	NA	NA	NA	NA	NA	NA	NA	NA
2847	NA	Sistema Picón (5mt061,063)	43.29303	-3.07962	NA	NA	ESP	Vizcaya	NA	NA	NA	NA	NA	NA	Terrestrial	Cave	NA	NA	Troglohyphantes cantabricus	NA	species	Linyphiidae	Troglohyphantes	cantabricus	NA	NA	NA	NA	NA	NA	NA	NA	NA	NA	NA	NA	NA	NA	NA	NA	NA	NA	NA	NA	NA	NA	NA
4447	NA	Sistema Picón (5mt061,063)	43.29303	-3.07962	NA	NA	ESP	Vizcaya	NA	NA	NA	NA	NA	NA	Terrestrial	Cave	NA	NA	Troglohyphantes cerberus	NA	species	Linyphiidae	Troglohyphantes	cerberus	NA	NA	NA	NA	NA	NA	NA	NA	NA	NA	Carlos Prieto & Jon Fernandez Collection	NA	NA	NA	NA	NA	NA	NA	NA	NA	NA	NA	NA
4448	NA	Sistema Picón (5mt061,063)	43.29303	-3.07962	NA	NA	ESP	Vizcaya	NA	NA	NA	NA	NA	NA	Terrestrial	Cave	NA	NA	Troglohyphantes cerberus	NA	species	Linyphiidae	Troglohyphantes	cerberus	NA	NA	NA	NA	NA	NA	NA	NA	NA	NA	NA	NA	NA	NA	NA	NA	NA	NA	NA	NA	NA	NA	NA
9300	NA	Sistema Picón (5mt061,063)	43.29303	-3.07962	NA	NA	ESP	Vizcaya	NA	NA	NA	NA	NA	NA	Terrestrial	Cave	NA	NA	Troglohyphantes furcifer	NA	species	Linyphiidae	Troglohyphantes	furcifer	NA	NA	NA	NA	NA	NA	NA	NA	NA	NA	Carlos Prieto & Jon Fernandez Collection	NA	NA	NA	NA	NA	NA	NA	NA	NA	NA	NA	NA
9305	NA	Sistema Picón (5mt061,063)	43.29303	-3.07962	NA	NA	ESP	Vizcaya	NA	NA	NA	NA	NA	NA	Terrestrial	Cave	NA	NA	Troglohyphantes furcifer	NA	species	Linyphiidae	Troglohyphantes	furcifer	NA	NA	NA	NA	NA	NA	NA	NA	NA	NA	NA	NA	NA	NA	NA	NA	NA	NA	NA	NA	NA	NA	NA
10786	NA	Sistema Picón (5mt061,063)	43.29303	-3.07962	NA	NA	ESP	Vizcaya	NA	NA	NA	NA	NA	NA	Terrestrial	Cave	NA	NA	Eratigena inermis	NA	species	Agelenidae	Eratigena	inermis	NA	NA	NA	NA	NA	NA	NA	NA	NA	NA	Carlos Prieto & Jon Fernandez Collection	NA	NA	NA	NA	NA	NA	NA	NA	NA	NA	NA	NA
10798	NA	Sistema Picón (5mt061,063)	43.29303	-3.07962	NA	NA	ESP	Vizcaya	NA	NA	NA	NA	NA	NA	Terrestrial	Cave	NA	NA	Eratigena inermis	NA	species	Agelenidae	Eratigena	inermis	NA	NA	NA	NA	NA	NA	NA	NA	NA	NA	NA	NA	NA	NA	NA	NA	NA	NA	NA	NA	NA	NA	NA
13220	NA	Sistema Picón (5mt061,063)	43.29303	-3.07962	NA	NA	ESP	Vizcaya	NA	NA	NA	NA	NA	NA	Terrestrial	Cave	NA	NA	Iberina mazarredoi	NA	species	Hahniidae	Iberina	mazarredoi	NA	NA	NA	NA	NA	NA	NA	NA	NA	NA	Carlos Prieto & Jon Fernandez Collection	NA	NA	NA	NA	NA	NA	NA	NA	NA	NA	NA	NA
13222	NA	Sistema Picón (5mt061,063)	43.29303	-3.07962	NA	NA	ESP	Vizcaya	NA	NA	NA	NA	NA	NA	Terrestrial	Cave	NA	NA	Iberina mazarredoi	NA	species	Hahniidae	Iberina	mazarredoi	NA	NA	NA	NA	NA	NA	NA	NA	NA	NA	NA	NA	NA	NA	NA	NA	NA	NA	NA	NA	NA	NA	NA
20798	NA	Sistema Picón (5mt061,063)	43.29303	-3.07962	NA	NA	ESP	Vizcaya	NA	NA	NA	NA	NA	NA	Terrestrial	Cave	NA	NA	Metellina merianae	NA	species	Tetragnathidae	Metellina	merianae	NA	NA	NA	NA	NA	NA	NA	NA	NA	NA	Carlos Prieto & Jon Fernandez Collection	NA	NA	NA	NA	NA	NA	NA	NA	NA	NA	NA	NA
20812	NA	Sistema Picón (5mt061,063)	43.29303	-3.07962	NA	NA	ESP	Vizcaya	NA	NA	NA	NA	NA	NA	Terrestrial	Cave	NA	NA	Metellina merianae	NA	species	Tetragnathidae	Metellina	merianae	NA	NA	NA	NA	NA	NA	NA	NA	NA	NA	NA	NA	NA	NA	NA	NA	NA	NA	NA	NA	NA	NA	NA
23594	NA	Sistema Picón (5mt061,063)	43.29303	-3.07962	NA	NA	ESP	Vizcaya	NA	NA	NA	NA	NA	NA	Terrestrial	Cave	NA	NA	Pholcus phalangioides	NA	species	Pholcidae	Pholcus	phalangioides	NA	NA	NA	NA	NA	NA	NA	NA	NA	NA	NA	NA	NA	NA	NA	NA	NA	NA	NA	NA	NA	NA	NA
29898	NA	Sistema Picón (5mt061,063)	43.29303	-3.07962	NA	NA	ESP	Vizcaya	NA	NA	NA	NA	NA	NA	Terrestrial	Cave	NA	NA	Chorizomma subterraneum	NA	species	Dictynidae	Chorizomma	subterraneum	NA	NA	NA	NA	NA	NA	NA	NA	NA	NA	Carlos Prieto & Jon Fernandez Collection	NA	NA	NA	NA	NA	NA	NA	NA	NA	NA	NA	NA
29903	NA	Sistema Picón (5mt061,063)	43.29303	-3.07962	NA	NA	ESP	Vizcaya	NA	NA	NA	NA	NA	NA	Terrestrial	Cave	NA	NA	Chorizomma subterraneum	NA	species	Cicurinidae	Chorizomma	subterraneum	NA	NA	NA	NA	NA	NA	NA	NA	NA	NA	NA	NA	NA	NA	NA	NA	NA	NA	NA	NA	NA	NA	NA
2587	NA	Špilja iznad Velikog Bresta	45.42959	14.09526	NA	NA	HRV	NA	NA	1968-05-22	NA	NA	NA	NA	Terrestrial	Cave	NA	NA	Troglohyphantes brignolii	NA	species	Linyphiidae	Troglohyphantes	brignolii	NA	NA	NA	NA	1	NA	NA	NA	NA	NA	NA	NA	NA	NA	NA	NA	NA	NA	NA	NA	NA	NA	NA
3269	NA	Špilja pokraj staze	44.90795	15.61087	NA	NA	HRV	NA	NA	2023-09-14	NA	NA	NA	NA	Terrestrial	Cave	NA	NA	Nesticus cellulanus	NA	species	Nesticidae	Nesticus	cellulanus	NA	NA	NA	Martina Pavlek	2	NA	NA	NA	NA	NA	Croatian Biospeleological Society, Zagreb, Croatia (CBSS)	NA	NA	NA	NA	NA	NA	NA	NA	NA	NA	NA	NA
3474	NA	Špilja pokraj staze	44.90795	15.61087	NA	NA	HRV	NA	NA	2021-05-13	NA	NA	NA	NA	Terrestrial	Cave	NA	NA	Nesticus cellulanus	NA	species	Nesticidae	Nesticus	cellulanus	NA	NA	NA	Tin Rožman	3	NA	NA	NA	NA	NA	Croatian Biospeleological Society, Zagreb, Croatia (CBSS)	NA	NA	NA	NA	NA	NA	NA	NA	NA	NA	NA	NA
8432	NA	Špilja pokraj staze	44.90795	15.61087	NA	NA	HRV	NA	NA	2021-05-13	NA	NA	NA	NA	Terrestrial	Cave	NA	NA	Troglohyphantes excavatus	NA	species	Linyphiidae	Troglohyphantes	excavatus	NA	NA	NA	Tin Rožman	2	NA	NA	NA	NA	NA	Croatian Biospeleological Society, Zagreb, Croatia (CBSS)	NA	NA	NA	NA	NA	NA	NA	NA	NA	NA	NA	NA
3116	NA	Špilja pokraj staze	44.90795	15.61087	NA	NA	HRV	NA	NA	2021-05-13	NA	NA	NA	NA	Terrestrial, Surface	Shallow Subterranean Habitats (SSH)	NA	NA	Centromerus cavernarum	NA	species	Linyphiidae	Centromerus	cavernarum	NA	NA	NA	Tin Rožman	1	NA	NA	NA	NA	NA	Croatian Biospeleological Society, Zagreb, Croatia (CBSS)	NA	NA	NA	NA	NA	NA	NA	NA	NA	NA	NA	NA
26087	NA	Staje 9	45.4478	14.14485	NA	NA	HRV	NA	NA	2003-05-23	NA	NA	NA	NA	Terrestrial	Cave	NA	NA	Comaroma simoni	NA	species	Anapidae	Comaroma	simoni	NA	NA	NA	Martina Pavlek	1	NA	NA	NA	NA	NA	Croatian Biospeleological Society, Zagreb, Croatia (CBSS)	NA	NA	NA	NA	NA	NA	NA	NA	NA	NA	NA	NA
26089	NA	Staje 9	45.4478	14.14485	NA	NA	HRV	NA	NA	2003-05-23	NA	NA	NA	NA	Terrestrial, Surface	Shallow Subterranean Habitats (SSH)	NA	NA	Comaroma simoni	NA	species	Anapidae	Comaroma	simoni	NA	NA	NA	Martina Pavlek	1	NA	NA	NA	NA	NA	Croatian Biospeleological Society, Zagreb, Croatia (CBSS)	NA	NA	NA	NA	NA	NA	NA	NA	NA	NA	NA	NA
8646	NA	Topolia Cave	35.41096	23.68218	NA	NA	GRC	Chanion	NA	NA	NA	NA	NA	NA	Terrestrial	NA	NA	NA	Minotauria fagei	NA	species	Dysderidae	Minotauria	fagei	NA	NA	NA	NA	NA	NA	NA	NA	NA	NA	NA	NA	NA	NA	NA	NA	NA	NA	NA	NA	NA	NA	NA
1245	NA	Town Sinj, surroundings	43.70004	16.63591	NA	NA	HRV	Sinj	NA	NA	NA	NA	NA	NA	Terrestrial, Surface	Shallow Subterranean Habitats (SSH)	NA	NA	Meta bourneti	NA	species	Tetragnathidae	Meta	bourneti	NA	NA	NA	NA	NA	NA	NA	NA	NA	NA	NA	NA	NA	NA	NA	NA	NA	NA	NA	NA	NA	NA	NA
1244	NA	Town Sinj, surroundings	43.70004	16.63591	NA	NA	HRV	Sinj	NA	NA	NA	NA	NA	NA	Terrestrial, Surface	Shallow Subterranean Habitats (SSH)	NA	NA	Meta bourneti	NA	species	Tetragnathidae	Meta	bourneti	NA	NA	NA	NA	NA	NA	NA	NA	NA	NA	NA	NA	NA	NA	NA	NA	NA	NA	NA	NA	NA	NA	NA
760	NA	Trapeza cave, near Tzermiado	35.198	25.494	NA	NA	GRC	Lasithiou	NA	NA	NA	NA	NA	NA	Terrestrial	Cave	NA	NA	Minotauria attemsi	NA	species	Dysderidae	Minotauria	attemsi	NA	NA	NA	NA	NA	NA	NA	NA	NA	NA	NA	NA	NA	NA	NA	NA	NA	NA	NA	NA	NA	NA	NA
8388	NA	Trinaestica	44.87545	15.63637	NA	NA	HRV	NA	NA	2024-10-02	NA	NA	NA	NA	Terrestrial	Cave	NA	NA	Troglohyphantes excavatus	NA	species	Linyphiidae	Troglohyphantes	excavatus	NA	NA	NA	Iva Čupić	1	NA	NA	NA	NA	NA	Croatian Biospeleological Society, Zagreb, Croatia (CBSS)	NA	NA	NA	NA	NA	NA	NA	NA	NA	NA	NA	NA
8389	NA	Trinaestica	44.87545	15.63637	NA	NA	HRV	NA	NA	2024-10-02	NA	NA	NA	NA	Terrestrial	Cave	NA	NA	Troglohyphantes excavatus	NA	species	Linyphiidae	Troglohyphantes	excavatus	NA	NA	NA	Iva Čupić	3	NA	NA	NA	NA	NA	Croatian Biospeleological Society, Zagreb, Croatia (CBSS)	NA	NA	NA	NA	NA	NA	NA	NA	NA	NA	NA	NA
11523	NA	Trinaestica	44.87545	15.63637	NA	NA	HRV	NA	NA	2024-10-02	NA	NA	NA	NA	Terrestrial	Cave	NA	NA	Troglohyphantes kordunlikanus	NA	species	Linyphiidae	Troglohyphantes	kordunlikanus	NA	NA	NA	Iva Čupić	1	NA	NA	NA	NA	NA	Croatian Biospeleological Society, Zagreb, Croatia (CBSS)	NA	NA	NA	NA	NA	NA	NA	NA	NA	NA	NA	NA
8454	NA	Trinaestica	44.87545	15.63637	NA	NA	HRV	NA	NA	2024-10-02	NA	NA	NA	NA	Terrestrial, Surface	Shallow Subterranean Habitats (SSH)	NA	NA	Troglohyphantes excavatus	NA	species	Linyphiidae	Troglohyphantes	excavatus	NA	NA	NA	Iva Čupić	3	NA	NA	NA	NA	NA	Croatian Biospeleological Society, Zagreb, Croatia (CBSS)	NA	NA	NA	NA	NA	NA	NA	NA	NA	NA	NA	NA
11530	NA	Trinaestica	44.87545	15.63637	NA	NA	HRV	NA	NA	2024-10-02	NA	NA	NA	NA	Terrestrial, Surface	Shallow Subterranean Habitats (SSH)	NA	NA	Troglohyphantes kordunlikanus	NA	species	Linyphiidae	Troglohyphantes	kordunlikanus	NA	NA	NA	Iva Čupić	1	NA	NA	NA	NA	NA	Croatian Biospeleological Society, Zagreb, Croatia (CBSS)	NA	NA	NA	NA	NA	NA	NA	NA	NA	NA	NA	NA
5227	NA	Trinolenos Cave	37.69	22.26	NA	NA	GRC	Arkadias	NA	NA	NA	NA	NA	NA	Terrestrial	Cave	NA	NA	Porrhomma convexum	NA	species	Linyphiidae	Porrhomma	convexum	NA	NA	NA	NA	NA	NA	NA	NA	NA	NA	NA	NA	NA	NA	NA	NA	NA	NA	NA	NA	NA	NA	NA
5219	NA	Trinolenos Cave	37.69	22.26	NA	NA	GRC	Tripoli	NA	NA	NA	NA	NA	NA	Terrestrial	Cave	NA	NA	Porrhomma convexum	NA	species	Linyphiidae	Porrhomma	convexum	NA	NA	NA	NA	NA	NA	NA	NA	NA	NA	NA	NA	NA	NA	NA	NA	NA	NA	NA	NA	NA	NA	NA
24355	NA	Tsourlaki cave, near Pigadia	35.508	27.2221	NA	NA	GRC	Dodekanisou	NA	NA	NA	NA	NA	NA	Terrestrial	Cave	NA	NA	Loxosceles rufescens	NA	species	Sicariidae	Loxosceles	rufescens	NA	NA	NA	NA	NA	NA	NA	NA	NA	NA	NA	NA	NA	NA	NA	NA	NA	NA	NA	NA	NA	NA	NA
25248	NA	Tsourlaki cave, near Pigadia	35.508	27.2221	NA	NA	GRC	Dodekanisou	NA	NA	NA	NA	NA	NA	Terrestrial	Cave	NA	NA	Spermophora senoculata	NA	species	Pholcidae	Spermophora	senoculata	NA	NA	NA	NA	NA	NA	NA	NA	NA	NA	NA	NA	NA	NA	NA	NA	NA	NA	NA	NA	NA	NA	NA
13164	NA	Tzermiado, Trapezas Cave	35.198	25.494	NA	NA	GRC	Lasithiou	NA	NA	NA	NA	NA	NA	Terrestrial	Cave	NA	NA	Dysderocrates marani	NA	species	Dysderidae	Dysderocrates	marani	NA	NA	NA	NA	NA	NA	NA	NA	NA	NA	NA	NA	NA	NA	NA	NA	NA	NA	NA	NA	NA	NA	NA
13163	NA	Tzermiado, Trapezas Cave	35.198	25.494	NA	NA	GRC	Lasithiou	NA	NA	NA	NA	NA	NA	Terrestrial	Cave	NA	NA	Dysderocrates marani	NA	species	Dysderidae	Dysderocrates	marani	NA	NA	NA	NA	NA	NA	NA	NA	NA	NA	NA	NA	NA	NA	NA	NA	NA	NA	NA	NA	NA	NA	NA
761	NA	Tzermiado, Trapezas Cave	35.198	25.494	NA	NA	GRC	Lasithiou	NA	NA	NA	NA	NA	NA	Terrestrial	Cave	NA	NA	Minotauria attemsi	NA	species	Dysderidae	Minotauria	attemsi	NA	NA	NA	NA	NA	NA	NA	NA	NA	NA	NA	NA	NA	NA	NA	NA	NA	NA	NA	NA	NA	NA	NA
2554	NA	Tzermiado, Trapezas Cave	35.198	25.494	NA	NA	GRC	Lasithiou	NA	NA	NA	NA	NA	NA	Terrestrial	Cave	NA	NA	Lepthyphantes brignolianus	NA	species	Linyphiidae	Lepthyphantes	brignolianus	NA	NA	NA	NA	NA	NA	NA	NA	NA	NA	NA	NA	NA	NA	NA	NA	NA	NA	NA	NA	NA	NA	NA
2555	NA	Tzermiado, Trapezas Cave	35.198	25.494	NA	NA	GRC	Lasithiou	NA	NA	NA	NA	NA	NA	Terrestrial	Cave	NA	NA	Lepthyphantes brignolianus	NA	species	Linyphiidae	Lepthyphantes	brignolianus	NA	NA	NA	NA	NA	NA	NA	NA	NA	NA	NA	NA	NA	NA	NA	NA	NA	NA	NA	NA	NA	NA	NA
11736	NA	Tzermiado, Trapezas Cave	35.198	25.494	NA	NA	GRC	Lasithiou	NA	NA	NA	NA	NA	NA	Terrestrial	Cave	NA	NA	Hoplopholcus labyrinthi	NA	species	Pholcidae	Hoplopholcus	labyrinthi	NA	NA	NA	NA	NA	NA	NA	NA	NA	NA	NA	NA	NA	NA	NA	NA	NA	NA	NA	NA	NA	NA	NA
11737	NA	Tzermiado, Trapezas Cave	35.198	25.494	NA	NA	GRC	Lasithiou	NA	NA	NA	NA	NA	NA	Terrestrial	Cave	NA	NA	Hoplopholcus labyrinthi	NA	species	Pholcidae	Hoplopholcus	labyrinthi	NA	NA	NA	NA	NA	NA	NA	NA	NA	NA	NA	NA	NA	NA	NA	NA	NA	NA	NA	NA	NA	NA	NA
61	NA	Velika pećina (Korana canyon)	43.41701	17.00761	NA	NA	HRV	NA	NA	2002-10-18	NA	NA	NA	NA	Terrestrial	Cave	NA	NA	Stygopholcus absoloni	NA	species	Pholcidae	Stygopholcus	absoloni	NA	NA	NA	Christa Deeleman-Reinhold	2	NA	NA	NA	NA	NA	Croatian Biospeleological Society, Zagreb, Croatia (CBSS)	NA	NA	NA	NA	NA	NA	NA	NA	NA	NA	NA	NA
4908	NA	Velika pećina (Korana canyon)	43.41701	17.00761	NA	NA	HRV	NA	NA	NA	NA	NA	NA	NA	Terrestrial	Cave	NA	NA	Histopona conveniens	NA	species	Agelenidae	Histopona	conveniens	NA	NA	NA	NA	NA	NA	NA	NA	NA	NA	NA	NA	NA	NA	NA	NA	NA	NA	NA	NA	NA	NA	NA
13106	NA	Velika pećina (Korana canyon)	43.41701	17.00761	NA	NA	HRV	NA	NA	2002-10-18	NA	NA	NA	NA	Terrestrial	Cave	NA	NA	Barusia maheni	NA	species	Leptonetidae	Barusia	maheni	NA	NA	NA	Christa Deeleman-Reinhold	3	NA	NA	NA	NA	NA	Croatian Biospeleological Society, Zagreb, Croatia (CBSS)	NA	NA	NA	NA	NA	NA	NA	NA	NA	NA	NA	NA
13090	NA	Velika špilja (Blato)	42.76443	17.47182	NA	NA	HRV	MljetIsl.	NA	NA	NA	NA	NA	NA	Terrestrial	Cave	NA	NA	Barusia maheni	NA	species	Leptonetidae	Barusia	maheni	NA	NA	NA	NA	NA	NA	NA	NA	NA	NA	University of Barcelona (CRBA)	NA	NA	NA	NA	NA	NA	NA	NA	NA	NA	NA	NA
13091	NA	Velika špilja (Blato)	42.76443	17.47182	NA	NA	HRV	MljetIsl.	NA	NA	NA	NA	NA	NA	Terrestrial	Cave	NA	NA	Barusia maheni	NA	species	Leptonetidae	Barusia	maheni	NA	NA	NA	NA	NA	NA	NA	NA	NA	NA	University of Barcelona (CRBA)	NA	NA	NA	NA	NA	NA	NA	NA	NA	NA	NA	NA
632	NA	Veliki Otok	45.8098	14.2116	500	NA	SVN	NA	NA	NA	NA	NA	NA	NA	Terrestrial, Surface	Shallow Subterranean Habitats (SSH)	NA	NA	Rhode aspinifera	NA	species	Dysderidae	Rhode	aspinifera	NA	NA	NA	NA	NA	NA	NA	NA	NA	NA	NA	NA	NA	NA	NA	NA	NA	NA	NA	NA	NA	NA	NA
26214	NA	Vilina pećina, Podi (09-044)	42.50662	18.39135	NA	NA	HRV	NA	NA	2010-04-06	NA	NA	NA	NA	Terrestrial	Cave	NA	NA	Stygopholcus skotophilus	NA	species	Pholcidae	Stygopholcus	skotophilus	NA	NA	NA	Martina Pavlek	1	NA	NA	NA	NA	NA	Croatian Biospeleological Society, Zagreb, Croatia (CBSS)	NA	NA	NA	NA	NA	NA	NA	NA	NA	NA	NA	NA
539	NA	Vilina pećina, Podi (09-044)	42.55457	18.66236	NA	NA	MNE	NA	NA	2015-10-30	NA	NA	NA	NA	Terrestrial	Cave	NA	NA	Kryptonesticus arenstorffi	NA	species	Nesticidae	Kryptonesticus	arenstorffi	NA	NA	NA	Martina Pavlek	2	NA	NA	NA	NA	NA	Croatian Biospeleological Society, Zagreb, Croatia (CBSS)	NA	NA	NA	NA	NA	NA	NA	NA	NA	NA	NA	NA
554	NA	Vilina pećina, Podi (09-044)	42.55457	18.66236	NA	NA	MNE	NA	NA	NA	NA	NA	NA	NA	Terrestrial	Cave	NA	NA	Kryptonesticus arenstorffi	NA	species	Nesticidae	Kryptonesticus	arenstorffi	NA	NA	NA	NA	NA	NA	NA	NA	NA	NA	NA	NA	NA	NA	NA	NA	NA	NA	NA	NA	NA	NA	NA
861	NA	Vilina pećina, Podi (09-044)	42.55457	18.66236	NA	NA	MNE	NA	NA	2015-10-30	NA	NA	NA	NA	Terrestrial	Cave	NA	NA	Tegenaria bayeri	NA	species	Agelenidae	Tegenaria	bayeri	NA	NA	NA	Martina Pavlek	1	NA	NA	NA	NA	NA	Croatian Biospeleological Society, Zagreb, Croatia (CBSS)	NA	NA	NA	NA	NA	NA	NA	NA	NA	NA	NA	NA
865	NA	Vilina pećina, Podi (09-044)	42.55457	18.66236	NA	NA	MNE	NA	NA	NA	NA	NA	NA	NA	Terrestrial	Cave	NA	NA	Tegenaria bayeri	NA	species	Agelenidae	Tegenaria	bayeri	NA	NA	NA	NA	NA	NA	NA	NA	NA	NA	NA	NA	NA	NA	NA	NA	NA	NA	NA	NA	NA	NA	NA
866	NA	Vilina pećina, Podi (09-044)	42.55457	18.66236	NA	NA	MNE	NA	NA	NA	NA	NA	NA	NA	Terrestrial	Cave	NA	NA	Tegenaria bayeri	NA	species	Agelenidae	Tegenaria	bayeri	NA	NA	NA	NA	NA	NA	NA	NA	NA	NA	NA	NA	NA	NA	NA	NA	NA	NA	NA	NA	NA	NA	NA
12024	NA	Vilina pećina, Podi (09-044)	42.55457	18.66236	NA	NA	MNE	NA	NA	2015-10-30	NA	NA	NA	NA	Terrestrial	Cave	NA	NA	Troglohyphantes lesserti	NA	species	Linyphiidae	Troglohyphantes	lesserti	NA	NA	NA	Martina Pavlek	1	NA	NA	NA	NA	NA	Croatian Biospeleological Society, Zagreb, Croatia (CBSS)	NA	NA	NA	NA	NA	NA	NA	NA	NA	NA	NA	NA
22097	NA	Vilina pećina, Podi (09-044)	42.55457	18.66236	NA	NA	MNE	NA	NA	1926-09-19	NA	NA	NA	NA	Terrestrial	Cave	NA	NA	Stalitella noseki	NA	species	Dysderidae	Stalitella	noseki	NA	NA	NA	NA	1	NA	NA	NA	NA	NA	NA	NA	NA	NA	NA	NA	NA	NA	NA	NA	NA	NA	NA
22098	NA	Vilina pećina, Podi (09-044)	42.55457	18.66236	NA	NA	MNE	NA	NA	NA	NA	NA	NA	NA	Terrestrial	Cave	NA	NA	Stalitella noseki	NA	species	Dysderidae	Stalitella	noseki	NA	NA	NA	NA	NA	NA	NA	NA	NA	NA	NA	NA	NA	NA	NA	NA	NA	NA	NA	NA	NA	NA	NA
24232	NA	Vilina pećina, Podi (09-044)	42.55457	18.66236	NA	NA	MNE	NA	NA	2015-10-30	NA	NA	NA	NA	Terrestrial	Cave	NA	NA	Sintula roeweri	NA	species	Linyphiidae	Sintula	roeweri	NA	NA	NA	Martina Pavlek	2	NA	NA	NA	NA	NA	Croatian Biospeleological Society, Zagreb, Croatia (CBSS)	NA	NA	NA	NA	NA	NA	NA	NA	NA	NA	NA	NA
26221	NA	Vilina pećina, Podi (09-044)	42.55457	18.66236	NA	NA	MNE	NA	NA	2015-10-30	NA	NA	NA	NA	Terrestrial	Cave	NA	NA	Stygopholcus skotophilus	NA	species	Pholcidae	Stygopholcus	skotophilus	NA	NA	NA	Martina Pavlek	1	NA	NA	NA	NA	NA	Croatian Biospeleological Society, Zagreb, Croatia (CBSS)	NA	NA	NA	NA	NA	NA	NA	NA	NA	NA	NA	NA
26246	NA	Vilina pećina, Podi (09-044)	42.55457	18.66236	NA	NA	MNE	NA	NA	NA	NA	NA	NA	NA	Terrestrial	Cave	NA	NA	Stygopholcus skotophilus	NA	species	Pholcidae	Stygopholcus	skotophilus	NA	NA	NA	NA	NA	NA	NA	NA	NA	NA	NA	NA	NA	NA	NA	NA	NA	NA	NA	NA	NA	NA	NA
26247	NA	Vilina pećina, Podi (09-044)	42.55457	18.66236	NA	NA	MNE	NA	NA	NA	NA	NA	NA	NA	Terrestrial	Cave	NA	NA	Stygopholcus skotophilus	NA	species	Pholcidae	Stygopholcus	skotophilus	NA	NA	NA	NA	NA	NA	NA	NA	NA	NA	NA	NA	NA	NA	NA	NA	NA	NA	NA	NA	NA	NA	NA
26251	NA	Vilina pećina, Podi (09-044)	42.55457	18.66236	NA	NA	MNE	NA	NA	NA	NA	NA	NA	NA	Terrestrial	Cave	NA	NA	Stygopholcus skotophilus	NA	species	Pholcidae	Stygopholcus	skotophilus	NA	NA	NA	NA	NA	NA	NA	NA	NA	NA	NA	NA	NA	NA	NA	NA	NA	NA	NA	NA	NA	NA	NA
26252	NA	Vilina pećina, Podi (09-044)	42.55457	18.66236	NA	NA	MNE	NA	NA	NA	NA	NA	NA	NA	Terrestrial	Cave	NA	NA	Stygopholcus skotophilus	NA	species	Pholcidae	Stygopholcus	skotophilus	NA	NA	NA	NA	NA	NA	NA	NA	NA	NA	NA	NA	NA	NA	NA	NA	NA	NA	NA	NA	NA	NA	NA
26254	NA	Vilina pećina, Podi (09-044)	42.55457	18.66236	NA	NA	MNE	NA	NA	NA	NA	NA	NA	NA	Terrestrial	Cave	NA	NA	Stygopholcus skotophilus	NA	species	Pholcidae	Stygopholcus	skotophilus	NA	NA	NA	NA	NA	NA	NA	NA	NA	NA	NA	NA	NA	NA	NA	NA	NA	NA	NA	NA	NA	NA	NA
28281	NA	Vilina pećina, Podi (09-044)	42.55457	18.66236	NA	NA	MNE	NA	NA	2015-10-30	NA	NA	NA	NA	Terrestrial	Cave	NA	NA	Harpactea sp. 13	TRUE	species	Dysderidae	Harpactea	sp. 13	NA	NA	NA	Martina Pavlek	1	NA	NA	NA	NA	NA	Croatian Biospeleological Society, Zagreb, Croatia (CBSS)	NA	NA	NA	NA	NA	NA	NA	NA	NA	NA	NA	NA
29872	NA	Vilina pećina, Podi (09-044)	42.55457	18.66236	NA	NA	MNE	NA	NA	NA	NA	NA	NA	NA	Terrestrial	Cave	NA	NA	Centromerus subcaecus	NA	species	Linyphiidae	Centromerus	subcaecus	NA	NA	NA	NA	NA	NA	NA	NA	NA	NA	NA	NA	NA	NA	NA	NA	NA	NA	NA	NA	NA	NA	NA
29874	NA	Vilina pećina, Podi (09-044)	42.55457	18.66236	NA	NA	MNE	NA	NA	NA	NA	NA	NA	NA	Terrestrial	Cave	NA	NA	Centromerus subcaecus	NA	species	Linyphiidae	Centromerus	subcaecus	NA	NA	NA	NA	NA	NA	NA	NA	NA	NA	NA	NA	NA	NA	NA	NA	NA	NA	NA	NA	NA	NA	NA
30727	NA	Vilina pećina, Podi (09-044)	42.55457	18.66236	NA	NA	MNE	NA	NA	2015-10-30	NA	NA	NA	NA	Terrestrial	Cave	NA	NA	Troglohyphantes troglodytes	NA	species	Linyphiidae	Troglohyphantes	troglodytes	NA	NA	NA	Martina Pavlek	5	NA	NA	NA	NA	NA	Croatian Biospeleological Society, Zagreb, Croatia (CBSS)	NA	NA	NA	NA	NA	NA	NA	NA	NA	NA	NA	NA
30729	NA	Vilina pećina, Podi (09-044)	42.55457	18.66236	NA	NA	MNE	NA	NA	2015-10-30	NA	NA	NA	NA	Terrestrial	Cave	NA	NA	Troglohyphantes troglodytes	NA	species	Linyphiidae	Troglohyphantes	troglodytes	NA	NA	NA	Martina Pavlek	5	NA	NA	NA	NA	NA	Croatian Biospeleological Society, Zagreb, Croatia (CBSS)	NA	NA	NA	NA	NA	NA	NA	NA	NA	NA	NA	NA
30770	NA	Vilina pećina, Podi (09-044)	42.55457	18.66236	NA	NA	MNE	NA	NA	NA	NA	NA	NA	NA	Terrestrial	Cave	NA	NA	Troglohyphantes troglodytes	NA	species	Linyphiidae	Troglohyphantes	troglodytes	NA	NA	NA	NA	NA	NA	NA	NA	NA	NA	NA	NA	NA	NA	NA	NA	NA	NA	NA	NA	NA	NA	NA
30780	NA	Vilina pećina, Podi (09-044)	42.55457	18.66236	NA	NA	MNE	NA	NA	NA	NA	NA	NA	NA	Terrestrial	Cave	NA	NA	Troglohyphantes troglodytes	NA	species	Linyphiidae	Troglohyphantes	troglodytes	NA	NA	NA	NA	NA	NA	NA	NA	NA	NA	NA	NA	NA	NA	NA	NA	NA	NA	NA	NA	NA	NA	NA
30785	NA	Vilina pećina, Podi (09-044)	42.55457	18.66236	NA	NA	MNE	NA	NA	2015-10-30	NA	NA	NA	NA	Terrestrial	Cave	NA	NA	Troglohyphantes troglodytes	NA	species	Linyphiidae	Troglohyphantes	troglodytes	NA	NA	NA	Martina Pavlek	1	NA	NA	NA	NA	NA	Croatian Biospeleological Society, Zagreb, Croatia (CBSS)	NA	NA	NA	NA	NA	NA	NA	NA	NA	NA	NA	NA
559	NA	Vilina pećina, Podi (09-044)	42.55457	18.66236	NA	NA	MNE	Dragalj	NA	NA	NA	NA	NA	NA	Terrestrial	Cave	NA	NA	Kryptonesticus arenstorffi	NA	species	Nesticidae	Kryptonesticus	arenstorffi	NA	NA	NA	NA	NA	NA	NA	NA	NA	NA	NA	NA	NA	NA	NA	NA	NA	NA	NA	NA	NA	NA	NA
867	NA	Vilina pećina, Podi (09-044)	42.55457	18.66236	NA	NA	MNE	Dragalj	NA	NA	NA	NA	NA	NA	Terrestrial	Cave	NA	NA	Tegenaria bayeri	NA	species	Agelenidae	Tegenaria	bayeri	NA	NA	NA	NA	NA	NA	NA	NA	NA	NA	NA	NA	NA	NA	NA	NA	NA	NA	NA	NA	NA	NA	NA
22099	NA	Vilina pećina, Podi (09-044)	42.55457	18.66236	NA	NA	MNE	Dragalj	NA	NA	NA	NA	NA	NA	Terrestrial	Cave	NA	NA	Stalitella noseki	NA	species	Dysderidae	Stalitella	noseki	NA	NA	NA	NA	NA	NA	NA	NA	NA	NA	NA	NA	NA	NA	NA	NA	NA	NA	NA	NA	NA	NA	NA
29875	NA	Vilina pećina, Podi (09-044)	42.55457	18.66236	NA	NA	MNE	Dragalj	NA	NA	NA	NA	NA	NA	Terrestrial	Cave	NA	NA	Centromerus subcaecus	NA	species	Linyphiidae	Centromerus	subcaecus	NA	NA	NA	NA	NA	NA	NA	NA	NA	NA	NA	NA	NA	NA	NA	NA	NA	NA	NA	NA	NA	NA	NA
30784	NA	Vilina pećina, Podi (09-044)	42.55457	18.66236	NA	NA	MNE	Dragalj	NA	NA	NA	NA	NA	NA	Terrestrial	Cave	NA	NA	Troglohyphantes troglodytes	NA	species	Linyphiidae	Troglohyphantes	troglodytes	NA	NA	NA	NA	NA	NA	NA	NA	NA	NA	NA	NA	NA	NA	NA	NA	NA	NA	NA	NA	NA	NA	NA
23942	NA	Vodena pećina	44.63144	15.73246	NA	NA	HRV	NA	NA	1966-07-17	NA	NA	NA	NA	Terrestrial	Cave	NA	NA	Stalita pretneri	NA	species	Dysderidae	Stalita	pretneri	NA	NA	NA	NA	NA	NA	NA	NA	NA	NA	NA	NA	NA	NA	NA	NA	NA	NA	NA	NA	NA	NA	NA
10356	NA	Vučja pećina (Vrbanje)	42.71598	18.32597	NA	NA	BIH	NA	NA	2007-01-27	NA	NA	NA	NA	Terrestrial	Cave	NA	NA	Stalagtia hercegovinensis	NA	species	Dysderidae	Stalagtia	hercegovinensis	NA	NA	NA	Nikola Pischiutta	2	NA	NA	NA	NA	NA	Croatian Biospeleological Society, Zagreb, Croatia (CBSS)	NA	NA	NA	NA	NA	NA	NA	NA	NA	NA	NA	NA
26176	NA	Vučja pećina (Vrbanje)	42.71598	18.32597	NA	NA	BIH	NA	NA	2007-01-27	NA	NA	NA	NA	Terrestrial	Cave	NA	NA	Stygopholcus skotophilus	NA	species	Pholcidae	Stygopholcus	skotophilus	NA	NA	NA	Martina Pavlek	2	NA	NA	NA	NA	NA	Croatian Biospeleological Society, Zagreb, Croatia (CBSS)	NA	NA	NA	NA	NA	NA	NA	NA	NA	NA	NA	NA
26177	NA	Vučja pećina (Vrbanje)	42.71598	18.32597	NA	NA	BIH	NA	NA	2007-01-27	NA	NA	NA	NA	Terrestrial	Cave	NA	NA	Stygopholcus skotophilus	NA	species	Pholcidae	Stygopholcus	skotophilus	NA	NA	NA	Bernhard Huber	2	NA	NA	NA	NA	NA	Croatian Biospeleological Society, Zagreb, Croatia (CBSS)	NA	NA	NA	NA	NA	NA	NA	NA	NA	NA	NA	NA
26182	NA	Vučja pećina (Vrbanje)	42.71598	18.32597	NA	NA	BIH	NA	NA	2014-12-06	NA	NA	NA	NA	Terrestrial	Cave	NA	NA	Stygopholcus skotophilus	NA	species	Pholcidae	Stygopholcus	skotophilus	NA	NA	NA	Martina Pavlek	6	NA	NA	NA	NA	NA	Croatian Biospeleological Society, Zagreb, Croatia (CBSS)	NA	NA	NA	NA	NA	NA	NA	NA	NA	NA	NA	NA
26349	NA	Vučja pećina (Vrbanje)	42.71598	18.32597	NA	NA	BIH	NA	NA	2012-04-03	NA	NA	NA	NA	Terrestrial	Cave	NA	NA	Stalagtia sp.	TRUE	genus	Dysderidae	Stalagtia	sp.	NA	NA	NA	Martina Pavlek	2	NA	NA	NA	NA	NA	Croatian Biospeleological Society, Zagreb, Croatia (CBSS)	NA	NA	NA	NA	NA	NA	NA	NA	NA	NA	NA	NA
29004	NA	Vučja pećina (Vrbanje)	42.71598	18.32597	NA	NA	BIH	NA	NA	2007-01-27	NA	NA	NA	NA	Terrestrial	Cave	NA	NA	Palliduphantes spelaeorum	NA	species	Linyphiidae	Palliduphantes	spelaeorum	NA	NA	NA	Martina Pavlek	2	NA	NA	NA	NA	NA	Croatian Biospeleological Society, Zagreb, Croatia (CBSS)	NA	NA	NA	NA	NA	NA	NA	NA	NA	NA	NA	NA
29008	NA	Vučja pećina (Vrbanje)	42.71598	18.32597	NA	NA	BIH	NA	NA	2014-12-06	NA	NA	NA	NA	Terrestrial	Cave	NA	NA	Palliduphantes spelaeorum	NA	species	Linyphiidae	Palliduphantes	spelaeorum	NA	NA	NA	Martina Pavlek	5	NA	NA	NA	NA	NA	Croatian Biospeleological Society, Zagreb, Croatia (CBSS)	NA	NA	NA	NA	NA	NA	NA	NA	NA	NA	NA	NA
29009	NA	Vučja pećina (Vrbanje)	42.71598	18.32597	NA	NA	BIH	NA	NA	2014-12-06	NA	NA	NA	NA	Terrestrial	Cave	NA	NA	Palliduphantes spelaeorum	NA	species	Linyphiidae	Palliduphantes	spelaeorum	NA	NA	NA	Martina Pavlek	3	NA	NA	NA	NA	NA	Croatian Biospeleological Society, Zagreb, Croatia (CBSS)	NA	NA	NA	NA	NA	NA	NA	NA	NA	NA	NA	NA
30734	NA	Vučja pećina (Vrbanje)	42.71598	18.32597	NA	NA	MNE	NA	NA	1911-07-12	NA	NA	NA	NA	Terrestrial	Cave	NA	NA	Troglohyphantes troglodytes	NA	species	Linyphiidae	Troglohyphantes	troglodytes	NA	NA	NA	NA	1	NA	NA	NA	NA	NA	NA	NA	NA	NA	NA	NA	NA	NA	NA	NA	NA	NA	NA
30782	NA	Vučja pećina (Vrbanje)	42.71598	18.32597	NA	NA	MNE	NA	NA	NA	NA	NA	NA	NA	Terrestrial	Cave	NA	NA	Troglohyphantes troglodytes	NA	species	Linyphiidae	Troglohyphantes	troglodytes	NA	NA	NA	NA	NA	NA	NA	NA	NA	NA	NA	NA	NA	NA	NA	NA	NA	NA	NA	NA	NA	NA	NA
24353	NA	Zakros, Katsimbourdou Cave	35.09703	26.26224	NA	NA	GRC	Lasithiou	NA	NA	NA	NA	NA	NA	Terrestrial	Cave	NA	NA	Loxosceles rufescens	NA	species	Sicariidae	Loxosceles	rufescens	NA	NA	NA	NA	NA	NA	NA	NA	NA	NA	NA	NA	NA	NA	NA	NA	NA	NA	NA	NA	NA	NA	NA
21744	NA	Zakros, Katsimbourdou Cave	35.09703	26.26224	NA	NA	GRC	Lasithiou	NA	NA	NA	NA	NA	NA	Terrestrial	Cave	NA	NA	Hoplopholcus minotaurinus	NA	species	Pholcidae	Hoplopholcus	minotaurinus	NA	NA	NA	NA	NA	NA	NA	NA	NA	NA	NA	NA	NA	NA	NA	NA	NA	NA	NA	NA	NA	NA	NA
